email,company,website,city,state,profession
bettyjean@rapacpas.com,"Roberson & Associates PA",http://www.rapacpas.com,Apalachicola,Florida,"Chartered accountant"
office@budguilfordcpa.com,"Frank Bud Guilford Jr CPA",http://www.budguilfordcpa.com,Blountstown,Florida,Accountant
info@ingramaccounting.com,"Ingram Accounting & Consulting",http://ingramaccounting.com,Tallahassee,Florida,"Tax Service"
greg@frenchandfrench.com,"Rehberg Leroy C Cpa - French & French Pa",http://www.frenchandfrench.com,"Lynn Haven",Florida,Accountant
rosteen@rgocpa.com,"Professional Medical Billing",http://www.rgocpa.com,Bartow,Florida,Accountant
epetardicpa@verizon.net,"Rod M Surrency & Co: Slee Karen T CPA",http://emilpetardicpa.com,"Winter Haven",Florida,"Chartered accountant"
les@moorecpa.net,"Moore & Associates CPAs",http://www.moorecpa.net,"Winter Haven",Florida,"Chartered accountant"
raverett@srwrightcpa.com,"S.R. Wright & Company P.A.",http://www.srwrightcpa.com,"Winter Haven",Florida,Accountant
tejcpa@gate.net,"Thomas E Jennings & Co",http://tejcpa.com,"Winter Haven",Florida,"Tax preparation service"
michele.nelson@mnelsoncpa.com,"Michele a Bourcy Nelson CPA PA",http://www.mnelsoncpa.com,Lakeland,Florida,"Chartered accountant"
lara@davidramoscpa.net,"David R. Ramos CPA",http://www.davidramoscpa.com,Lakeland,Florida,"Chartered accountant"
contact@brintonfairchild.com,"Brinton Fairchild",http://www.brintonfairchild.com,Lakeland,Florida,Accountant
connie@chaunceycpa.com,"John N Peronto CPA",http://www.chaunceycpa.com,Lakeland,Florida,Accountant
info@parrishcpas.com,"Parrish & Parrish CPAs",http://www.parrishfinancial.com,Lakeland,Florida,"Tax preparation service"
info@1stclass-bookkeeping.com,"1st Class Bookkeeping.",http://www.1stclass-bookkeeping.com,Lakeland,Florida,Accountant
linda@advantage.cpa,"Accounting Advantage",http://aacpausa.com,"Lake Worth",Florida,"Chartered accountant"
heather@rodmoecpa.com,"Roderick C Moe CPA PA",http://www.rodmoecpa.com,"Lake Worth",Florida,"Chartered accountant"
help@countingworkspro.com,"L Frances Stone CPA",http://www.stoneparkercpa.com,"Palm Harbor",Florida,"Chartered accountant"
stephanie@dbrookscpa.com,"D. Brooks and Associates",http://www.dbrookscpa.com,"Palm Beach Gardens",Florida,"Accounting firm"
tom@mcnultycpa.com,"Thomas McNulty CPA",http://www.mcnultycpa.com,Jupiter,Florida,"Tax preparation service"
ramzan@rallycpa.com,"Tax Services page. Rally CPA LLC",http://www.rallycpa.com,"Lake Worth",Florida,Accountant
info@cgsaccounting.com,"CGS Accounting Service LLC",http://www.cgsaccounting.com,"Coral Springs",Florida,"Accounting firm"
marc@friedmanaccounting.com,"Friedman Accounting Inc.",http://www.friedmanaccounting.com,Parkland,Florida,Accountant
john@jjonescpa.com,"John Andrew Jones CPA",http://www.jjonescpa.com,"Palm Beach Gardens",Florida,"Chartered accountant"
daniel@coynecpa.com,"Coyne CPA",http://www.coynecpa.com,"Coral Springs",Florida,"Chartered accountant"
mzachary@zacharyfinancialconsultants.com,"Mitchell R. Zachary",http://mitchellzacharycpa.com,"Palm Beach Gardens",Florida,Accountant
jsanders3162@att.net,"Long Rober E",http://www.completesiteinteractive.com,"Pompano Beach",Florida,"Tax preparation service"
info@johnpmillercpa.com,"John P. Miller CPA PA",http://johnpmillercpa.com,"Boca Raton",Florida,"Chartered accountant"
info@zuckerforensics.com,"Zucker Forensics",http://zuckerforensics.com,"Boca Raton",Florida,Accountant
humberto@ruizandcompany.com,"Ruiz & Company",http://www.ruizandcompany.com,"Boca Raton",Florida,Accountant
cpa@bocaratontaxcpa.com,"John Folson CPA LLC",http://www.bocaratontaxcpa.com,"Boca Raton",Florida,"Chartered accountant"
info@mitchelltaylorcpa.com,"Mitchell Taylor CPA PA",http://www.mitchelltaylorcpa.com,"Boca Raton",Florida,Accountant
ruth@elitebookkeepingandofficesolutions.com,"Boca Palm Accounting",http://www.elitebookkeepingandofficesolutions.com,"Boca Raton",Florida,"Accounting firm"
job@kwalandoliva.com,"Kwal & Oliva",http://kwalandoliva.com,"Boca Raton",Florida,"Chartered accountant"
info@blakesbergcpas.com,"Blakesberg & Co",http://www.blakesbergcpas.com,"Boca Raton",Florida,"Chartered accountant"
jay@reedcpafirm.com,"Reed & Co",http://www.reedcpafirm.com,"Boca Raton",Florida,Accountant
concetta@lupardocpa.com,"Concetta R Lupardo CPA Pa",http://www.lupardocpa.com,"Boca Raton",Florida,Accountant
sofia@accuratepracticalaccounting.com,"Accurate & Practical Acctng",http://www.accuratepracticalaccounting.com,"Boca Raton",Florida,Accountant
info@ponczekcpa.com,"George R Ponczek CPA PA",http://www.ponczekcpa.com,"Boca Raton",Florida,Accountant
warren@marmorsteinfinancialgroup.com,"Marmorstein Wealth Management - Financial Advisor in Boca Raton",http://www.marmorsteinwealthmanagement.com,"Boca Raton",Florida,"Financial Advisor"
aneumark@markspaneth.com,"Marks Paneth LLP",http://www.markspaneth.com,"Boca Raton",Florida,"Accounting firm"
info@asofcpa.com,"Accounting Services of Florida Inc.",http://www.asofcpa.com,"Boca Raton",Florida,"Accounting firm"
info@aspatelcpa.com,"Amish S Patel CPA PA",http://www.aspatelcpa.com,"Boca Raton",Florida,Accountant
centralfl@stevericecpa.com,"Steve Rice CPA Inc.",http://stevericecpa.com,"Boca Raton",Florida,"Tax preparation service"
info@colemanandwaterscpa.com,"Coleman & Waters",http://www.colemanandwaterscpa.com,"Boca Raton",Florida,"Tax preparation service"
rj@jansenaccounting.com,"Jansen Accounting LLC",http://www.jansenaccounting.com,"Boca Raton",Florida,"Tax preparation service"
dougc@account-it.net,"Account-it consulting services",http://www.account-it.net,"Boca Raton",Florida,Accountant
ari@jdgilbert.com,"Gilbert J D & Company CPA",http://www.jdgilbert.com,"Deerfield Beach",Florida,"Chartered accountant"
info@boca-raton-accountant.com,"Boca Raton Accountant Barry Bandler",http://www.boca-raton-accountant.com,"Boca Raton",Florida,"Tax preparation service"
matt@mbcpatax.com,"Matthew Blumberg CPA PLLC",http://www.mbcpatax.com,"Boca Raton",Florida,"Accounting firm"
bgoldenberg@grgcpa.com,"Gerstle Rosen & Goldenberg",http://www.grgcpa.com,"Boca Raton",Florida,"Tax preparation service"
atendimento@primeincometax.net,"Prime Income Tax and Accounting LLC",http://www.primeincometax.net,"Boca Raton",Florida,"Tax preparation service"
info@southflorida-cpa.com,"Jennifer R. Smith P.A.",http://www.southflorida-cpa.com,"Boca Raton",Florida,Accountant
kalonso@alonsocpa.com,"Alonso Kathy CPA",http://www.alonsocpa.com,"Deerfield Beach",Florida,Accountant
diane@reitanocpa.com,"Anthony J Reitano CPA LLC",http://www.reitanocpa.com,"Boca Raton",Florida,Accountant
timucin@businesstaxandpayrollservices.com,"Business Tax and Payroll Services Inc.",http://new.businesstaxandpayrollservices.com,"Boca Raton",Florida,"Tax Advisor"
info@murrayjosephson.com,"Murray & Josephson",http://mujocpas.com,"Boca Raton",Florida,Accountant
cs@linartbusinessservices.com,"Linart Business Services Inc",http://www.linartbusinessservices.com,"Boca Raton",Florida,Accountant
mildred@siegelaub.com,"Siegelaub Rosenberg P.A.",http://cpaaccountingtaxservice.com,"Boca Raton",Florida,"Accounting firm"
alex@countingworks.com,"EFP Tax Preparation and Accounting Services",http://www.clemmonstaxconsultants.com,Orlando,Florida,"Accounting firm"
info@pricesflcpa.com,"Steven E Price CPA",http://pricesflcpa.com,"Deerfield Beach",Florida,Accountant
office@maqtax.net,"Susan D Murray MBA",http://maqtax.net,"Deerfield Beach",Florida,Accountant
office@jimgaycpa.com,"Jim Gay CPA",http://www.jimgaycpa.com,Bradenton,Florida,"Chartered accountant"
bob@ameracct.com,"American Accounting Services",http://www.ameracct.com,Bradenton,Florida,Accountant
gina@clearviewbookkeeping.com,"ClearView Accounting Solutions",http://www.clearviewbookkeeping.com,Bradenton,Florida,"Bookkeeping service"
barrington.demers@cgg-cpa.com,"Cablish & Gentile CPAs LLC",http://www.cgg-cpa.com,Bradenton,Florida,"Chartered accountant"
office@aaabookkeeping.net,"Norris CPA & Associates",http://jfsi-fl.com,BRADENTON,Florida,"Chartered accountant"
info@jonmoorecpa.com,"Jon Moore CPA",http://jonmoorecpa.com,Bradenton,Florida,"Chartered accountant"
dave@cozzetteaccounting.com,"Cozzette Accounting Corporation",http://www.cozzetteaccounting.com,Bradenton,Florida,Accountant
info@braxtonandholway.com,"Braxton & Holway",http://www.braxtonandholway.com,Bradenton,Florida,Accountant
bill@fltaxaccountant.com,"Kraujalis Lawrence A CPA",http://www.fltaxaccountant.com,Bradenton,Florida,Accountant
firm@cpaservices.us,"Hynton a Robert CPA",http://www.cpaservices.us,Bradenton,Florida,Accountant
ellen@taxchick.com,"Ellen Binen-Milbrod CPA",http://www.taxchick.com,Bradenton,Florida,Accountant
info@payrollusaweb.com,"Employers Pay-Care Services Inc",http://www.pay-care.com,Bradenton,Florida,Accountant
shelby.craddock@famiglio.com,"Famiglio & Associates - CPA Firm",http://www.famiglio.com,Sarasota,Florida,Accountant
info1@jrmcbookkeepingservices.com,"JRMC Associates LLC",http://jrmcbookkeepingservices.com,"Longboat Key",Florida,"Bookkeeping service"
asabella@lbscpas.com,"John Michael Smith CPA PA",http://www.jmsmithcpa.net,Sarasota,Florida,Accountant
mwalter@manateecpa.com,"Walter & Associates CPAs",http://www.islandcpaservices.com,"Holmes Beach",Florida,"Tax preparation service"
angie@cpafinancialsolutions.com,"CPA Financial Solutions",http://www.cpafinancialsolutions.com,Sarasota,Florida,"Financial Advisor"
barbara@wright-tax.com,"Wright Accounting Inc",http://www.wright-tax.com,Sarasota,Florida,"Tax preparation service"
marina@koontzparkin.com,"Koontz & Parkin CPAs",http://www.koontzparkin.com,Sarasota,Florida,"Chartered accountant"
bwohlwend@wohlwend-cpa.com,"Allen C. Wohlwend CPA P.A.",http://www.wohlwend-cpa.com,"St. Petersburg",Florida,Accountant
info@shinnandcompany.com,"Shinn & Co",http://shinnandcompany.com,Sarasota,Florida,"Chartered accountant"
alhaabcpa@haab.us,"Albert A Haab CPA EA",http://alhaabcpa.haab.us,Sarasota,Florida,"Tax preparation"
info@donnercpa.com,"Donner & Company CPA PA",http://donnercpa.com,"Cape Coral",Florida,"Chartered accountant"
dee@cnwcpa.com,"Constantino Nelson & Werline CPA Firm",http://cnwcpa.com,"Cape Coral",Florida,"Chartered accountant"
tony@cnwcpa.com,"Kevin M Burns Associates PA",http://kmbcpa.com,"Cape Coral",Florida,Accountant
david@dcarrcpa.com,"David P Carr PA",http://www.dcarrcpa.com,"Cape Coral",Florida,"Chartered accountant"
mike@billburgaccounting.com,"Billburg Accounting Inc",http://www.billburgaccounting.com,"Cape Coral",Florida,"Accounting firm"
traci@aandjaccounting.net,"R & R Accounting",http://www.aandjaccounting.net,"Cape Coral",Florida,"Tax preparation service"
cat@dillcat.com,"June A Zeller Pa",http://www.dillcat.com,"Cape Coral",Florida,Accountant
taxes@att.net,"Taxtown Inc",http://www.taxtownusa.com,"Cape Coral",Florida,"Tax preparation service"
lucy@ladgatecpa.com,"Lucille S Adgate CPA PA",http://www.ladgatecpa.com,"Fort Myers",Florida,Accountant
ron@hueyproductions.com,"Rothrock Law Firm PL",http://www.ndtservices.com,"Cape Coral",Florida,"Law firm"
tracy@straightenupinc.com,"Accounting Solutions of SWFL",http://www.straightenupinc.com,"Fort Myers",Florida,Accountant
jefft@tuscancpa.com,"Tuscan & Company PA",http://www.tuscancpa.com,"Fort Myers",Florida,Accountant
info@naplesflcpa.com,"Shawn M. Williams CPA LLC",http://www.naplesflcpa.com,"Fort Myers",Florida,"Chartered accountant"
sue@greatoakcpa.com,"Great Oak CPA",http://www.greatoakcpa.com,"Fort Myers",Florida,Accountant
todd.mcgee@mcgee-cpa.com,"McGee-CPA PL",http://www.mcgee-cpa.com,"Fort Myers",Florida,"Chartered accountant"
info@nu-ideellc.com,"Nu-IDee Bookkeeping & Tax Services",http://nu-ideellc.com,"Cape Coral",Florida,"Bookkeeping service"
chris@cindydcpa.com,"Cindy DArtgnan CPA LLC",http://www.cindydcpa.com,"Fort Myers",Florida,Accountant
jrieder@wm-cpa.com,"Wouch Maloney & Co",http://wm-cpa.com,"Fort Myers",Florida,Accountant
info@griffinaccounting.net,"Griffin Accounting",http://www.griffinaccounting.net,"North Fort Myers",Florida,"Accounting firm"
ivan@rollmanntax.com,"Patrick W Rollmann EA",http://rollmanntax.com,Sanibel,Florida,"Accounting firm"
mail@ssiats.com,"Accounting & Tax Service",http://ssiats.com,"Fort Myers",Florida,Accountant
staff@cpafla.net,"Linda Jenkins CPA PA",http://www.cpafla.net,Clearwater,Florida,"Tax preparation service"
lou@lhaskelcpa.com,"Louis Haskel CPA PA",http://www.lhaskelcpa.com,Clearwater,Florida,Accountant
info@widgetcpa.com,"Widget Bookkeeping and Tax P.A.",http://www.widgetcpa.com,Clearwater,Florida,"Chartered accountant"
chip@smithfreeman.com,"Smith & Freeman CPA",http://www.smithfreeman.com,Clearwater,Florida,Accounting
info@scottrsawacpa.com,"Scott R Sawa CPA PA",http://www.scottrsawacpa.com,Clearwater,Florida,Accountant
cjodonnell@cjodcpa.com,"Charles J. ODonnell CPA",http://www.cjodcpa.com,Clearwater,Florida,"Chartered accountant"
info@mccarthyaccounting.us,"McCarthy Accounting & Taxes",http://mccarthyaccounting.us,Clearwater,Florida,"Accounting firm"
ian@thetaware.co.za,"Torchlight Tax and Financial Solutions",http://www.torchlighttax.com,Clearwater,Florida,"Tax preparation service"
sherry.miller@verizon.net,"Folsom Accounting Services",http://www.folsomaccounting.com,Dunedin,Florida,Accountant
shannon@tfa1120.com,"Tax & Financial Advisors Inc",http://www.tfa1120.com,Clearwater,Florida,"Tax preparation service"
info@superiorims.com,"William Dykstra Tax & Accounting",http://www.superiorims.com,Largo,Florida,"Tax preparation service"
tcoa.canton.oh@tcoa.net,"Tax Centers of America",http://tcoa.net,Clearwater,Florida,"Tax preparation service"
alton@catescpa.com,"Alton K. Cates Jr. CPA P.A.",http://catescpa.com,Tampa,Florida,Accountant
ken@taxsolutionsplus.com,"Tax Solutions Plus",http://www.taxsolutionsplus.com,Clearwater,Florida,"Tax preparation service"
melissa@cpapartnersllc.com,"CPA Partners LLC",http://www.cpapartnersllc.com,Seminole,Florida,"Chartered accountant"
corporate@accountingnow.com,"Accounting Now",http://www.accountingnow.com,"St. Petersburg",Florida,Accountant
amy@bryanfinancialsvcs.com,"Bryan Financial Services",http://www.bryanfinancialsvcs.com,Clearwater,Florida,Accountant
feedback@8x8.com,"Associated Tax Services LLC",http://www.taxhelpforyou.org,Clearwater,Florida,"Tax preparation service"
fspielberger@suncoastcpas.com,"Hurd Hawkins Meyers Radosevich",http://suncoastcpas.com,Largo,Florida,Accountant
david@greenfieldaccounting.com,"Greenfield Associates Inc",http://www.greenfieldaccounting.com,Largo,Florida,Accountant
info@steeletax.com,"Steele Tax Inc.",http://www.steeletax.com,Dunedin,Florida,Accountant
moreinfo@tcoa.net,"Tax Centers of America",http://www.taxcentersofamerica.com,Clearwater,Florida,"Tax preparation service"
katie@taylorlockard.com,"Taylor & Lockard CPA",http://www.taylorlockard.com,"Cocoa Beach",Florida,Accountant
kevin@kevinmorristaxprep.com,"Stark Michelle J CPA",http://www.kevinmorristaxprep.com,Cocoa,Florida,Accountant
info@hindscpa.com,"Rhonda L Hinds & Associates CPA PA",http://hindscpa.com,"Merritt Island",Florida,"Chartered accountant"
dms@bagcpa.com,"Brevard Accounting Group CPAs PA",http://www.bagcpa.com,"Merritt Island",Florida,"Financial Advisor"
trina@cpabrevard.com,"Trina W Downey CPA",http://www.cpamelbournefl.com,"Indian Harbour Beach",Florida,Accountant
info@twstowe.com,"Stowe T w CPA",http://www.twstowe.com,"Merritt Island",Florida,Accountant
diana@dianacraigllc.com,"Diana Craig LLC",http://dianacraigllc.com,Cocoa,Florida,"Bookkeeping service"
tina@raskinshahcpa.com,"Raskin Shah PA",http://raskinshahcpa.com,Titusville,Florida,"Chartered accountant"
jillian@whittaker-cooper.com,"Whittaker Cooper Financial Group",http://www.whittaker-cooper.com,Melbourne,Florida,"Chartered accountant"
tim@tdeancpa.com,"Timothy W. Dean CPA P.L.",http://www.tdeancpa.com,"Vero Beach",Florida,"Chartered accountant"
candygrahamacctg@bellsouth.net,"Candy Grahams Accounting & Tax Services Inc",http://candygrahamaccountingtax.com,Melbourne,Florida,Accountant
sunshineacct@bellsouth.net,"Sunshine Accounting Bookkeep",http://sunshineaccounting.org,Titusville,Florida,"Tax preparation service"
rob@mottycpa.com,"Motty CPA & Wealth Management",http://www.mottycpa.com,Viera,Florida,"Chartered accountant"
cpa@robertsgroupcpa.com,"Roberts Group CPA LLC",http://robertsgroupcpa.com,Melbourne,Florida,"Chartered accountant"
bill@wajcpa.com,"William A Jackson & Company",http://www.wajcpa.com,Melbourne,Florida,"Tax preparation service"
info@samlut.com,"Samlut & Co",http://www.samlut.com,"Coral Gables",Florida,Accounting
jorge@delahozcpa.com,"De La Hoz Pérez & Barbeito CPA",http://www.dpbcpa.com,"Coral Gables",Florida,Accountant
info@nazurcpa.com,"Nazur & Associates P.A.",http://www.nazurcpa.com,"Coral Gables",Florida,"Certified public accountant"
info@paulgarciacpa.com,"Garcia Paul a CPA",http://www.paulgarciacpa.com,"Coral Gables",Florida,"Chartered accountant"
cruiz@ruiztax.com,"Ruiz Tax and Accounting Services",http://ruiztax.com,"Coral Gables",Florida,Accountant
info@colbertboue.com,"Colbert Boue & Associates LLP",http://www.colbertboue.com,"Coral Gables",Florida,"Chartered accountant"
info@mlbrowncpa.com,"Michael L Brown CPA PA",http://www.mlbrowncpa.com,"Coral Gables",Florida,Accountant
michael@sfmia.com,"Sachs Diaz & Diaz P.L.",http://www.sachsdiazdiaz.com,"Coral Gables",Florida,"Chartered accountant"
sandracpa@ciola.net,"Ciola & Associates CPA PA",http://ciolacpa.com,"Coral Gables",Florida,"Chartered accountant"
ana@fajardocpa.com,"Fajardo & Associates LLC - Coral Gables",http://www.fajardoandassociates.com,"Coral Gables",Florida,Accountant
support@web904.com,"M&S Accounting PA",http://msaccountingmiami.com,"Coral Gables",Florida,Accountant
apolanco@lopezpartners.com,"Lopez & Partners PA",http://www.lopezpartners.com,"Coral Gables",Florida,Accounting
rmercado@forsheelockwood.com,"Forshee & Lockwood PA",http://www.forsheelockwood.com,"Coral Gables",Florida,Accountant
taxmaster@bellsouth.net,"Elvira Acosta Enrolled Agent Inc.",http://www.taxmaster1.com,"Coral Gables",Florida,"Tax preparation"
carmen@bookkeepingmiami.com,"Accounting Express Ent Inc",http://www.bookkeepingmiami.com,"Coral Gables",Florida,Accountant
jjackson@swkj-cpa.com,"Diaz Luis E CPA",http://www.swkj-cpa.com,"Coral Gables",Florida,"Chartered accountant"
amendoza@sglpa.com,"Stewart G. Liebling P.A.",http://sglpa.com,"Coral Gables",Florida,"Chartered accountant"
mercy@mercysmcpa.com,"San Miguel Mercedes A CPA",http://mercysmcpa.com,"Coral Gables",Florida,Accountant
paula@acbotax.com,ACBOTAXCORP,http://www.acbotax.com,"Coral Gables",Florida,"Accounting firm"
assistant@delarosacpafirm.com,"Teresa De La Rosa C.P.A",http://delarosacpafirm.com,"Coral Gables",Florida,"Accounting firm"
rmillares@millares.net,Millares,http://www.millares.net,"Coral Gables",Florida,Accountant
info@floridacpa.com,"Hernandez & Company",http://www.hernandezandcompany.com,"Coral Gables",Florida,"Chartered accountant"
info@marcumllp.com,"Irving L Goldstein CPA",http://www.goldsteinpoole.com,"Fort Lauderdale",Florida,"Chartered accountant"
doug@martinassociatespl.com,"Martin & Associates PL",http://www.martinassociatespl.com,"Daytona Beach",Florida,Accountant
bwhite@bkacpa.com,"Bolerjack Halsema Bowling & White PA",http://www.bkacpa.com,"Daytona Beach",Florida,Accountant
mike@mjdcpas.com,"Lawrence Cross Accountant",http://michaelduranceaucpa.com,"Daytona Beach",Florida,"Tax preparation service"
info@bmjcpa.com,"Madewell Batten CPA",http://www.battenmadewellcpa.com,"Daytona Beach",Florida,"Accounting firm"
michael@michaelstarcpa.com,"Michael D Star PA CPA",http://www.michaelstarcpa.com,"Daytona Beach Shores",Florida,"Chartered accountant"
snappi@rljcpas.com,"Johnson Eubank & Co",http://www.rljcpas.com,"Daytona Beach",Florida,Accountant
john@jjmulhallcpa.com,"John Mulhall CPA",http://jjmulhallcpa.com,"Daytona Beach",Florida,"Investment company"
rthompson@wclarkcpas.com,"W Clark & Associates LLC",http://www.wclarkcpas.com,"Daytona Beach",Florida,"Chartered accountant"
info@pinnaclesignature.com,"DuPont Financial Services Inc.",http://www.dupontfinancial.com,"Port Orange",Florida,"Tax preparation service"
info@olivaricpa.com,"Olivari & Associates CPA",http://www.olivaricpa.com,"Ormond Beach",Florida,"Chartered accountant"
laura@turnstoneconsulting.net,"Turnstone Consulting",http://www.turnstoneconsulting.net,"Holly Hill",Florida,"Chartered accountant"
richardc@camputaro.com,"Camputaro and Associates PA",http://www.camputaro.com,"Ormond Beach",Florida,"Chartered accountant"
ana@aproctorcpa.com,"Ana Proctor CPA",http://www.aproctorcpa.com,"Port Orange",Florida,"Chartered accountant"
kally@wwcocpa.com,"Wing Weber & Co. PL",http://www.wwcocpa.com,"Ormond Beach",Florida,"Chartered accountant"
gwen@ledgerplusonline.com,"Ledger Plus",http://www.ledgerplusonline.com,"Port Orange",Florida,"Chartered accountant"
cpa@shelleyandshelleycpa.com,"Shelley & Shelley CPA",http://shelleyandshelleycpa.com,"Port Orange",Florida,"Chartered accountant"
fran@4thegreenegroup.com,"The Greene Group PA (Registered Tax Preparers)",http://4thegreenegroup.com,"Daytona Beach",Florida,"Tax preparation service"
info@sschmidtcpa.com,"Stan Schmidt CPA PA",http://www.sschmidtcpa.com,"Port Orange",Florida,"Tax preparation service"
travis@tperrycpa.com,"Travis Perry PA",http://www.tperrycpa.com,"Ormond Beach",Florida,Accountant
kathyk@mbrok.com,"William F Jennings CPA LLC",http://www.mcfarlinbrokkecpa.com,"Ormond Beach",Florida,Accountant
info@klayercpa.com,"Klayer and Associates Inc.",http://www.klayercpa.com,"Ormond Beach",Florida,"Accounting firm"
bcs@businesscontrolservice.net,"Business Control Service Inc",http://www.businesscontrolservice.net,"Port Orange",Florida,Accounting
tsanders@brokersifs.com,"Tom Massebeau",http://www.compassfinancial.us,"Ormond Beach",Florida,"Financial Advisor"
info@virtualbooksolutionsllc.com,"Moore Knowledge Group",http://www.virtualbooksolutionsllc.com,"Port Orange",Florida,"Bookkeeping service"
pascarellam@stifel.com,Stifel,http://www.stifel.com,"Daytona Beach",Florida,"Investment service"
info@valortax.com,"Valor Tax Service",http://www.valortax.com,"South Daytona",Florida,Accountant
info@focus9enterprises.com,"Focus 9 Enterprises",http://www.focus9enterprises.com,"Daytona Beach",Florida,"Tax preparation service"
inquiries@kevco.tv,Kevco,http://www.kevco.tv,"Daytona Beach",Florida,"Tax preparation"
dan.friebis@kyrstin.net,"Friebis & Associates",http://www.kyrstin.net,"Port Orange",Florida,Accountant
info@taxbizcpa.com,"Tax & Business Solutions LLC",http://cortatax.com,"Daytona Beach",Florida,"Tax preparation"
support@quicklinkcs.com,"Quicklink Inc",http://www.quicklinkcs.com,"Ormond Beach",Florida,"Accounting firm"
1040@sstax.us,"Trickey & Kizma Certified Public Accountants",http://sstax.us,DeLand,Florida,"Chartered accountant"
canderson@eassrq.com,"Executive Accounting Solutions",http://executiveaccountingsolutions.com,"Orange City",Florida,Accountant
info@latham-cpa.com,"Lisa Latham CPA PA",http://www.latham-cpa.com,"Orange City",Florida,Accountant
lisa@ascendaf.com,"Ascend Accounting & Forensics Inc.",http://www.ascendaf.com,"Orange City",Florida,"Accounting firm"
elysephillips@bellsouth.net,"Elyse T. Phillips C.P.A P.A.",http://elysetphillips.placeweb.site,Deland,Florida,Accountant
info@centralflmobiletax.com,"Malcolm Johnson & Company",http://www.centralflmobiletax.com,Debary,Florida,Accountant
dlanter@lllfirm.com,"Dicrescenzo & Co Pa",http://www.dicrescenzoandco.com,"Deerfield Beach",Florida,Accountant
martin@tax-wiz.com,"Nebojsic & Associates P.A.",http://cpafirmlighthousepointfl.com,"Lighthouse Point",Florida,"Chartered accountant"
info@crosarazordan.com,CrosaraZordan,http://www.crosarazordan.com,"Boca Raton",Florida,Accountant
jodi@brevdacpas.com,"Brevda & Co",http://www.brevdacpas.com,"Lighthouse Point",Florida,Accountant
nancy@hrcpas.com,"Hinkle Richter & Rhine LLP CPAs (Broward County office)",http://www.hrcpas.com,"Pompano Beach",Florida,Accountant
ktorres@ktorresservices.com,"KTorres Services Corp",http://www.ktorresservices.com,"Deerfield Beach",Florida,"Tax preparation service"
carolvogt@ancoraservices.com,"Ancora Services Inc.",http://ancoraservices.com,"Boca Raton",Florida,Accountant
irwin@ataxpro.net,"Rozen & Associates",http://www.ataxpro.net,"Deerfield Beach",Florida,"Tax preparation service"
info@mstallc.com,"Main Street Accounting LLC",http://www.mstallc.com,"Pompano Beach",Florida,"Chartered accountant"
lwilsman@lizwilsman.com,"Elizabeth A Wilsman CPA",http://www.lizwilsman.com,"Lighthouse Point",Florida,Accountant
info@taxcontroller.com,"Tax Controller Inc",http://www.taxcontroller.com,"Pompano Beach",Florida,"Tax preparation service"
tax@pricedean.com,"PRICE DEAN",http://www.pricedean.com,"Pompano Beach",Florida,"Tax preparation"
john@pciaccounting.com,"Pompano Beach Tax & Accounting Firm",http://www.pciaccounting.com,"Pompano Beach",Florida,Accountant
diane.yendell@lpl.com,"Alpina Tax & Accounting Services LLC",http://alpinatax.com,"Coconut Creek",Florida,"Accounting firm"
contact@assuredtaxes.com,"Assured Accounting & Tax Services",http://assuredtaxes.com,"Lighthouse Point",Florida,Accountant
cpa@southflacpa.com,"Elliot B PA",http://www.southflacpa.com,"Pompano Beach",Florida,Accountant
sharon@webbcpa.com,"William A Webb & Associates",http://www.webbcpa.com,"Pompano Beach",Florida,"Bookkeeping service"
pam@seitzcpa.com,"Seitz CPA LLC",http://www.seitzcpa.com,"Delray Beach",Florida,"Chartered accountant"
rich@richlevensoncpa.com,"Levenson Richard E CPA",http://www.richlevensoncpa.com,"Coconut Creek",Florida,Accountant
glen@gsfgroupcpa.com,"GSF Group LLC",http://www.gsfgroupcpa.com,"Boca Raton",Florida,"Tax preparation service"
eddie@zurawcpa.com,"Zuraw Edward A",http://www.zurawcpa.com,"Delray Beach",Florida,Accountant
info@givengrowcapital.com,"Give N Grow Capital",http://www.givengrowcapital.com,"Deerfield Beach",Florida,"Financial Advisor"
info@boardacg.com,"Board Certified Accounting",http://www.boardcertifiedaccounting.com,"Pompano Beach",Florida,"Tax preparation service"
cwspamer@royandspamer.com,"Roy & Spamer PA",http://www.royandspamer.com,"Delray Beach",Florida,Accountant
info@cpatrust.com,"Vargas & Rivera LLP",http://cpatrust.com,"Delray Beach",Florida,"Chartered accountant"
gino@ptsdelray.com,"Pinnacle Taxx Solutions of Delray Beach Inc.",http://www.ptsdelray.com,"Delray Beach",Florida,"Tax preparation service"
info@taxalphas.com,"Vision Realty & Investments",http://www.taxalphas.com,"Delray Beach",Florida,"Tax preparation service"
mike@fpbsonline.com,"Florida Professional Business Systems",http://fpbsonline.com,"Boynton Beach",Florida,Accountant
alan@almartax.com,"Almar Tax Service",http://www.almartax.com,"Boynton Beach",Florida,Accountant
paulmetz@tax-cpa.com,"Paul Metzkes CPA PA",http://www.tax-cpa.com,"Boynton Beach",Florida,Accountant
david@davidbrovercpa.com,"David R. Brover",http://www.davidbrovercpa.com,"Delray Beach",Florida,"Chartered accountant"
jeff@taxbypa.com,"Pasternack Associates LLC",http://taxbypa.com,"Delray Beach",Florida,"Tax Advisor"
info@iaccountingcorporation.com,iAccounting,http://iaccountingcorporation.com,"Boynton Beach",Florida,"Accounting firm"
rickl@ricklenoblecpa.com,"Rick Lenoble CPA",http://ricklenoblecpa.com,"Boynton Beach",Florida,Accountant
bgallipoli@dporges.com,"Brahm D Levine CPA",http://www.donaldporges.com,"Boynton Beach",Florida,Accountant
joe@farmandcpa.com,"Farmand Mike CPA",http://www.farmandcpa.com,"Fernandina Beach",Florida,Accountant
pierre@coursonstam.com,"Courson & Stam",http://coursonstam.com,"Fernandina Beach",Florida,"Tax preparation service"
billh@hch-cpa.com,"Hood Terry",http://www.hch-cpa.com,"Jacksonville Beach",Florida,Accountant
sara@portnoycpa.com,"Portnoy CPA",http://www.portnoycpa.com,Jacksonville,Florida,Accountant
rogermaurice@rogermauricecpa.com,"Roger Maurice CPA LLC",http://www.rogermauricecpa.com,Jacksonville,Florida,"Tax Advisor"
leanne@garyleecpa.com,"Gary W. Lee CPA",http://www.garyleecpa.com,"Jacksonville Beach",Florida,"Chartered accountant"
richr@rrustcpa.com,"Richard Rust CPA PA",http://rrustcpa.com,"Suite 104",Florida,"Bookkeeping service"
d.crego@debbiesaccountingservice.com,"Debbies Debbie's Accounting",http://debbiesaccountingservice.com,Jacksonville,Florida,Accountant
support@weteak.com,"Weteak Cloud Accounting",http://www.weteak.com,Jacksonville,Florida,Accountant
cpa@spiderware.net,"Patterson Beth CPA",http://bethpattersoncpa.com,Jacksonville,Florida,"Chartered accountant"
mike@farmandcpa.com,"Farmand Mike CPA-Farmand Farmand & Farmand Pa",http://farmandinvestments.com,Jacksonville,Florida,Accountant
info@rudingercpa.com,"Rudinger CPA",http://rudingercpa.com,Jacksonville,Florida,"Chartered accountant"
spicha@pichacpa.com,"Steve R. Picha CPA PA",http://www.pichacpa.com,"Fort Lauderdale",Florida,"Chartered accountant"
rosa@rmccpa1.com,"Rosa M. Cohen CPA.",http://rmccpa1.com,"Fort Lauderdale",Florida,"Chartered accountant"
ramirez@hcoadvisors.com,"Lundy & Shacter PA",http://lssk-cpa.com,"Fort Lauderdale",Florida,Accountant
info@alberthaftcpa.com,"CPA Office",http://alberthaftcpa.com,"Fort Lauderdale",Florida,Accountant
joe@stiefcastro.com,"Stief & Castro CPA’s & Consultants",http://stiefcastro.com,"Fort Lauderdale",Florida,"Chartered accountant"
pfai@bellsouth.net,"Professional Financial Acctng",http://professionalfinancialaccounting.com,"Fort Lauderdale",Florida,Accountant
info@jorcpa.com,"Jorge Ramirez CPA P.A.",http://www.jorcpa.com,"Fort Lauderdale",Florida,Accountant
jayson@osfgrp.com,"Olympic Star Financial",http://www.olympicstarfinancial.com,"Fort Lauderdale",Florida,Accountant
thart@r3accounting.com,"R 3 Accounting LLC",http://r3accounting.com,"Fort Lauderdale",Florida,Accountant
info@leadaccountingpractice.com,"Trust Accounting Services LLC",http://leadaccountingpractice.com,"Fort Lauderdale",Florida,Accountant
beth@capitalobjective.com,"McEntee Daniel F CPA",http://www.capitalobjective.com,"Fort Lauderdale",Florida,Accountant
ic@jemfinancialgroup.com,"JEM Financial Group",http://www.jemfinancialgroup.com,"Oakland Park",Florida,"Chartered accountant"
info@floridasfinestclaimsconsultants.com,"Your Fiduciary Team LLC",http://www.floridasfinestclaimsconsultants.com,"Fort Lauderdale",Florida,"Financial Advisor"
n_pineda@cs-tax.com,"Consulting Solutions Inc",http://cs-tax.com,"Fort Lauderdale",Florida,"Tax preparation service"
rcpcpa@bellsouth.net,"Pollock Richard C CPA",http://www.rcpcpa.com,Tamarac,Florida,Accountant
melissa@dmacpafirm.com,"Dannelly Monteleone & Associates LLC",http://www.dmacpafirm.com,"Fort Lauderdale",Florida,Accountant
al@alhagerichcpa.net,"Hagerich Alvin L CPA",http://www.alhagerichcpa.net,"Fort Lauderdale",Florida,Accountant
joyce.stewart@stewart-cpaspa.com,"Stewart & Assoc CPA PA",http://www.stewart-cpaspa.com,"Oakland Park",Florida,"Tax preparation service"
allison@browardcpa.com,"Brian Lynn CPA PA",http://www.browardcpa.com,Plantation,Florida,"Chartered accountant"
info@gargcpa.com,"Garg and Associates Incorporation",http://gargcpa.com,Sunrise,Florida,"Chartered accountant"
info@wb-cpas.com,"Cobo Welzien Bowers & Co",http://www.wb-cpas.com,"Fort Lauderdale",Florida,Accountant
info@rotmancpa.com,"Stuart M Rotman CPA",http://www.rotmancpa.com,Plantation,Florida,"Chartered accountant"
megan.newman@americanbar.org,"Brimmer Burek & Keelan LLP",http://www.bbkm.com,Tampa,Florida,Accountant
sneese@johnkcpa.com,"JTK CPA",http://www.johnkcpa.com,"Fort Lauderdale",Florida,"Chartered accountant"
info@lbrook.com,"Lashbrook Wollard & Fasano PA",http://www.lbrook.com,"Fort Lauderdale",Florida,"Tax preparation service"
info@friedmancpagroup.com,"Friedman CPA Group",http://www.friedmancpagroup.com,Plantation,Florida,"Chartered accountant"
info@sbbsflorida.com,"Brandon & Co",http://www.sbbsflorida.com,"Wilton Manors",Florida,"Tax preparation service"
phathaway@pbhcpa.net,"pamela b hathaway cpa",http://www.pbhcpa.net,Davie,Florida,Accountant
marc@cpamarc.com,"Marc Labossiere PA",http://cpamarc.com,"Wilton Manors",Florida,Accountant
gloria@accountingbygloria.com,"Accounting By Gloria LLC",http://www.accountingbygloria.com,"Fort Lauderdale",Florida,Accountant
mike@bui2.com,"bookkeepers unlimited inc",http://bui2.com,"Fort Lauderdale",Florida,"Accounting firm"
robert@rlweinercpa.com,"Weiner Robert L CPA",http://www.rlweinercpa.com,"Wilton Manors",Florida,Accountant
info@abcpasolutions.com,"Anthony Brunson P.A.",http://abcpasolutions.com,"Fort Lauderdale",Florida,"Chartered accountant"
info@floridaaccounting-taxes.com,"Florida Accounting & Taxes",http://www.floridaaccounting-taxes.com,"Fort Lauderdale",Florida,Accountant
info@kanzlei-zwipf.de,"SSI ACCOUNTING AND TAX SERVICE INC",http://www.floridasteuerberater.com,"Fort Myers",Florida,Accountant
erica@cpamassie.com,"Charles Abels Massie CPA PA",http://www.cpamassie.com,"Fort Myers",Florida,"Financial Advising"
contactfp@btef-cpas.com,"Berger Toombs Elam Gaines: Gaines J W CPA",http://www.btegf.com,"Fort Pierce",Florida,Accountant
kimberly@clariziocpa.com,"Clarizio CPA PLLC: Kimberly Clarizio CPA",http://www.clariziocpa.com,"Fort Pierce",Florida,"Accounting firm"
michelle@grissompa.com,"Grissom Accounting Pa",http://grissompa.com,"Fort Pierce",Florida,Accountant
cback@cbackcpa.com,"Catherine L Back CPA PLLC",http://www.cbackcpa.com,"Fort Pierce",Florida,Accountant
info@webbercpas.com,"Columbine Accounting Services",http://www.webbercpas.com,"Fort Pierce",Florida,Accountant
info@williamgpembrokecpa.com,"William G. Pembroke CPA P.A.",http://www.williamgpembrokecpa.com,"Port St. Lucie",Florida,"Chartered accountant"
lperryman@deanmead.com,"Dean Mead Minton & Moore",http://www.deanmead.com,"Fort Pierce",Florida,"Law firm"
info@taxoutreach.com,"Tax Outreach Services Inc.",http://www.taxoutreach.com,"Fort Pierce",Florida,"Accounting firm"
carin.smith@tcslc.com,"St. Lucie Tax Collector Office - Fort Pierce",http://www.tcslc.com,"Fort Pierce",Florida,"Tax Office"
beth@baileytax.com,"Bailey Tax & Accounting",http://www.baileytax.com,"Vero Beach",Florida,"Bookkeeping service"
dmcentee@cpa-associatesllp.com,"Smith Todd McEntee & Company CPA",http://www.cpaallp.com,"Vero Beach",Florida,"Tax preparation service"
nancy@watsonmann.com,"Watson & Mann CPAs LLC",http://www.watsonmann.com,Shalimar,Florida,"Chartered accountant"
david@thetaxgator.com,"Econotax of Okaloosa County",http://www.thetaxgator.com,"Fort Walton Beach",Florida,"Tax preparation service"
info@kc4bookkeeping.com,"K&C Bookkeeping Services LLC",http://kc4bookkeeping.com,Niceville,Florida,"Bookkeeping service"
baycount@knology.net,"Glover Tax & Accounting Inc",http://www.glovertax.com,Niceville,Florida,"Tax preparation service"
lauran@jelydestin.com,"J Ely Business Services",http://www.jelydestin.com,Destin,Florida,Accountant
cheryl@jjluckey-cpa.com,"JJ Luckey & Co. CPA PLLC",http://www.jjluckey-cpa.com,Gainesville,Florida,Accountant
jf5622@cox.net,"Jim Farrell CPA",http://www.jimfarrellcpa.com,Gainesville,Florida,Accountant
heather@deanofaccounting.com,"Dean G Poole & Co",http://www.deanofaccounting.com,Gainesville,Florida,Accountant
jpacpa@earthlink.net,"John P. Arvin CPA PA",http://www.arvincpa.com,Gainesville,Florida,"Chartered accountant"
kblack@archstoneaccounting.com,"ArchStone Accounting LLC",http://www.archstoneaccounting.com,Gainesville,Florida,"Tax preparation service"
cpa@mcdavidco.com,"McDavid & Company CPAs",http://mcdavidco.com,Gainesville,Florida,"Financial Advisor"
info@fratmanagement.com,"Wealth & Estate Builders LLC",http://fratmgmt.com,Gainesville,Florida,"Financial Advisor"
frpleads@frplegal.com,"Law Offices of Joseph Brown PA",http://www.josephbrownlaw.com,Gainesville,Florida,"Tax Lawyer"
amy@arm1040.com,"Amy R. McRoberts CPA PLC",http://arm1040.com,"High Springs",Florida,Accountant
cgoddard@cpaofc.com,"Carolyn Goddard CPA",http://cpaofc.com,Gainesville,Florida,"Tax Services"
cpa@cpa-fla.com,"John G Smith CPA",http://cpa-fla.com,Gainesville,Florida,"Financial Advisor"
helen@hgyllstromcpa.com,Helen,http://hgyllstromcpa.com,Gainesville,Florida,Accountant
info@tfgcpa.com,"Accountant CPA Tax - The Finkelshteyn Group",http://www.tfgcpa.com,"Hallandale Beach",Florida,Accountant
arnold@zeecpa.com,"Zvi Rafilovich CPA MST CGMA",http://www.zeecpa.com,Aventura,Florida,"Chartered accountant"
barry@south-florida-cpa.com,"Barry Brazer CPA",http://www.south-florida-cpa.com,Miami,Florida,Accountant
mjamison@hollywoodflcpa.com,"Jamison Michael W CPA",http://www.hollywoodflcpa.com,Hollywood,Florida,Accountant
nellya@leggcpa.com,"Lawrence N. Legg CPA PA",http://www.leggcpa.com,Hollywood,Florida,Accountant
info@pitacsolutions.com,"PITAC Solutions Inc",http://pitacsolutions.com,Hollywood,Florida,Accountant
info@hmoskowitzcpa.com,"Herman Moskowitz PA",http://www.hmoskowitzcpa.com,Hollywood,Florida,Accountant
bdiez@jsachscpa.com,"Joseph D. Sachs CPA P.A.",http://www.jsachscpa.com,Hollywood,Florida,Accountant
abe@abedanielcpa.com,"Abraham J. Daniel CPA",http://abedanielcpa.com,Aventura,Florida,Accountant
ruben@miatax.com,"Miami Accounting & Tax Services",http://miatax.com,Hollywood,Florida,"Tax Advisor"
info@hbencpa.com,"Harold L Benjamin CPA",http://www.hbencpa.com,Hollywood,Florida,Accountant
rob@ultimatecpe.com,"Ultimate CPE - Online Courses",http://www.ultimatecpe.com,Hollywood,Florida,"Accounting school"
hello@skyca.net,"Sky Cloud Accounting",http://skyca.net,Hollywood,Florida,"Accounting firm"
accounting@veaservice.com,"Accounting Vea Services Corporation",http://www.veaservice.com,Hollywood,Florida,Accountant
info@imberandcompany.com,"Imber & Company Certified Public Accountants",http://www.imberandcompany.com,Miami,Florida,Accountant
support@e-combookkeeping.com,"Avilas Accounting Services",http://www.e-combookkeeping.com,"Hialeah Gardens",Florida,Accountant
contact.judith@insightfulinfo.com,"T & I Accounting",http://insightfulinfo.square.site,Hialeah,Florida,Accountant
contact@rafaccounting.com,"Rafael Acct Tax",http://rafaccounting.com,Hialeah,Florida,Accountant
alex@suarez-baster.com,"Suarez Baster Accounting",http://www.suarez-baster.com,Hialeah,Florida,Accountant
info@mcvirtualpro.com,"M & R Accounting",http://www.mcvirtualprofessionals.com,Hialeah,Florida,"Tax preparation service"
bradfordcpa@bradfordcpa.com,"Bradford & Associates Certified Public Accountants",http://www.bradfordcpa.com,Hialeah,Florida,Accountant
info@padronandassociates.com,"Padron & Associates",http://padronandassociates.com,Hialeah,Florida,"Chartered accountant"
rschuck@gcpa.com,"Naparstek Michael A CPA",http://www.gcpa.com,Hialeah,Florida,Accountant
info@dborgescpa.com,"Daniel Borges CPA LLC",http://www.dborgescpa.com,"Miami Lakes",Florida,"Chartered accountant"
djimeno@agtaxes.com,"Accounting Guide & Taxes Inc",http://www.agtaxes.com,Hialeah,Florida,Accountant
info@martinaccounting-tax.com,"Martin Accounting & Tax Services",http://martinaccounting-tax.com,Hialeah,Florida,"Tax preparation service"
info@jibacoaincometax.com,"Income Tax",http://www.jibacoaincometax.com,Hialeah,Florida,"Tax preparation service"
info@prioritx.com,Prioritx,http://www.prioritx.com,Hialeah,Florida,"Tax preparation service"
info@alvaradotaxgroup.com,"Amigo & Associates Inc Certified Fraud Examiner",http://alvaradotaxgroup.com,Hialeah,Florida,"Accounting firm"
request@mariasincometax.com,"Marias Income Tax & Accounting",http://mariasincometax.com,Hialeah,Florida,"Tax preparation service"
hector@garciacpa.com,"Quick Bookkeeping LLC / HECTOR GARCIA CPA",http://www.qbkaccounting.com,Doral,Florida,Accountant
mperez@balcpa.com,"BSC Accounting Services Division Of Balwant Cheema C.P.A.",http://www.balcpa.com,Miramar,Florida,Accountant
costumerservice@enpasonline.com,"Enpas Business Services INC.",http://enpasonline.com,Hialeah,Florida,"Tax preparation service"
bernard@bryantacc.com,"Bryants Accounting Services",http://www.bryantacc.com,Miami,Florida,Accountant
info@ravanandco.com,"Ravan and Company CPAs",http://www.ravanandco.com,Miami,Florida,"Chartered accountant"
support@flippa.com,"Servitax Accounting Services",http://www.taxaccountingservice.com,Hialeah,Florida,"Tax preparation service"
ldiaz@taxreliefcommandos.com,"Tax Relief Commandos",http://www.taxreliefcommandos.com,Hialeah,Florida,"Tax Advisor"
info@accountingperfectsolutions.com,"Accounting Perfect Solutions",http://www.accountingperfectsolutions.com,Miami,Florida,Accountant
luisv@vigocpa.com,"Vigo & Vigo CPA LLP",http://www.vigocpa.com,Miami,Florida,"Chartered accountant"
jorfra@att.net,"JorFra Accounting",http://jorfraaccounting.com,Miami,Florida,Accountant
info@santinelli.com.mx,"Nelson and Associates",http://taxnelson.com,Doral,Florida,"Chartered accountant"
info@cohenbakercpa.com,"Max A Cohen CPA PA Miami Florida",http://www.themiamicpa.com,"South Miami",Florida,"Tax preparation service"
eduardo@g-m-accounting.com,"G & M Accounting Service Inc",http://g-m-accounting.com,Miami,Florida,Accountant
barry@jbkcpa.com,"Jeffrey B. Kramer CPA",http://jbkcpa.com,Hollywood,Florida,"Chartered accountant"
info@mvbaccounting.com,"MVB Accounting and Tax Services",http://mvbaccounting.com,Hollywood,Florida,"Tax preparation service"
herb@taxsaveconsultants.com,"TaxSave Consultants Inc.",http://taxsaveconsultants.com,Hollywood,Florida,Accountant
mark@tax-recovery-services.com,"Tax Recovery Services",http://www.tax-recovery-services.com,Hollywood,Florida,"Tax preparation service"
quiktax@myquiktax.com,"Quik Tax Accounting",http://www.myquiktax.com,"West Park",Florida,Auditor
mscheinkman@investmentctr.com,"Scheinkman & Scheinkman CPA PA",http://www.954cpa.com,"Dania Beach",Florida,"Chartered accountant"
tax@rapidtaxes.net,"Rapid Taxes",http://www.rapidtaxes.net,Hollywood,Florida,"Tax preparation service"
mortyetgar@etgarcpa.com,"Morty Etgar CPA",http://etgarcpa.net,"North Miami Beach",Florida,Accountant
info@myquiktax.com,"Quik Tax Accounting",http://www.qtaccounting.com,"North Miami Beach",Florida,Auditor
hi@azelab.com,"Vivies & Ganem CPA",http://www.ganemglobal.com,Hollywood,Florida,Accountant
help@scg4tax.com,"SCG & Co Inc",http://www.scg4tax.com,Homestead,Florida,Accountant
hi@readytax.net,"Ready Tax and Accounting",http://www.readytax.net,Homestead,Florida,"Accounting firm"
info@yjmichel.com,"Y J Michel & Associates PA CPAs",http://www.yjmandassociates.com,Homestead,Florida,"Chartered accountant"
careers@protaxhelp.com,"PTH Financial & Insurance",http://www.protaxhelp.com,Homestead,Florida,"Tax preparation service"
info@moodleycpa.com,"Minthra Moodley P.A.",http://www.moodleycpa.com,"Palmetto Bay",Florida,"Chartered accountant"
evelyn@ivy-cpa.com,"Ivy Accounting Tax & Advisory",http://www.ivy-cpa.com,Miami,Florida,"Tax preparation"
jeff@jrjacobs.com,"Jacobs Jeffrey R CPA",http://www.jrjacobs.com,Miami,Florida,Accountant
philip@shenkmancpa.com,"Philip Shenkman PA",http://www.shenkmancpa.com,Miami,Florida,Accountant
info@abercrombieaccounting.com,"Abercrombie Accounting",http://www.abercrombieaccounting.com,Miami,Florida,"Tax preparation service"
lcole@leecolecpa.com,"Sandra P Kayal CPA PA",http://www.skayalcpa.com,"Palmetto Bay",Florida,Accountant
info@marvinpstein.com,"Marvin P Stein CPA PA",http://www.marvinpstein.com,Miami,Florida,"Chartered accountant"
tony_v@bellsouth.net,"Antonio Valcarcel C.P.A. P.A.",http://quickbooksexpert.us,Miami,Florida,"Accounting firm"
lisam4@lisamenfingercpa.com,"Enfinger Lisa M CPA",http://lisamenfingercpa.com,Miami,Florida,Accountant
paul@barthole.com,"Barthole Consulting: Tax Accounting Management Consulting",http://barthole.com,Miami,Florida,Accountant
akhoja@akhojacpa.com,"Alex A Khoja CPA",http://akhojacpa.com,Miami,Florida,Accountant
soraya@jiha.us,"Soraya W Jiha CPA PA",http://www.jiha.us,Miami,Florida,"Tax Service"
help@accountingonegroup.com,"Accounting One Services",http://www.accountingonegroup.com,Miami,Florida,"Tax preparation service"
info@jnccpas.com,"Jacobs Nones & Company Cpa - Rafael Nones Cpa",http://www.jnccpas.com,Miami,Florida,"Chartered accountant"
accountants@catarineaucpa.com,"Connie Givens CPA",http://www.catarineaucpa.com,Miami,Florida,"Tax preparation service"
claudia@vargaspiedra.com,"Antonio Vargas CPA",http://www.vargaspiedra.com,Miami,Florida,Accountant
jmoyer@bvjax.com,"Business Visions",http://www.bvjax.com,Jacksonville,Florida,Accountant
mroberts@hancockaskew.com,"S Mark Hand CPA",http://www.smhcpa.com,Jacksonville,Florida,"Chartered accountant"
lsdthree@bellsouth.net,"Trim Bookkeeping & Tax Service",http://www.jacksonville.tax,Palatka,Florida,"Tax preparation service"
ken@paulkreinschmidt.com,"Paulk Reinschmidt CPA",http://www.paulkreinschmidt.com,Jacksonville,Florida,"Tax preparation"
portal@shorstein.com,"Shorstein Mark CPA",http://www.shorsteincpa.com,Jacksonville,Florida,Accountant
augustine@enofe.com,"enofe & associates",http://www.enofe.com,Jacksonville,Florida,Accountant
info@monakeycpa.com,"Monakey & Co. CPAs",http://www.monakeycpa.com,Jacksonville,Florida,"Chartered accountant"
sbg@smallbg.com,"Small Business Group Inc",http://www.smallbg.com,Jacksonville,Florida,Accountant
mail@stevens-powell-cpa.com,"Stevens Powell & Company",http://www.stevens-powell-cpa.com,Jacksonville,Florida,Accountant
docana@cpajax.com,"George R. Hentschel CPA P.A.",http://www.cpajax.com,Jacksonville,Florida,"Tax preparation service"
info@taxforjax.com,"Tax For Jax",http://taxforjax.com,Jacksonville,Florida,"Tax preparation service"
cpainfo@tng.cc,"The Nichols Group PA",http://www.tng.cc,"Fleming Island",Florida,"Chartered accountant"
bob@reburkecpa.com,"Robert E. Burke CPA",http://www.reburkecpa.com,Jacksonville,Florida,"Tax preparation service"
tmitchner@skylerfinancialgroup.com,"Picca CPA LLC",http://www.skylerfinancialgroup.com,Jacksonville,Florida,"Chartered accountant"
info@forensiccpa.net,"Timothy H. Myers CPA",http://www.forensiccpa.net,"Ponte Vedra Beach",Florida,Accountant
magersandassociates@magerscpa.com,"Magers & Associates LLC",http://magerscpa.com,"Orange Park",Florida,"Accounting firm"
marti@redwoodtaxandaccounting.com,"Redwood Tax & Accounting LLC",http://redwoodtaxandaccounting.com,"Jacksonville Beach",Florida,"Chartered accountant"
mbishop@bishopcpa.com,"Bishop & Company P.L.",http://www.bishopcpa.com,Jacksonville,Florida,"Chartered accountant"
rebekah@dufresnecpas.com,"Dufresne & Associates",http://www.dufresnecpas.com,"Orange Park",Florida,Accountant
info@taxesydocumentos.com,"PUNTO LATINO: Taxes & Documentos",http://taxesydocumentos.com,Jacksonville,Florida,"Tax preparation service"
bart@bcandcpas.com,"Barton Crews & Associates Inc.",http://bcandcpas.com,Jacksonville,Florida,"Tax preparation service"
jwolf@firstcoasttax.com,"First Coast Tax & Accounting Inc",http://www.firstcoasttax.com,Jacksonville,Florida,"Tax Service"
jfreeman@ch13jaxfl.com,"Davis Mamie L Trustee",http://www.ch13jaxfl.com,Jacksonville,Florida,Accountants
tonyw@tonywilliscpa.com,"WILLIS BLACKWELL",http://www.tonywilliscpa.com,"Key West",Florida,"Chartered accountant"
henry@henryballencpa.com,"Henry B. Allen CPA",http://henryballencpa.com,"Key West",Florida,"Tax preparation service"
jeffhaymaker@haymakertax.com,"Income Tax and Accounting",http://www.haymakertax.com,"East Rockland Key",Florida,"Tax preparation service"
r.parker@lakecitycpas.com,"Owens Joshua G CPA",http://www.lakecitycpas.com,"Lake City",Florida,Accountant
lawrence.kearney@raymondjames.com,"Raymond James Financial Services",http://raymondjames.com,"Lake City",Florida,"Financial Advisor"
ehill@frostproofbusiness.com,"Frostproof Business Services Inc",http://www.frostproofbusiness.com,Frostproof,Florida,"Tax preparation service"
joann@joannstaxhelp.com,"Jo Anns Tax Services",http://www.joannstaxhelp.com,Lakeland,Florida,"Tax preparation service"
kathleen@seditakilton.com,"Sedita Kilton & Company Certified Public Accountants P.L.",http://www.seditakilton.com,"Plant City",Florida,Accountant
bob@cpa1922.com,"Edwards Platt Meyer PA",http://www.cpa1922.com,"Plant City",Florida,"Chartered accountant"
office@swanbusinesssolutions.com,"Swan Business LLC",http://www.swanbusinesssolutions.com,Lakeland,Florida,"Accounting firm"
lizzette@on-siteaccounting.net,"On Site Accounting Inc",http://on-siteaccounting.com,"Plant City",Florida,Accountant
info@floridafinancialsolutions.com,"Largo Accounting Inc",http://www.floridafinancialsolutions.com,Largo,Florida,Accountant
bskinnercpa@bartskinnercpa.com,"Bart W. Skinner CPA PA",http://www.bartskinnercpa.com,Largo,Florida,"Chartered accountant"
info@the-tax-shop.com,"Tax Shop",http://www.the-tax-shop.com,Largo,Florida,"Tax preparation service"
chris@ckstax.com,"CKS Tax Inc.",http://www.ckstax.com,Largo,Florida,"Tax preparation service"
info@kadouratax.com,"Kadoura & Co.LLC",http://www.kadouratax.com,Clearwater,Florida,"Accounting firm"
jennifer@simplybalanced4u.com,"Peak Capital Corporation",http://www.simplybalanced4u.com,Largo,Florida,"Financial Advisor"
kathy@kmtuckercpa.com,"Kathleen M. Tucker CPA LLC",http://www.kmtuckercpa.com,Largo,Florida,"Chartered accountant"
tkasica@kasicacpa.com,"Thomas J. Kasica CPA PA",http://www.kasicacpa.com,Melbourne,Florida,"Chartered accountant"
info@dmtaccountingandtax.com,"Mimi Hanley CPA",http://www.dmtaccountingandtax.com,Melbourne,Florida,"Chartered accountant"
kgloor504@verizon.net,"BookSmarts Tax & Accounting Services",http://www.booksmartstax.com,Melbourne,Florida,"Tax preparation service"
1040@incometaxstore.org,"Income Tax Store",http://www.incometaxstore.org,Melbourne,Florida,"Tax preparation service"
tax@rjtaxservice.com,"R Js Tax Services",http://rjtaxservice.com,Melbourne,Florida,"Tax preparation service"
homevega@bellsouth.net,"Robert O. Vega CPA",http://www.robertvegacpa.com,Melbourne,Florida,"Chartered accountant"
info@cpanorton.com,"Elaine M. Norton PA CPA",http://www.cpanorton.com,Indialantic,Florida,"Tax preparation service"
jnmtonline@jnbank.com,"Tax & Consulting Services",http://swfinancialservices.net,Melbourne,Florida,"Tax preparation service"
alex@afcgrouppa.com,"AFC Group PA",http://afcgrouppa.info,Miami,Florida,Accountant
careers@valdescpa.com,"Valdes CPA & Advisors",http://www.valdescpa.com,Miami,Florida,"Chartered accountant"
info@rpaccounting.com,"R&P Accounting and Taxes Inc",http://rpaccounting.com,Miami,Florida,Accountant
info@cdcpa.tax,"cdcpa.tax Florida Miami",http://www.cdcpa.tax,Miami,Florida,Accountant
info@kaufmancpas.com,"Kaufman & Co Pa",http://kaufmancpas.com,Miami,Florida,Accountant
info@ta-cpa.com,"Alvarez Travleso",http://www.ta-cpa.com,Miami,Florida,"Tax preparation service"
fernando@pcandsecurity.com,"Fleites & Company",http://www.fleitescpa.com,Miami,Florida,Accountant
contact@ledgeraid.com,"Sylvia Accounting Services",http://www.ledgeraid.com,Miami,Florida,Accountant
carlos@apontepaezaccountants.com,"Aponte Paez Accountants",http://apontepaezaccountants.com,Miami,Florida,"Accounting firm"
info@flacpa.com,"Dawson & Associates CPA",http://www.flacpa.com,Miami,Florida,"Chartered accountant"
ggonzalez@psms-cpa.com,"Pinchasik Yelen Muskat Stein LLC",http://www.psms-cpa.com,Miami,Florida,"Chartered accountant"
info@eneyvelsfinancial.com,"Eneyvels Financial Tax Preparation & Financial Consulting",http://www.eneyvelsfinancial.com,Miami,Florida,"Tax preparation service"
alejandro@gnbservices.com,"GnB Services LLC.",http://www.gnbservices.com,Miami,Florida,"Bookkeeping service"
juan@benitezcpas.com,"Benitez & Company CPAs",http://www.benitezcpas.com,Miami,Florida,"Chartered accountant"
stacy@jsalonsoaccounting.com,"JS Alonso Accounting Inc.",http://www.jsalonsoaccounting.com,Miami,Florida,Accountant
info@salver.com,"Salver + Salver CPAs LLP",http://www.salver.com,"North Miami",Florida,Accountant
dsilverman@silvermantax.com,"Debra C. Silverman CPA P.A.",http://www.silvermantax.com,Miami,Florida,Accountant
info@accounting2easy.com,"Accounting2Easy Corp",http://www.accounting2easy.com,Doral,Florida,Accountant
banos@bgpatax.com,"Martha Accounting & Taxes",http://bgpatax.com,Miami,Florida,"Tax preparation"
verna@jamesaccounting.com,"James Accounting & Tax Practice",http://jamesaccounting.com,Miami,Florida,"Tax preparation service"
info@ajicpa.com,"Alberto J Ibarra PA",http://www.ajicpa.com,Doral,Florida,Accountant
dlandeiro@landeirocpa.com,"Damian Landeiro PA",http://www.landeirocpa.com,Miami,Florida,"Chartered accountant"
joe.padron@pmhcpas.com,"Padron Montoro & Hartney LLP",http://pmhcpas.com,Miami,Florida,"Chartered accountant"
alastrajrcpa@bellsouth.net,"aldo lastra jr",http://www.alastrajrcpa.com,Miami,Florida,Accountant
info@capitalaccounts.net,"Capitol Accounts Inc",http://www.capitalaccounts.net,Doral,Florida,Accountant
ntullio@hcoadvisors.com,"Padro & Company P.A. CPA",http://www.padrocpa.com,Doral,Florida,"Chartered accountant"
info@boveaaccounting.com,"Bovea Accounting & Financial Services",http://www.boveaaccounting.com,Miami,Florida,"Bookkeeping service"
info@rfigueroacpa.com,"R. Figueroa PA",http://rfigueroacpa.com,Doral,Florida,"Chartered accountant"
frank@frankcavero.com,"Frank Cavero EA",http://www.frankcavero.com,Miami,Florida,Accountant
maria@pazaccounting.com,"Paz Accounting Company",http://www.pazaccounting.com,Miami,Florida,"Accounting firm"
clientrelations@delavegajewett.com,"De La Vega & Jewett P.A",http://delavegaandjewett.com,Miami,Florida,"Accounting firm"
help@irstaxdebtdefense.com,"USA Tax Debt Defense Inc.",http://irstaxdebtdefense.com,Miami,Florida,"Tax Advisor"
jose@professionalservicesmiami.com,"Professional Services Booking",http://www.professionalservicesmiami.com,Miami,Florida,Accountant
ben@lermangroup.com,"Lerman & Lerman P.A.",http://www.lermangroup.com,Miami,Florida,Accountant
jorge@mgccpa.net,"Martinez Greenberg & Company",http://www.mgccpa.net,Miami,Florida,"Chartered accountant"
mgrayson@cummingsgrayson.com,"Cummings Grayson & Co.",http://www.cummingsgrayson.com,Miami,Florida,"City Tax Office"
info@drobertspa.com,"Dave Roberts CPA P.A.",http://drobertspa.com,Miami,Florida,"Chartered accountant"
info@glinskycpa.com,"Glinsky CPA Group PA",http://glinskycpa.com,Miami,Florida,"Chartered accountant"
info@ffangcpa.com,"FELICITY HC FANG CPA PA",http://www.ffangcpa.com,Miami,Florida,"Chartered accountant"
info@martinezperdomo.com,"Martinez & Perdomo",http://martinezperdomo.com,Miami,Florida,"Tax preparation service"
info@statiacpa.com,"STATIA CPA PA",http://www.statiacpa.com,Pinecrest,Florida,Accountant
alj@aljacksonco.com,"A L Jackson & Co PA",http://www.aljacksonco.com,Miami,Florida,"Accounting firm"
ocollado@colladoandcompany.com,"Collado and Company",http://colladoandcompany.com,Miami,Florida,Accountant
suzy@vcaccountingandassociates.net,"VC Accounting & Associates",http://www.vcaccountingandassociates.net,"Miami Beach",Florida,"Accounting firm"
mmarrero@lrmcpa.com,"Lima Rios & Marrero",http://www.lrmcpa.com,Miami,Florida,"Chartered accountant"
david@kmfps.com,"Accountant & Management Inc",http://kmfps.com,"North Miami",Florida,Accountant
mhernandez@miamiaccountant.com,"Miami Accountant Inc",http://www.miamiaccountant.com,Miami,Florida,Accountant
info@pagios.net,"Pagios Tax Acounting and Inmigration Services",http://www.pagiostax.com,"Miami Beach",Florida,"Tax preparation service"
wadams@miamigov.com,"Miami Finance Department",http://www.historicpreservationmiami.com,Miami,Florida,"City Tax Office"
info@taxaccountantsmiami.com,"Associated Accountants Tax",http://taxaccountantsmiami.com,Miami,Florida,Accountants
zpta@zirlinpropertytax.com,"Zirlin Alan David-Zirlin",http://zirlinpropertytax.com,Miami,Florida,"Tax Lawyer"
juan@katztax.com,"Katz Rivera And Company Pa",http://www.katztax.com,Miami,Florida,"Tax preparation service"
bigmoney@carytaxes.com,"Cary's Taxes",http://www.carytaxes.com,"Miami Lakes",Florida,"Tax Services"
fast-refunds@mjtaxes.com,"M J Income Tax",http://www.mjtaxes.com,"Miami Beach",Florida,"Tax preparation service"
info@cnsassociatesllc.com,"CNS Associates LLC",http://www.cnsassociatesllc.com,"Miami Beach",Florida,Accountant
carlosjavier@cavilagroup.com,"CAVILA Tax & Accounting Group",http://www.cavilagroup.com,"Miami Shores",Florida,Accountant
info@ccfinancialaccounting.com,"CC Financial & Accounting Inc",http://www.ccfinancialaccounting.com,"North Miami Beach",Florida,"Tax preparation service"
cpa@aronson.biz,"David A. Aronson CPA PA",http://www.aronson.biz,"North Miami Beach",Florida,Accountant
info@yoursolidaccounting.com,"Solid Accounting LLC.",http://www.yoursolidaccounting.com,Miami,Florida,"Bookkeeping service"
mike@mikelewiscpa.com,"D. Michael Lewis P.A.",http://www.mikelewiscpa.com,Miami,Florida,"Chartered accountant"
sales@7digital.solutions,"The Mattam Law Firm PA",http://www.mattamlawfirm.com,"Miami Beach",Florida,"Tax Lawyer"
dra.sdiciocco@odengroup.com.ar,"ODEN GROUP LLC",http://www.odengroup.com.ar,"Miami Beach",Florida,"Chartered accountant"
tjlongman@tomlongman.com,"Thomas J. Longman CPA",http://www.tomlongman.com,Miami,Florida,Accountant
info@dytadvisors.com,"DYT Advisors",http://www.dytadvisors.com,"Miami Beach",Florida,"Financial Advisor"
info@thompsonacc.com,"Thompson Accounting Services",http://thompsonacc.com,"Miami Shores",Florida,"Financial institution"
info@taxesbygeorge.net,"Taxes By George",http://taxesbygeorge.net,"Miami Beach",Florida,"Tax Preparation Service"
phil@eaccpa.com,"Philip A Erickson & Co",http://eaccpa.com,Naples,Florida,Accountant
joel@joelmillercpa.com,"Joel S. Miller CPA P.A.",http://www.joelmillercpa.com,Naples,Florida,"Chartered accountant"
info@jfhcpa.com,"JF Holes CPA Inc",http://jfhcpa.com,Naples,Florida,"Chartered accountant"
info@umucpa.com,"Unsworth Marretta & Unsworth Certified Public Accountants LLC",http://www.umucpa.com,Naples,Florida,"Chartered accountant"
tax@naples-cpa.com,"Soldavini & Caldwell CPA PA",http://www.naples-cpa.com,Naples,Florida,Accountant
bj@cottrelltax.com,"Cottrell Tax & Accounting LLC",http://www.cottrelltax.com,Naples,Florida,"Tax preparation"
phillips@swflcpas.com,"Harvey Deborah L CPA",http://www.swflcpas.com,Naples,Florida,Accountant
rod@raancompany.com,"RAAN COMPANY",http://raancompany.com,Naples,Florida,Accountant
info@jameswalkercpa.com,"James W Walker PA: James W Walker CPA",http://www.jameswalkercpa.com,Naples,Florida,"Tax preparation service"
info@sundifaithcpa.com,"Sundi L. Faith CPA PA",http://www.sundifaithcpa.com,Naples,Florida,"Chartered accountant"
mike@faapacpa.com,"Florida Accounting Associates Pa",http://www.faapacpa.com,Naples,Florida,Accountant
gates@perrino.com,"Perrino & Associates CPAs",http://www.perrino.com,Naples,Florida,"Tax preparation service"
cflood@mynaplescpa.com,"Licht & Andrews LLC",http://www.mynaplescpa.com,Naples,Florida,"Accounting firm"
info@vanguardnaples.com,"Vanguard Tax & Business",http://vanguardnaples.com,Naples,Florida,"Tax preparation service"
frontdesk@egtax.com,"EG Tax",http://egtax.com,Naples,Florida,"Tax preparation service"
firm@mo-cpa.com,"Mc Donald & Osborne PA",http://www.mo-cpa.com,Naples,Florida,"Chartered accountant"
richard@rstanfieldconsulting.com,"R. Stanfield Consulting",http://rstanfieldconsulting.com,Naples,Florida,"Bookkeeping service"
tom@familywealthtaxadvisory.com,"Family Wealth Tax Advisory",http://www.familywealthtaxadvisory.com,Naples,Florida,"Tax preparation service"
mike@lamantiafinancial.com,"Lamantia Financial Services",http://lamantiafinancial.com,Naples,Florida,"Accounting firm"
front@stevenlindseycpa.com,"Steven L Lindsey & Associates LLC",http://www.stevenlindseycpa.com,Naples,Florida,"Tax preparation service"
ddesarno@d2-cpa.com,"DeSarno CPA Inc.",http://www.d2cpa.xyz,Naples,Florida,"Chartered accountant"
motorvehicle@colliertax.com,"Collier County Tax Collector (City Hall Location)",http://www.colliertax.com,Naples,Florida,"Tax Office"
elona@ruci-cpa.com,"Elona S Ruci CPA PA",http://www.ruci-cpa.com,Naples,Florida,Accountant
info@blackinkservices.com,"Black Ink Bookkeeping",http://blackink.co,Naples,Florida,Accountant
mparkinson@conradcc.com,"Conrad Consulting Corporation",http://www.conradcc.com,"New Smyrna Beach",Florida,"Chartered accountant"
rose@grimmstaxservice.com,"Grimm and Associates Inc",http://grimmstaxservice.com,"New Smyrna Beach",Florida,"Tax preparation service"
john@johnjrooneycpa.com,"Radosta & Associates",http://johnjrooneycpa.com,"New Smyrna Beach",Florida,Accountant
rk76@rlkadvisorygroup.com,"RLK Advisory Group",http://www.rlkadvisorygroup.com,"Port Orange",Florida,"Financial Advisor"
info@philipwebb.net,"C M Lybrand & Company LLC",http://www.philipwebb.net,"New Smyrna Beach",Florida,"Tax preparation service"
info@djcocpa.com,"Duggan Joiner & Co. CPAs",http://www.djcocpa.com,Ocala,Florida,Accountant
jturner@t-lcpas.com,"Turner & Turner P.A.",http://turnerandturnercpa.com,Ocala,Florida,"Chartered accountant"
jarose@crippencpa.com,"Mike Torres CPA",http://www.ocalacpa.com,Ocala,Florida,"Chartered accountant"
terri@terriskanecpallc.com,"Terri S Kane Llc",http://www.terriskanecpallc.com,Ocala,Florida,Accountant
ben@snappytax.com,"Snappy Tax",http://snappytax.com,Ocala,Florida,"Tax preparation"
service@elexzafinancials.com,"Elexza Business Solutions LLC",http://elexzafinancials.com,Ocala,Florida,"Bookkeeping service"
info@tax-helper.com,"Mary Fox Tax & Accounting Inc",http://tax-helper.com,Belleview,Florida,"Tax preparation service"
steve@gatortaxguy.com,"Steven Chamberlain - Tax Attorney",http://www.gatortaxguy.com,Ocala,Florida,"Tax Lawyer"
info@simplewebmakers.com,"Simple Webmakers LLC",http://simplewebmakers.com,Ocala,Florida,"Bookkeeping service"
raisa@raisacpa.com,"Raisa Pakanati CPA MBA",http://www.raisacpa.com,Orlando,Florida,Accountant
david@davidcolecpa.com,"David M. Cole CPA",http://www.davidcolecpa.com,Orlando,Florida,Accountant
info@shorescpa.com,"Suzanne M. Tagman CPA",http://www.shorescpa.com,Orlando,Florida,"Chartered accountant"
info@accountingfirmcpa.com,"Accounting Firm CPA LLC",http://www.accountingfirmcpa.com,Orlando,Florida,Accountant
info@ashcraftcpa.com,"Gregory L Ashcraft CPA Pa",http://www.ashcraftcpa.com,Orlando,Florida,Accountant
mperkins@hollandandreilly.com,"Reilly Thomas F CPA",http://www.hollandandreilly.com,Orlando,Florida,Accountant
kate@katesbookkeeping.com,"1 Touch Accounting",http://katesbookkeeping.com,Orlando,Florida,Accountant
suelene@rwphipps.com,"R W Phipps & Co",http://rwphipps.com,Orlando,Florida,Accountant
russhoskins@hcpaonline.com,"Hoskins Quiros Osbourne LaBeaume CPA",http://www.hcpaonline.com,Orlando,Florida,Accountant
vernon@brinkmanaccounting.com,"Brinkman Accounting & Tax Services",http://brinkmanaccounting.com,Orlando,Florida,"Tax preparation service"
info@cornerstoneacctax.com,"Cornerstone Accounting & Tax Services LLC",http://www.cornerstoneacctax.com,Orlando,Florida,"Tax preparation service"
info@beesquaretax.com,"Bee Square Tax Consultation and Service",http://beesquaretax.com,Orlando,Florida,Accountant
info@smalleynco.com,"Smalley & Co",http://smalleynco.com,Orlando,Florida,Accountant
barbara@bjadams.org,"B J Adams & Associates Inc",http://bjadamsandassociates.bjadamshosting.com,Orlando,Florida,Accountant
taxes@dreamlineaccounting.com,"Dreamline Accounting Services LLC",http://taxpreparationorlando.com,Orlando,Florida,"Tax preparation service"
ken@rosenfieldandco.com,"Rosenfield and Company PLLC",http://www.rosenfieldandco.com,Orlando,Florida,"Tax preparation service"
info@sshuklacpa.com,"Sonu Shukla CPA PA",http://www.orlandotaxcoach.com,Orlando,Florida,"Tax preparation"
tlindstrom@lindstrom-cpa.com,"Lindstrom CPA",http://lindstrom-cpa.com,Orlando,Florida,"Accounting firm"
ken@accountingalliance.net,"Accounting Alliance For Small Business",http://www.accountingalliance.net,Orlando,Florida,"Chartered accountant"
regis@simasekcpa.com,"Regis & Simasek",http://www.simasekcpa.com,Orlando,Florida,Accountant
rickecpa@bellsouth.net,"CPA Business Accounting & Consulting LLC",http://cpasandlake.com,Orlando,Florida,Accountant
aaron@vsfmarketing.com,"Quality Consulting and Billing",http://www.quickbooks-consulting.com,Orlando,Florida,"Bookkeeping service"
information@hmscpa.com,"HMS Certified Public Accountants P.A.",http://hmscpa.com,Maitland,Florida,Accounting
info@fongtax.com,"Fong & Associates LLC",http://fongtax.com,Orlando,Florida,"Accounting firm"
sr@superiorsbc.com,"Superior Small Business Consultants LLC",http://www.superiorsbc.com,Maitland,Florida,Accountant
kristi@wandacpa.com,"Schebel Wanda T CPA",http://www.wandacpa.com,Orlando,Florida,"Tax preparation service"
bhm@bhmcpapa.com,"Benjamin H. Moore CPA PA",http://www.bhmcpapa.com,Maitland,Florida,"Chartered accountant"
info@agaccount.com,"A&G Accounting and Business Services LLC",http://agaccount.com,Orlando,Florida,"Accounting firm"
skotwal@cpakotwal.com,"Shyam Kotwal CPA",http://www.cpakotwal.com,Orlando,Florida,"Chartered accountant"
dchokshi@chokshiaccounting.com,"Chokshi Accounting & Tax Services",http://www.chokshiaccounting.com,"Altamonte Springs",Florida,"Tax preparation service"
michael@dcrowder.com,"DC & Associates P.A.",http://dcrowder.com,Casselberry,Florida,Accountant
craig@craigwsmalleyea.com,"CWSEAPA® - Accounting & Financial Services",http://www.cwseapa.com,Orlando,Florida,Accountant
josh@harmeningcpa.com,"Joshua W Harmening CPA PLLC",http://www.harmeningcpa.com,Orlando,Florida,"Chartered accountant"
shawn@bluemooncpa.com,"Blue Moon CPA PA",http://www.bluemooncpa.com,Orlando,Florida,"Chartered accountant"
rfloyd@cjw-assoc.com,"CJW: Pasternak Robin CPA",http://www.cjw-assoc.com,Orlando,Florida,Accountant
info@nievesmelontax.com,"Nieves Melon Income Tax",http://www.nievesmelontax.com,Orlando,Florida,"Tax preparation service"
elise@epvirtualcpa.com,"Elise Palmieri CPA PLLC",http://epvirtualcpa.com,Maitland,Florida,"Chartered accountant"
leah@geckocpa.com,"James Leah G CPA",http://www.geckocpa.com,"Winter Park",Florida,"Chartered accountant"
lisa@administrativeally.com,"Newman and Company PA CPA Tax Accountant",http://www.administrativeally.com,Maitland,Florida,"Chartered accountant"
dayo@colecpa.com,"Cole & Associates LLC",http://colecpa.com,Orlando,Florida,Accountant
jimd@sbrorlando.com,"Small Business Resources USA",http://www.sbrorlando.com,Orlando,Florida,Accountant
erivera@eriveracpa.com,"Edwin Rivera & Associates CPA PA",http://www.eriveracpa.com,Orlando,Florida,Accountant
dawne@alemuscpa.com,"Antonio Lemus C.P.A. P.A.",http://alemuscpa.com,"Altamonte Springs",Florida,"Chartered accountant"
support@ustaxconsulting.net,"US Tax Consulting",http://www.ustaxconsulting.net,Orlando,Florida,"Tax Advisor"
ggeibel@bkhmcpa.com,"BKHM CPAs",http://www.bkhmcpa.com,"Winter Park",Florida,"Chartered accountant"
info@whcrossco.com,"William H. Cross & Co. P.A.",http://whcrossco.com,Orlando,Florida,"Accounting firm"
john@longwoodcpa.com,LongwoodCPA,http://www.longwoodcpa.com,Longwood,Florida,"Chartered accountant"
albertgarcia@thetaxmasterorlando.com,"The Tax Master of Orlando Inc.",http://www.thetaxmasterorlando.com,Orlando,Florida,"Tax preparation"
moreinfo@gillardfinancial.com,"Gillard Dennis R CPA",http://www.gillardfinancial.com,"Winter Garden",Florida,Accountant
info@fastaxaccounting.com,"Fastax 7 Accounting",http://www.fastaxaccounting.com,"Winter Garden",Florida,Accountant
eg@gontax.com,GONTAX,http://www.gontax.com,Orlando,Florida,Accountant
otis@miltonfasttax.com,"Milton & Associates Inc",http://www.miltonabc.com,Orlando,Florida,"Accounting firm"
info@aceaccountingfirm.com,"Gonzalo Sánchez CPA",http://www.aceaccountingfirm.com,Orlando,Florida,"Chartered accountant"
eddy@icapa.net,"Island City Accountants P.A.",http://icapa.net,Orlando,Florida,"Accounting firm"
ian@mccarroncpa.com,"McCarron Accounting & Consulting CPAs",http://www.mccarroncpa.com,"Winter Park",Florida,"Chartered accountant"
doris@dorisbonnet.com,"Doris Bonnet Inc Tax & Accounting Services",http://www.dorisbonnet.com,Orlando,Florida,"Tax preparation"
info@federaltaxliensearch.com,"Federal Tax Lien",http://federaltaxliensearch.com,Orlando,Florida,Accountant
jfkcpa@elerickcpas.com,"Elerick & Elerick P.A.",http://www.elerickandelerick.com,"Winter Park",Florida,"Chartered accountant"
lt@lothompson.com,"Lorenzo Oldain Thompson P.A. (LOT)",http://www.lothompson.com,Orlando,Florida,"Chartered accountant"
info@stanektax.com,"Stanek Tax Services",http://www.stanektax.com,Orlando,Florida,Accountant
ken@kjspa.com,"Scott Kenneth J CPA",http://www.kjspa.com,"Winter Park",Florida,Accountant
office@jnproperties.us,"Jones David A",http://www.jnproperties.us,Orlando,Florida,Accountant
info@momentumtac.com,"Momentum Tax Accounting",http://momentumtac.com,Orlando,Florida,"Tax preparation service"
info@lbwcpa.com,"Lake Brown Williams CPAs and Consultants",http://www.lbwcpa.com,"Saint Augustine",Florida,"Tax preparation service"
info@josephkrallcpa.com,"Joseph P. Krall CPA",http://www.josephkrallcpa.com,"Saint Augustine",Florida,"Chartered accountant"
tom@thomasmurphycpa.com,"Thomas Murphy CPA",http://thomasmurphycpa.com,Jacksonville,Florida,"Chartered accountant"
sbrown@accountablebookkeeping-fl.com,"Accountable Bookkeeping & Consulting LLC",http://www.accountablebookkeeping-fl.com,Indialantic,Florida,Accountant
sbeck@monarchtaxservices.com,"Jacqueline Beck CPA PA",http://jbeckcpa.com,"Indian Harbour Beach",Florida,Accountant
justin@stedmancpa.com,Stedman-Fleury,http://www.stedmancpa.com,"Palm Beach Gardens",Florida,Accountant
info@cbakercpa.com,"Baker Claire E CPA",http://www.cbakercpa.com,"Palm Beach Gardens",Florida,"Accounting firm"
clientrelations@glatercpa.com,"Meyers Evans & Feagans P.A.",http://www.mefcpa.org,"Palm Beach Gardens",Florida,"Chartered accountant"
info@mytaxalliance.com,"Darling & Company",http://www.mytaxalliance.com,"Palm Beach Gardens",Florida,"Chartered accountant"
tenos@aswiftcpa.com,"Alan R. Swift CPA PA",http://aswiftcpa.com,"Palm Beach Gardens",Florida,"Chartered accountant"
mariela@mfandassociatesinc.com,"MF Tax Group",http://www.mftaxgroup.com,"West Palm Beach",Florida,Accountant
mparsons@fuoco.com,"Michael J. Parsons CPA",http://www.mjparsonscpa.com,"North Palm Beach",Florida,Accountant
raymondm@hmdcpa.com,"Hixson Marin De Sanctis & Company P.A.",http://hmdcpa.com,Jupiter,Florida,Accountant
cparws@bellsouth.net,"Schwartz Richard W CPA",http://www.richschwartzcpa.com,"Royal Palm Beach",Florida,Accountant
info@pybuscpa.com,"Pybus & Company P.A. CPAs",http://www.pybuscpa.com,"North Palm Beach",Florida,Accountant
info@mackailsterling.com,"Mackail Sterling & Associates Inc",http://www.mackailsterling.com,"North Palm Beach",Florida,Accountant
janet@bonneaucpa.com,"Bonneau Accounting Services",http://www.bonneaucpa.com,Jupiter,Florida,"Tax preparation service"
info@daliataxes.com,"Dalia Accounting Services",http://www.daliaaccountingservice.com,"West Palm Beach",Florida,"Tax preparation service"
info@southflcpaservices.com,"South FL CPA Services LLC",http://www.southflcpaservices.com,"West Palm Beach",Florida,"Chartered accountant"
sean@newbeginningscpa.com,"New Beginnings Financial Consulting",http://newbeginningscpa.com,"West Palm Beach",Florida,Accountant
gretl@lighthousecpas.com,"Lighthouse CPAs PA",http://lighthousecpas.com,"Panama City",Florida,"Chartered accountant"
info@daidtaxservices.com,"DAID Tax Services",http://www.daidtaxservices.com,"Panama City",Florida,"Tax preparation service"
ian@booksandbalancescpa.com,"Harris Dennis E CPA",http://booksandbalancescpa.com,"Lynn Haven",Florida,Accountant
info@mljcpapa.com,"Michael L Johnson PA",http://www.mljcpapa.com,"Panama City Beach",Florida,Accountant
gretl.siler@succentrixbusinessadvisors.com,"Succentrix Business Advisors",http://www.succentrixpanamacity.com,"Panama City",Florida,"Tax Services"
mstraughn@btpcpas.com,"Brown Thornton Pacenta & Company P.A.",http://btp.cpa,Pensacola,Florida,Accountant
ben@benjaminbellcpa.com,"Bell B a CPA",http://www.benjaminbellcpa.com,Pensacola,Florida,"Chartered accountant"
info@flacpas.com,"Baniakas & Associates CPAs & Business Advisors",http://www.flacpas.com,Pensacola,Florida,"Tax preparation service"
info@btp.cpa,"Catherine Thornton Bond CPA / ABV",http://btpcpas.com,Pensacola,Florida,"Chartered accountant"
sandyglass1@juno.com,"Bookkeeping Services",http://www.glassaccountingsolutions.com,Pensacola,Florida,Accountant
office@cpagulfcoast.com,"Sauls CPA & Associates",http://www.cpagulfcoast.com,Pensacola,Florida,"Tax preparation service"
samgalloway@cpabizzness.com,"Bizzell Neff & Galloway PA",http://www.cpabizzness.com,Pensacola,Florida,"Chartered accountant"
reelcraft.cn.sales@reelcraft.com,"Ronald G Hudson & Co LLC",http://www.rghudson.com,Pensacola,Florida,Accountant
ajc@carlson-co.com,"Carlson & Co",http://www.carlson-co.com,Pensacola,Florida,"Tax preparation service"
randy@sansomcpa.com,"Sansom Randall L CPA",http://www.sansomcpa.com,"Gulf Breeze",Florida,Accountant
info@cantincpa.com,"Breeze Payroll Inc",http://www.breezepayroll.com,"Gulf Breeze",Florida,Accountant
tchase@chaseattorneys.com,"Chase & Ralls PLC",http://tax-attorney-pensacola.fl-biz.com,Pensacola,Florida,"Tax Lawyer"
tblackwell@durstjordan.com,"Durst & Jordan CPA",http://www.durstjordan.com,Milton,Florida,Accountant
info@vertical-market.com,"Vertical Market Software",http://www.verticalmarketsoftware.com,Pensacola,Florida,"Accounting software company"
mason@thepensioncenter.com,"The Pension Center of Florida Inc.",http://thepensioncenter.com,Pensacola,Florida,"Financial Advisor"
maritimepark@cityofpensacola.com,"City of Pensacola Finance Department",http://www.cityofpensacola.com,Pensacola,Florida,"City Tax Office"
reception@wadewilsoncpa.net,"Wade Wilson CPA",http://www.wadewilsoncpa.net,Pensacola,Florida,"Tax preparation service"
info@eaitax.com,"Express Accounting & Income Tax Services Corp",http://www.eaitax.com,"Pompano Beach",Florida,"Tax preparation service"
info@lindenbaum-cpa.com,"Lindenbaum Cpa Steven S",http://www.lindenbaum-cpa.com,Margate,Florida,"Bookkeeping service"
spyros@taxesar.com,"AR Accounting and Taxes",http://taxesar.com,"Coconut Creek",Florida,Accountant
accounting@gtatax.com,"Global Tax & Accounting Inc.",http://globaltaxandaccounting.com,"Coconut Creek",Florida,"Accounting firm"
jimdolan@jimdolancpa.com,"James M Dolan Accounting",http://jimdolancpa.com,Margate,Florida,Accountant
lewis@andrewsandcompany.net,"Andrews and Company",http://andrewsandcompany.net,"Coral Springs",Florida,"Bookkeeping service"
rruiz@robertruizcpa.com,"Ruiz CPA",http://robertruizcpa.com,"St. Augustine",Florida,Accountant
gba1@bellsouth.net,"Geoffrey Bodden & Associates Inc.",http://www.geoffreyboddenandassociates.com,"St. Augustine",Florida,"Tax preparation service"
info@professionalfinders.com,"Professional Finders Inc",http://www.professionalfinders.com,"St. Augustine",Florida,"Accounting firm"
info@cgrandecpa.com,"Celeste Grande CPA PA",http://www.cgrandecpa.com,"Saint Johns",Florida,Accountant
cap@pattersoncpafirm.com,"Patterson CPA Group",http://www.pattersoncpafirm.com,"Ponte Vedra Beach",Florida,"Tax Advisor"
info@statsfirm.com,"Balanced Accounting Group",http://www.balancedaccountinggroup.com,"Saint Petersburg",Florida,Accountant
info@generalaccountingsystems.net,"General Accounting Systems",http://www.generalaccountingsystems.net,"St. Petersburg",Florida,Accountant
mdm@tbi.net,"Dobbs Consulting Inc",http://www.dobbsconsultinginc.com,"St. Petersburg",Florida,Accountant
cpa@janssen-cpa.com,"Janssen & Igar CPAs PA",http://www.janssen-cpa.com,"St. Petersburg",Florida,Accountant
eborow@hajekcpa.com,"Hajek & Hajek CPA",http://www.hajekcpa.com,"St. Petersburg",Florida,Accountant
sandy@macaulayaccounting.com,"Davy's Accounting Services Inc.",http://www.davysaccounting.com,"Saint Petersburg",Florida,"Accounting firm"
info@lodenfrazecpas.com,"Loden Fraze & Associates",http://www.lodenfrazecpas.com,"St. Petersburg",Florida,"Chartered accountant"
info@kimmittconsulting.com,"Kimmitt Consulting Inc.",http://kimmittconsulting.com,"St. Petersburg",Florida,"Chartered accountant"
jattkisson@attkissoncpa.com,"Attkisson & Associates",http://www.attkissoncpa.com,"St. Petersburg",Florida,Accountant
info@rpitax.com,"Thomas C Roberge & Co",http://www.robergeco.com,"St. Petersburg",Florida,"Tax preparation service"
cnf@frasercompany.com,"Williams Healthcare Consulting",http://www.frasercompany.com,"St. Petersburg",Florida,Accountant
info@nationalincometax.com,"National Tax Accounting & Financial Inc.",http://www.nationalincometax.com,"St. Petersburg",Florida,"Tax preparation"
beat-irs@taxproblemsolver.com,"Tax Problem Solver Inc.",http://www.taxproblemsolver.com,"St. Petersburg",Florida,"Tax preparation"
heather@jlarsen.com,"J Larsen & Associates Pc",http://www.jlarsen.com,"St. Petersburg",Florida,"Tax preparation service"
pat@pkcpafirm.com,"Patrick W Kraujalis CPA P.A.",http://www.pkcpafirm.com,"St. Petersburg",Florida,"Tax preparation service"
info@apexaccountingsolution.com,"Apex Accounting Solutions & Tax Services Inc.",http://www.apexaccountingsolution.com,Ruskin,Florida,"Financial Advisor"
reliance@reliancecpa.com,"Reliance Consulting CPAs",http://www.reliancecpa.com,Tampa,Florida,"Chartered accountant"
david@davidstrickler.com,"David J Strickler CPA PA",http://www.davidstrickler.com,"St. Petersburg",Florida,Accountant
bmetzler@metzleradvisory.com,"Metzler Advisory",http://www.metzleradvisory.com,"St. Petersburg",Florida,Accountant
jay@jekcpa.com,"Kauffman Jay E",http://www.jekcpa.com,"St. Petersburg",Florida,Accountant
mindy@tondreaultcpa.com,"Tondreault Tax & Accounting P.A.",http://www.tondreaultcpa.com,"St. Petersburg",Florida,"Chartered accountant"
accurate@accuratebillingservices.net,"Accurate Billing Services Inc",http://www.accuratebillingservices.net,"St. Petersburg",Florida,Accountant
travel@raymondjames.com,"Tom Kimler - Raymond James",http://www.tkimlerwealthmanagement.com,"St. Petersburg",Florida,"Financial Advisor"
kcloonan@rhpacpa.com,"Richard F Harrell CPA",http://rhpacpa.com,"Saint Petersburg",Florida,Accountant
jguarino@guarinocpa.com,"Melby & Guarino",http://www.guarinocpa.com,"Saint Petersburg",Florida,Accountant
info@dever-ewing.com,"Dever Ewing Company CPA",http://dever-ewing.com,"Madeira Beach",Florida,"Tax preparation service"
professionals@hirschaccounting.com,"H.L. Hirsch & Company LLC",http://www.hirschaccounting.com,Sanford,Florida,"Chartered accountant"
lramos@excellentmbs.com,"Excellent Medical Billing Services",http://excellentmbs.com,Sanford,Florida,Accountant
joaquin.torres@aga-advisors.com,"AGA CPAS & ADVISORS",http://aga-advisors.com,"Lake Mary",Florida,Accountant
margo@torocpa.com,"Toro Accounting & Consulting",http://www.torocpa.com,"Lake Mary",Florida,Accountant
herman@hstaxes.com,"Herman Singh & Associates Inc (CPA)",http://www.hstaxes.com,"Lake Mary",Florida,"Accounting firm"
shelley@wolfefg.com,"Wolfe Financial Group",http://www.wolfefg.com,"Lake Mary",Florida,Accountant
paula@lakemarywealthmanagement.com,"Paula Taylor CPA PA",http://paulataylorcpa.com,"Lake Mary",Florida,Accountant
info@robsanderscpa.com,"Sanders Robert CPA",http://robsanderscpa.com,"Winter Springs",Florida,Accountant
george@heathrowcpa.net,"International Tax Services",http://www.expatriateandalientaxservices.com,Heathrow,Florida,"Tax preparation service"
info@jpclarkcpa.com,"Judy P Carroll Clark CPA PLC",http://jpclarkcpa.com,Oviedo,Florida,Accountant
melanie@proadmininc.com,"Professional Administrative SpecialistsInc.",http://proadmininc.com,"Lake Monroe",Florida,"Accounting firm"
rk@gdccpa.com,"Robert Kimelman CPA",http://www.greene-dycus.com,Sanford,Florida,"Tax Services"
info@shahaccountingcpa.com,"Shah Accounting",http://www.orlandocpatax.com,"Altamonte Springs",Florida,"Tax preparation"
mike@altamontecpa.com,"Frutchey H Bruce CPA",http://www.altamontecpa.com,"Altamonte Springs",Florida,"Chartered accountant"
info@mapilicpas.com,"Mapilis CPA & Associates",http://www.mapilicpas.com,"Winter Park",Florida,Accountant
michelle@cpamrz.com,"Michelle R. Ziegenbein CPA",http://www.cpamrz.com,Apopka,Florida,Accountant
brandy@profitfirstac.com,"Profit First Accounting",http://profitfirstac.com,"Altamonte Springs",Florida,"Accounting firm"
info@cpa-biz.com,"Jameson Vicars & Co CPAs",http://cpa-biz.com,Sarasota,Florida,Accountant
mshoaf@mshoaf.com,"Shoaf Margaret CPA",http://www.mshoaf.com,Sarasota,Florida,Accountant
joe@suplee-shea.com,"Suplee Shea Cramer & Rocklein PA",http://www.suplee-shea.com,Sarasota,Florida,"Chartered accountant"
badams@gewcpa.com,"Goar Endriss & Walker PA",http://www.gewcpa.com,Sarasota,Florida,"Chartered accountant"
info@flcpa.us,"Armentrout & Theis",http://www.flcpa.us,Sarasota,Florida,Accountant
michael@jcompanycpa.com,"Sarasota CPA Accounting Firm - Michael Jakusovas",http://www.sarasotaaccounting.com,Sarasota,Florida,Accountant
dstroer@miles-thirion.com,"Miles & Thirion",http://www.miles-thirion.com,Sarasota,Florida,"Tax preparation service"
eric@theproviderconnection.com,"Provider Connection Inc",http://www.theproviderconnection.com,Sarasota,Florida,Accountant
carol@carolmonvillecpa.com,"Carol Lynn Monville CPA PA",http://carolmonvillecpa.com,Sarasota,Florida,Accountant
francina@franhollaway.com,"Francina M Hollaway CPA LLC",http://www.hollawayfinancial.com,Sarasota,Florida,"Chartered accountant"
anettedes@proservices4taxes.com,"professional services for accounting & taxes llc - sarasota",http://www.proservices4taxes.com,Sarasota,Florida,Accountant
steve.musco@muscocpa.com,"Stephen M Musco & Company CPAs",http://muscocpa.com,Sarasota,Florida,"Tax preparation service"
ljencks@lejservices.com,"Lynda E Jencks Consultant/Services LLC",http://www.lejservices.com,Sarasota,Florida,Accountant
denise@tropicaltaxx.com,"Tropical Taxx & Paradise Payroll",http://tropicaltaxx.com,Sarasota,Florida,"Chartered accountant"
susan@timmcpa.com,"Timm & Timm P.A.",http://www.timmcpa.com,Sarasota,Florida,"Chartered accountant"
nick@boriscpa.com,"Nicholas J. Boris CPA PA",http://www.boriscpa.com,Sarasota,Florida,Accountant
info@congdonandcompany.com,"Congdon and Company Inc.",http://www.congdonandcompany.com,Sarasota,Florida,"Tax preparation service"
info@completecpa.com,"Brian J McGinn CPA",http://www.brianmcginn.com,Sarasota,Florida,"Chartered accountant"
rbnpa@earthlink.net,"Rebecca Benevides-Noonon",http://benevidesaccounting.com,Sebring,Florida,"Chartered accountant"
john.davis@wbwcpa.com,"Cox C Mark CPA",http://www.wbwcpa.com,Sebring,Florida,Accountant
paul@taxmaestro.com,"The Tax Maestro Inc",http://www.taxmaestro.com,Sebring,Florida,"Tax preparation service"
payables@tsimmonsco.com,"T Simmons & Co",http://www.tsimmonsco.com,Sebring,Florida,"Tax preparation service"
taxes@bjlcpa.net,"Bruce J. Lybarger CPA PA",http://bjlcpa.net,Sebring,Florida,"Chartered accountant"
taxes@brucejlybarger-cpa.com,"Bruce J Lybarger CPA",http://brucejlybarger-cpa.com,Sebring,Florida,"Chartered accountant"
lennis@hahcpa.com,"Hackney William CPA - Hackney Ames & Company PA",http://www.hahcpa.com,Wauchula,Florida,"Chartered accountant"
sales@bishoffandco.com,"Bishoff & Co",http://www.bishoffandco.com,Tallahassee,Florida,Accountant
info@verygoodcpa.com,"Frank Rong CPA",http://www.verygoodcpa.com,Tallahassee,Florida,Accountant
cpas@ccrcpa.com,"Carroll & Co",http://www.ccrcpa.com,Tallahassee,Florida,"Chartered accountant"
jackie@heltonaccounting.com,"Helton Accounting Services",http://heltonaccounting.com,Tallahassee,Florida,Accountant
tony@staracecpa.com,"Starace Accounting Firm",http://www.staracecpa.com,Tallahassee,Florida,Accountant
msc@ficpa.org,"Florida Institute of CPAs – FICPA",http://ficpa.org,Tallahassee,Florida,"Chartered accountant"
alison@rileynet.us,"Sunshine State Tax & Accounting Services LLC",http://www.suntaxfla.com,Tallahassee,Florida,"Chartered accountant"
info@cmartinassociates.com,"CMartin & Associates Inc",http://cmartinassociates.com,Tallahassee,Florida,"Chartered accountant"
mark@mcacpas.com,"Mark Carr & Associates CPAs",http://www.mcacpas.com,Tallahassee,Florida,"Chartered accountant"
sflynn@bryantcpa.com,"Skelton Bryant Bryant & Scarboro: Scarboro R Lee CPA",http://www.bryantcpa.com,Tallahassee,Florida,Accountant
info@hurseycpa.com,"Hursey & Associates P.A.",http://www.hurseycpa.com,Tallahassee,Florida,"Chartered accountant"
belinda@montgomerycpa.net,"Montgomery CPA Services",http://montgomerycpa.net,Tallahassee,Florida,"Chartered accountant"
kmkonrad@whhkcpas.com,"Wadsworth Humphress & Hollar P.A.",http://www.whhkcpas.com,Tallahassee,Florida,"Tax preparation service"
taxpro@eltouchtaxes.com,"Everlasting Touch Tax Service",http://www.eltouchtaxes.com,Tallahassee,Florida,"Tax preparation service"
annette@hillprofessional.com,"Hill Professional Services Inc.",http://hillprofessional.com,Tallahassee,Florida,"Bookkeeping service"
info@bookkeepersonsite.com,"Bookkeepers On Site",http://bookkeepersonsite.com,Tallahassee,Florida,Accountant
ray@grrobbins.com,"G R Robbins & Associates",http://www.grrobbins.com,Tallahassee,Florida,Accountant
elisabeth@smallbusinessconcerns.com,"Small Business Concerns",http://www.smallbusinessconcerns.com,Tallahassee,Florida,Accountant
jim@jgjohnsoncpa.com,"Jg Johnson Company CPA PC",http://www.jgjohnsoncpa.com,Tallahassee,Florida,"Tax preparation service"
jim@writemanenterprises.com,"Lmp Enterprises Pro & Acctg",http://www.writemanenterprises.com,Tallahassee,Florida,Accountant
info@zachcpa.com,"Zacharias Lawrence - Tampa CPAs",http://www.zachcpa.com,Tampa,Florida,"Chartered accountant"
mindyk@accounting-nerd.com,"Gerson Preston Robinson & Co",http://www.accounting-nerd.com,Tampa,Florida,Accountant
taxes@skfinancial.com,"SK Financial CPA LLC",http://skfinancial.com,Tampa,Florida,"Chartered accountant"
dmcclintock@dowdycpas.com,"Dowdy and Company PA",http://dowdycpas.com,Tampa,Florida,"Accounting firm"
sphifer@mpmpa.com,"Morgenstern Phifer & Messina",http://mpmpa.com,Tampa,Florida,Accountant
info@sapanarawymancpa.com,"Sapanara & Wyman P.A. Certified Public Accountants",http://www.sapanarawymancpa.com,Tampa,Florida,"Chartered accountant"
info@thecfoassociates.com,"CFO Associates LLC",http://thecfoassociates.com,Tampa,Florida,"Chartered accountant"
mcquay@cpatampabay.com,"David McQuay Jr. CPA PA",http://www.cpatampabay.com,Tampa,Florida,"Chartered accountant"
denise@postonaccounting.com,"Poston Accounting",http://www.postonaccounting.com,Tampa,Florida,"Tax preparation service"
info@pasan-services.com,"PASAN Accountants",http://www.pasan-services.com,Tampa,Florida,"Tax Advisor"
nick@covingtonligori.com,"Covington Ligori PA",http://www.covingtonligori.com,Tampa,Florida,Accountant
info@tax-and-accounting.com,"Tax Service & Accounting",http://www.tax-and-accounting.com,Tampa,Florida,"Tax preparation service"
jfcpa@verizon.net,"tax audit tampa",http://www.taxaudittampa.com,Tampa,Florida,Accountant
info@cohengrieb.com,"Cohen & Grieb",http://www.cohengrieb.com,Tampa,Florida,Accountant
gappleby@maccpaweb.com,"Marsocci Appleby & Company",http://maccpaweb.com,Tampa,Florida,"Chartered accountant"
craftcpa@verizon.net,"Craft & Company CPAs",http://www.craftandco.com,Tampa,Florida,"Tax preparation service"
accounting@bookkeepingessentials.org,"Bookkeeping Essentials",http://bookkeepingessentials.org,Tampa,Florida,"Bookkeeping service"
info@cacocpa.com,"Coulter Aviles & Company LLC",http://www.cajcpa.com,Tampa,Florida,"Accounting firm"
thobson@thandcompany.com,"Thomas Hobson & Company PLLC",http://thandcompany.com,Tampa,Florida,"Chartered accountant"
info@felixblancocpa.com,"Felix Blanco CPA",http://www.felixblancocpa.com,Tampa,Florida,"Chartered accountant"
eja@aacpas.com,"Alessandri & Alessandri P.A.",http://www.aacpas.com,Tampa,Florida,"Chartered accountant"
info@bskfinancial.com,"BSK Financial Services Inc",http://www.bskfinancial.com,Lutz,Florida,Accountant
amckay@nm-cpa.com,"Nelson & McKay CPAs LLC",http://www.nm-cpa.com,Tampa,Florida,"Chartered accountant"
info@acpagroup.com,"Alvarez CPA Group",http://acpagroup.com,Tampa,Florida,"Chartered accountant"
randi.raaen@verizon.net,"Raaen Randi CPA",http://randilraaencpa.com,Tampa,Florida,Accountant
fred@gatorhoffmancpa.com,"Frederick P. Hoffman CPA PA",http://www.gatorhoffmancpa.com,Tampa,Florida,"Chartered accountant"
info@interstarfinancial.com,"Angela F North & Co",http://www.interstarfinancial.com,Tampa,Florida,Accountant
dibah@sekajipocpa.com,"Lawrence D Sekajipo Cpa",http://www.sekajipocpa.com,Tampa,Florida,"Chartered accountant"
info@singleton-cpa.com,"Marcy Singleton & Associates CPAs P.A",http://www.singleton-cpa.com,Tampa,Florida,"Accounting firm"
alan@ageercpa.com,"Geer Alan K CPA",http://www.ageercpa.com,"Temple Terrace",Florida,Accountant
rmilner@accell-ac.com,"Accell Audit & Compliance PA",http://www.theaccellgroup.com,Tampa,Florida,"Accounting firm"
info@kingandwalker.com,"King & Walker CPAs",http://kingandwalker.com,Tampa,Florida,Accountant
craig@tampataxcoach.com,"Craig Hawkins CPA",http://www.tampataxcoach.com,Tampa,Florida,Accountant
jblasquez@hlmcpa.com,"Hanna Lemar & Morris CPAS",http://www.hlmcpa.com,"Temple Terrace",Florida,"Chartered accountant"
paulette@holderandcompanycpas.com,"Holder & Co",http://www.holderandcompanycpas.com,Lutz,Florida,Accountant
info@gbetancourtcpa.com,"Gj Betancourt CPA PA",http://gbetancourtcpa.com,Tampa,Florida,"Tax Advisor"
info@stahlandco.com,"Stahl & Co. Acounting Services",http://www.stahlandco.com,"Temple Terrace",Florida,Accountant
norma@wellencpa.com,"Robert J. Wellen Jr. PA",http://www.wellencpa.com,Brandon,Florida,Accountant
steve@tampacpa.net,"Steven H. Osiason CPA PLLC",http://www.tampacpa.net,Tampa,Florida,Accountant
info@batstampa.com,"Bay Area Tax Specialists",http://batstampa.com,"New Port Richey",Florida,"Tax preparation"
glenn@nakamuracpa.com,"Nakamura & Abraham CPAs PL",http://nakamuraandabraham.com,Tampa,Florida,"Accounting firm"
eruiz@wavecapital.biz,Wavecapital,http://wavecapital.biz,Tampa,Florida,"Tax preparation service"
info@teeling.co,"Teeling & Company Cpas",http://teeling.co,Tampa,Florida,"Tax Advisor"
em@emckeecpa.com,"McKee CPA Elizabeth PA",http://emckeecpa.com,Tampa,Florida,Accountant
lynne@hamiltonandphillips.com,"Hamilton & Associates CPA LLC",http://www.cpabrandonfl.com,Brandon,Florida,Accountant
robert@qualityaccountingntax.com,"Quality Accounting & Tax Services",http://qualityaccountingntax.com,Tampa,Florida,"Tax preparation service"
sally@horgancpas.com,"Horgan & Company Cpa's PA",http://horgancpas.com,Tampa,Florida,"Tax preparation service"
dfischer@jimmycfischercompany.com,"Jimmy C Fischer & Company CPA",http://www.jimmycfischercompany.com,Tampa,Florida,"Tax preparation service"
taxes@fasttaxgroup.com,"Fast Tax Group",http://www.fasttaxgroup.com,Tampa,Florida,"Tax Services"
dorothy@extrahandsaccounting.com,"Extra Hands Accounting Inc",http://www.extrahandsaccounting.com,"Tarpon Springs",Florida,Accountant
danielle@schallescpa.com,"Schalles And Associates",http://www.schallescpa.com,"Palm Harbor",Florida,"Accounting firm"
dormiston@davidormistoncpa.com,"David W. Ormiston CPA PA",http://www.davidormistoncpa.com,"Palm Harbor",Florida,"Chartered accountant"
traci@jonescpas.com,"Jones & Company CPAs P.A.",http://www.jonescpas.com,Trinity,Florida,"Chartered accountant"
demetri@timetodotaxes.com,"Moustopoulos & Company Inc",http://www.timetodotaxes.com,"Palm Harbor",Florida,Accountant
info@mw-accounting.com,"M W Accounting & Tax Services",http://www.mw-accounting.com,"Palm Harbor",Florida,Accountant
info@bconsultants.net,"Shan Shikarpuri & Associates PA",http://www.bconsultants.net,"Palm Harbor",Florida,"Chartered accountant"
wtejada@pjkcpa.com,"Peck Jenkins Kershner CPAs PA",http://www.pjkcpa.com,"Palm Harbor",Florida,"Tax preparation service"
khara@koulianos.com,"Koulianos & Associates",http://www.koulianos.com,"Tarpon Springs",Florida,Accountant
info@shermanaccounting.com,"Sherman Accounting Services Inc.",http://shermanaccounting.com,"New Port Richey",Florida,"Chartered accountant"
cpa@houghcpa.com,"Hough & Company PA CPA",http://www.houghcpa.com,Venice,Florida,"Investment service"
bryan@cpavenicefl.com,"Bryan J. Archer C.P.A. P.A.",http://www.cpavenicefl.com,Venice,Florida,"Chartered accountant"
todd@accucountllc.com,"Accucount LLC",http://www.accucountllc.com,Venice,Florida,Accountant
joe@tc-fl.com,"Tax Center: Income Tax and Accounting Services",http://www.tc-fl.com,Venice,Florida,"Tax preparation"
cari@carielaine.com,"Susan L Sutton PA",http://www.carielaine.com,Venice,Florida,Accountant
info@jplpa.com,"Laudenslager John",http://www.jplpa.com,Nokomis,Florida,Accountant
info@bythebooksfl.com,"By the Books LLC",http://sarasotabookkeeping.com,Osprey,Florida,Accountant
ken@kensbookkeeping.com,"Coastal Bookkeeping Associates",http://www.kensbookkeeping.com,Englewood,Florida,Accountant
info@thcomptrollers.com,"T & H Comptrollers",http://www.thcomptrollers.com,Venice,Florida,"Tax preparation service"
laurap@laprevratil.com,"L a Prevrati LLC",http://www.laprevratil.com,"West Palm Beach",Florida,Accountant
bob@cpbmanagement.com,"CPB Management",http://www.cpbmanagement.com,"West Palm Beach",Florida,Accountant
info@lavinandassociates.com,"Lavin and Associates",http://lavinandassociates.com,"West Palm Beach",Florida,Accountant
info@osaccounting.com,"On-Site Accounting & Consulting Inc",http://www.osaccounting.com,"West Palm Beach",Florida,Accountant
bree@tycheaccounting.com,"Tyche Accounting Group",http://www.tycheaccounting.com,"West Palm Beach",Florida,Accountant
larimar@miquelaccounting.com,"Miquel Accounting Services",http://miquelaccounting.com,"West Palm Beach",Florida,"Tax preparation service"
athomas@frenchandturdo.com,"French & Turdo PA",http://frenchandturdo.com,"West Palm Beach",Florida,Accountant
bmanis@maniscpa.com,"Manis & Company LLC Certified Public Accountants",http://maniscpa.com,"West Palm Beach",Florida,Accountant
help@eagletaxrelief.com,"Eagle Tax Relief",http://eagletaxrelief.com,"Palm Beach",Florida,Accountant
info@themobiletax.com,"Mobile Tax and Financial Services LLC",http://www.themobiletax.com,"West Palm Beach",Florida,"Tax preparation service"
info@accountingcommandos.com,"Business Services 4 U LLC",http://www.bizsvc4u.com,"West Palm Beach",Florida,"Bookkeeping service"
mcaramanica@tlolawfirm.com,"Locicero Thomas",http://www.tlolawfirm.com,"Lake Worth",Florida,Accountant
cpaalex@att.net,"Alijewicz Alex CPA",http://cpaalex.com,Wellington,Florida,Accountant
matt@roncacecpa.com,"Matthew L. Roncace CPA PA",http://www.roncacecpa.com,"West Palm Beach",Florida,Accountant
info@barronandkogancpas.com,"Barron & Kogan",http://www.barronandkogancpas.com,Wellington,Florida,Accountant
info@theqccenter.com,"Quality Control Center Corporation",http://www.theqccenter.com,"West Palm Beach",Florida,Accounting
pete@bozetarnikcpa.com,"Bozetarnik & Company LLP",http://www.bozetarnikcpa.com,"West Palm Beach",Florida,"Tax Advisor"
nikkiwood@kendanielscpa.com,"Kenneth M Daniels CPA PA",http://kendanielscpa.com,Jasper,Florida,"Chartered accountant"
jkuykendall@gulfcoastfinancial.net,"GulfCoast Financial Services Inc",http://gulfcoasttaxservices.net,"Lake City",Florida,"Tax preparation"
support@creditupscores.com,"FLORIDA TAX & CREDIT SERVICES",http://www.creditupscores.com,Kissimmee,Florida,"Tax preparation service"
brad.dantzler@raymondjames.com,"Brad Dantzler - Raymond James",http://www.braddantzler.com,"Winter Haven",Florida,"Financial Advisor"
info@rctaxservice.com,"RC Tax Service",http://rctaxservice.com,"Haines City",Florida,"Tax preparation service"
ftr.cdl@verizon.net,"For The Record",http://fortherecordllc.com,"Winter Haven",Florida,Accountant
info@ssjpa.com,"Scearce Satcher & Jung PA",http://www.ssjpa.com,"Winter Park",Florida,Accountant
jhodgson@batesco.com,"Bates & Company Inc.",http://www.batesco.com,"Winter Park",Florida,Accountant
rosan@calabellocpa.com,"Calabello Rosan CPA",http://www.calabellocpa.com,"Winter Park",Florida,"Tax preparation service"
jameshh@carmelent.com,"Carmel Enterprises",http://carmelent.com,"Winter Park",Florida,Accountant
john@cflcpa.com,"Behrle & Associates",http://behrlecpa.com,"Winter Park",Florida,"Chartered accountant"
kaltizer@ka-co.com,"Keith Altizer & Co PA",http://www.ka-co.com,Maitland,Florida,Accountant
ccrcraig@craigclaytoncpa.com,"Craig Clayton CPA",http://www.craigclaytoncpa.com,Maitland,Florida,Accountant
info@mactaxes.com,"Warren McMillen Jr CPA",http://warrenmcmillencpa.com,Maitland,Florida,Accountant
info@loweaccounting.com,"Lowe Financial Group Llc",http://loweaccounting.com,"Winter Park",Florida,"Bookkeeping service"
madelin@ntpg.tax,"National Tax Professional Group",http://ntpg.tax,"Winter Park",Florida,"Tax preparation service"
jennifer.leigh@intlfcstone.com,"INTL FCStone",http://www.intlfcstone.com,"Winter Park",Florida,"Financial Advisor"
jrohrbach@cfosp.com,"CFO Strategic Partners",http://www.cfosp.com,"Winter Park",Florida,"Financial Advisor"
accounting@thekeelergroup.com,"The Keeler Group",http://www.thekeelergroup.com,Maitland,Florida,"Chartered accountant"
info@xyzlaw.com,"Genesis Accounting and Tax Services",http://genesistaxnaccounting.in,"Winter Park",Florida,Accountant
