email,company,website,city,state,profession
norenbergtax@paulbunyan.net,"Norenberg & Associates Tax & Consulting Services",http://www.norenbergtax.com,Bemidji,Minnesota,"Tax preparation service"
jamin.carlson@ci.bemidji.mn.us,"Bemidji City Assessor",http://www.ci.bemidji.mn.us,Bemidji,Minnesota,"City Tax Office"
igor@newagecpa.com,"Igor Dykhne CPA",http://www.newagecpa.com,Bloomington,Minnesota,"Tax preparation service"
info@foremanairhart.com,"Foreman & Airhart LTD.",http://www.foremanairhart.com,Bloomington,Minnesota,Accountant
hgitlin@moc-cpa.com,"Madsen OMeara and Company P.C.",http://www.moc-cpa.com,Bloomington,Minnesota,Accountant
jon@atriumaccountingco.com,"Atrium Accounting Co.",http://www.atriumaccountingco.com,Bloomington,Minnesota,"Chartered accountant"
support@800ustax.com,800USTAX,http://800ustax.com,Bloomington,Minnesota,Accountant
nwalch@snicertes.com,"SNI Certes",http://snicertes.com,Bloomington,Minnesota,"Accounting firm"
dan.weiss@wellstax.com,"Wells Schluter Hanson & Co Inc",http://www.wellstax.com,Minneapolis,Minnesota,Accountant
mike@mdjohnsoncompany.com,"Michael Johnson & Co Ltd",http://www.mdjohnsoncompany.com,Minneapolis,Minnesota,Accountant
luann@caseymenden.com,"Casey Menden Faust & Nelson",http://www.caseymenden.com,Minneapolis,Minnesota,Accountant
aagrey@lss-cpas.com,"Lethert Skwira Schultz & Co LLP",http://lss-cpas.com,Minneapolis,Minnesota,"Accounting firm"
gregvath@taxdynamic.com,"Tax Dynamic",http://taxdynamic.com,Bloomington,Minnesota,"Tax preparation service"
matthew.d.brewers@ampf.com,"Jacobson & Associates Ltd D/B/A Jacobson & Young",http://www.jacobsontax.com,Edina,Minnesota,Accountant
cpa@enestvedt.com,"Enestvedt & Christensen",http://www.enestvedt.com,Burnsville,Minnesota,"Chartered accountant"
grace@fml-cpa.com,"Fairchild Maddox & Leonidas",http://www.fml-cpa.com,Minneapolis,Minnesota,Accountant
craig.michaels@cjmnltd.com,"CJMn Ltd",http://www.cjmnltd.com,Edina,Minnesota,"Tax preparation service"
info@accountpro-us.com,"AccountPro LLC",http://www.accountpro-us.com,Edina,Minnesota,"Bookkeeping service"
steverial@taxpreparationservicemn.com,"Tax Preparation Service",http://www.taxpreparationservicemn.com,Bloomington,Minnesota,"Tax preparation service"
gjohnson@sbgb.com,"Sevenich Butler Gerlach & Brazil Ltd.",http://www.sbgb.com,"St Paul",Minnesota,"Chartered accountant"
diane@crispandgravley.com,"Crisp and Gravley LLC.",http://www.crispandgravley.com,Burnsville,Minnesota,Accountant
aysun@aataccounting.com,"AAT Accounting & Tax Services LLC",http://www.aataccounting.com,"Prior Lake",Minnesota,"Tax Advisor"
bobj@stenmarkinc.com,"Stenmark Financial Services Inc",http://stenmarkinc.com,Bloomington,Minnesota,"Financial Advisor"
info@araccountingsolutions.com,"AR Accounting Solutions",http://www.araccountingsolutions.com,Minneapolis,Minnesota,Accountant
jgrayson@graysontaxlaw.com,"Grayson Tax & Legal Group PLLC",http://www.graysontaxlaw.com,Bloomington,Minnesota,"Tax Lawyer"
info@taxadvisorygrp.com,"The Tax Advisory Group",http://www.taxadvisorygrp.com,Minneapolis,Minnesota,"Tax preparation"
bergstrom@bergstromtax.com,"Bergstrom Tax Services",http://www.bergstromtax.com,Minneapolis,Minnesota,"Tax preparation service"
frontdoor@larsenlarsen.com,"Larsen Larsen & Associates PA",http://www.larsenlarsen.com,"Apple Valley",Minnesota,"Tax preparation service"
lknafo@snicompanies.com,"Accounting Now",http://www.accountingnow.com,Bloomington,Minnesota,Accountant
geoff@perron-ewald.com,"Perron & Ewald Ltd.",http://www.perron-ewald.com,Burnsville,Minnesota,Accountant
info@budenskecpa.com,"Budenske & Wilson Pllp",http://www.budenskecpa.com,Edina,Minnesota,"Tax preparation"
derik@brainerdcpa.com,"B Johnson & Associates Ltd: Gerber Mark R CPA",http://brainerdcpa.com,Brainerd,Minnesota,Accountant
mitch@brainerdtax.com,"Reeds Tax and Accounting Services",http://brainerdtax.com,Brainerd,Minnesota,"Tax preparation service"
chris@acctsense.com,"Account Sense Bookkeeping & Payroll",http://www.acctsense.com,Brainerd,Minnesota,"Bookkeeping service"
bensonj@ceteranetworks.com,"Cornerstone Advisors LLC",http://www.cornerstonedifference.com,Baxter,Minnesota,"Tax preparation service"
knelson@nisswatax.com,"Nisswa Tax Services",http://www.nisswatax.com,Nisswa,Minnesota,"Tax preparation service"
ron.bekins@stifel.com,Stifel,http://www.stifel.com,Baxter,Minnesota,"Investment service"
ddempsey@rtocpa.com,"Teresa Giese CPA",http://www.rtocpa.com,"Little Falls",Minnesota,"Chartered accountant"
tobrien@esterbrooks.com,"Esterbrooks Scott Signorelli",http://www.esterbrooks.com,Duluth,Minnesota,"Tax preparation service"
dreama@bookkeeping-plus.com,"Bookkeeping Plus",http://www.bookkeeping-plus.com,Duluth,Minnesota,Accountant
mwerhan@mediacombb.net,"Muckala & Werhan PLLC",http://www.muckalawerhancpas.com,Cloquet,Minnesota,"Chartered accountant"
connect@grahamsvc.com,"Cloquet Bookkeeping Service LLC",http://www.cloquetbookkeeping.com,Cloquet,Minnesota,"Bookkeeping service"
info@wghcpas.com,"Walker Giroux & Hahne LLC",http://wghcpas.com,Virginia,Minnesota,"Tax preparation"
djohnson@dijohnsonco.com,"D I Johnson & Co Ltd",http://www.dijohnsonco.com,Virginia,Minnesota,Accountant
sales@24hrbookkeeper.com,"24hr Bookkeeper",http://www.24hrbookkeeper.com,Hibbing,Minnesota,"Bookkeeping service"
qb@sherriqacctg.com,"S O S Sherri's Office Services",http://www.sherriqacctg.com,"Grand Rapids",Minnesota,Accountant
mike@glorvigen.com,"Glorvigen Theis Lind & Company",http://www.glorvigen.com,"Grand Rapids",Minnesota,"Tax preparation service"
sscpa@prtel.com,"Swenson Saurer Gerber Anderson & Co. Ltd.",http://ssgacpa.com,"Fergus Falls",Minnesota,"Tax preparation service"
mike@smithsemcpa.com,"Smith & Sem Ltd. - Certified Public Accountants",http://smithsemcpa.com,"Fergus Falls",Minnesota,"Tax preparation"
raymondjames@ultramartravel.com,"Raymond James Financial Services",http://www.raymondjames.com,"International Falls",Minnesota,"Investment service"
pamelac@ats1040.net,"Accounting & Tax Solutions",http://www.ats1040.net,Mankato,Minnesota,"Tax preparation service"
info@stpetercpa.com,"Hahn Accounting David M Hahn CPA",http://stpetercpa.com,"St Peter",Minnesota,"Tax preparation service"
melanie@pclcpas.com,"Peterson Co",http://www.pclcpas.com,Waconia,Minnesota,Accountant
friends@co.blue-earth.mn.us,"Blue Earth County Assessor",http://www.co.blue-earth.mn.us,Mankato,Minnesota,"Tax assessor"
dan@johndoercpa.com,"Johnson Doerhoefer & Miner P.A.",http://johndoercpa.com,"Blooming Prairie",Minnesota,Accountant
office@abcocpa.com,"Ackerman Berquist & Co. Ltd.",http://abcocpa.com,Farmington,Minnesota,"Chartered accountant"
bernadette@bhherzogcpa.com,"Bernadette Wilson Insurance",http://www.bhwilsoncpa.com,Mankato,Minnesota,"Tax preparation service"
peter@schoeppnercpa.com,"Schoeppner & Associates",http://www.schoeppnercpa.com,"Le Sueur",Minnesota,"Tax preparation service"
ryurcekcpa@cccinternet.net,"Robert H Yurcek Jr CPA",http://robertyurcekcpa.com,Madelia,Minnesota,"Tax preparation service"
info@kubatcpa.com,"Michael D Kubat LLC",http://www.kubatcpa.com,Waseca,Minnesota,Accountant
cnap@bwkrogers.com,"BWK Rogers PC",http://bwkrogers.com,Minneapolis,Minnesota,Accountant
info@veloceaccountants.com,"Veloce Accountants",http://www.veloceaccountants.com,Minneapolis,Minnesota,Accountant
kdahl@sawltd.com,"Sherburne & Dahl",http://www.sherburnedahl.com,Minneapolis,Minnesota,Accountant
mindy@amaccounting.com,"AM Income Tax Services",http://amaccounting.com,Minneapolis,Minnesota,"Tax preparation service"
kenstruwe@taxandaccountinghelp.com,"Struwe Kenneth CPA",http://www.taxandaccountinghelp.com,Minneapolis,Minnesota,Accountant
jake@cpamullen.com,"Mullen Michael P CPA",http://www.cpamullen.com,Minneapolis,Minnesota,Accountant
info@francistaxservice.com,"Francis Tax Services LLC",http://www.francistaxservice.com,Minneapolis,Minnesota,"Tax preparation service"
amy@pbzcpa.com,"Peterson Beyenhof & Zahler Ltd.",http://www.pbzcpa.com,Minneapolis,Minnesota,Accountant
aklockmann@murryllc.com,"Murry & Associates LLC",http://murryllc.com,"Golden Valley",Minnesota,"Accounting firm"
scott@satcpa.net,"SAT CPA",http://www.satcpa.net,Minneapolis,Minnesota,"Chartered accountant"
deb@mgkltd.com,"Watkins John a CPA",http://www.mgkltd.com,Minneapolis,Minnesota,Accountant
tstoeger@brhllc.com,"Bomberg Hanson & Associates LLC",http://www.brhllc.com,Minneapolis,Minnesota,"Chartered accountant"
info@ctbcpa.com,"Caldwell Taylor & Brown Ltd",http://ctbcpa.com,"St Louis Park",Minnesota,Accountant
nate@hinrichsassociates.com,"Hinrichs & Associates Ltd",http://www.hinrichsassociates.com,"St Louis Park",Minnesota,Accountant
david@vacafinancial.com,"Vaca Tax and Financial Group LLC",http://davidvaca.efoliomn.com,Minneapolis,Minnesota,"Tax preparation service"
bmork@wmmorkco.com,"William Mork & Co Ltd",http://www.wmmorkco.com,"St Louis Park",Minnesota,Accountant
sbreyel@snicertes.com,"Certes Financial Pros",http://www.certespros.com,"Golden Valley",Minnesota,Accountant
tim@timothyandassociates.com,"Timothy & Associates Inc",http://www.timothyandassociates.com,Minneapolis,Minnesota,"Tax preparation"
arlyce@accounting-offices.net,"Arlyce Cleveland Ltd",http://www.accounting-offices.net,Blaine,Minnesota,"Tax preparation service"
andy@afrasercpa.com,"Andrew C. Fraser PA",http://www.afrasercpa.com,Minneapolis,Minnesota,"Tax preparation"
info@enabussol.com,"E&A Business Solutions Inc",http://www.enabussol.com,Minneapolis,Minnesota,Accountant
wendi@hockertsroga.com,"Hockert & Sroga",http://hockertsroga.com,"St Paul",Minnesota,Accountant
judy@gallastax.com,"Gallas Tax & Accounting",http://www.gallastax.com,Minneapolis,Minnesota,"Tax preparation"
dschwan@rhodeschwan.com,"Rhode Schwan & Co",http://www.rhodeschwan.com,Minneapolis,Minnesota,Accountant
andy@masonlimited.com,"Mason Limited DBA: Mason CPA",http://www.masonlimited.com,Roseville,Minnesota,"Tax preparation service"
info@vburgertax.com,"Bruce I. Kalmoe CPA",http://www.vburgertax.com,"Maple Grove",Minnesota,"Tax preparation service"
contact@accountingist.com,"Accountingist LLC",http://accountingist.com,Crystal,Minnesota,"Tax preparation service"
lisa@streamlineconsulting.biz,"Streamline Consulting",http://www.streamlineconsulting.biz,Minneapolis,Minnesota,"Accounting software company"
karen@palmkcpa.com,"Karen R Palm CPA",http://www.palmkcpa.com,Minneapolis,Minnesota,"Tax preparation service"
joe.schweitzer@taxes-advisor.com,"Joe Schweitzer EA Tax Preparation",http://taxes-advisor.com,Moorhead,Minnesota,"Tax preparation"
dfranke@frankeandassociates.com,"Franke Tax Advisors",http://www.franketax.com,Moorhead,Minnesota,"Tax preparation service"
danb@carlsonbranstad.com,"Carlson Branstad & Co",http://www.carlsonbranstad.com,Owatonna,Minnesota,Accountant
dmeulebroeck@mtcocpa.com,"Meulebroeck Taubert & Co. PLLP",http://www.mtcocpa.com,Pipestone,Minnesota,"Tax preparation service"
info@kinner.co,"Kinner & Company Ltd",http://kinner.co,Pipestone,Minnesota,"Chartered accountant"
wayne@wayneschilling.com,"Wayne Schilling Accounting",http://www.wayneschilling.com,"Red Wing",Minnesota,"Tax preparation service"
contact@skcpas.net,"Schmitz & Ketchum P.A.",http://www.skcpas.net,"St Cloud",Minnesota,"Chartered accountant"
cherie@landwehrfinancial.com,"Landwehr Tax & Accounting",http://landwehrtax.com,"Waite Park",Minnesota,"Tax preparation service"
leeann@k-kcpa.com,"Klimek & Kasella Ltd.",http://www.k-kcpa.com,"Sauk Rapids",Minnesota,"Chartered accountant"
kolson@khto.com,"Kenneth HT Olson Ltd",http://www.olsonadvisorygroupllc.com,Sartell,Minnesota,Accountant
john@jackstaxinc.com,"Foley Tax Service",http://www.jackstaxinc.com,"Sauk Rapids",Minnesota,"Tax preparation service"
rhovland@premadvisors.com,"Premier Advisors Group",http://www.premadvisors.com,"Sauk Rapids",Minnesota,"Financial Advisor"
james@kramerfinancial.org,"Kramer Financial",http://www.kramerfinancial.org,"St Cloud",Minnesota,"Financial Advisor"
chastings@larawayfinancial.com,"Laraway Financial Advisors Inc.",http://www.larawayfinancial.com,"St Cloud",Minnesota,"Financial Advisor"
diane@sartelltaxservice.com,"Sartell Tax & Accounting Services",http://sartelltaxservice.com,Sartell,Minnesota,"Tax preparation service"
info@henkecpa.com,"Henke CPA Services PC",http://www.henkecpa.com,Zimmerman,Minnesota,"Accounting firm"
scrutaire@sctasolutions.com,"S C Tax & Accounting Solutions LLC",http://www.sctasolutions.com,Foley,Minnesota,"Accounting firm"
lanzopri@charter.net,"D P Tax & Accounting",http://findtaxexperts.com,"Saint Michael",Minnesota,"Tax preparation service"
info@taxmanmn.com,"Advantage Tax Service Plus Inc",http://taxmanmn.com,Monticello,Minnesota,"Tax preparation service"
don@rauch-frankhauser.com,"Rauch & Frankhauser PLLP",http://www.rauch-frankhauser.com,"St Paul",Minnesota,"Chartered accountant"
sales@payrollcps.com,"Century Pay",http://payrollcps.com,"St Paul",Minnesota,Accountant
allenyang@theultimatetax.com,"Ultimate Tax & Accounting Group",http://hmongaccountants.com,"St Paul",Minnesota,"Tax preparation service"
jp@learycpa.com,"The Leary Group",http://www.learycpa.com,"St Paul",Minnesota,Accountant
jeanne@triangle-accounting.com,"Triangle Accounting",http://triangle-accounting.com,"St Paul",Minnesota,Accountant
email@rongyangcpa.com,"Rongyang CPA",http://www.rongyangcpa.com,"St Paul",Minnesota,Accountant
info@zelayataxservice.com,"Zelaya Tax Service LLC",http://zelayataxservice.com,"St Paul",Minnesota,"Tax preparation"
jimh@hoskinscpa.com,"Hoskins & Associates PA",http://www.hoskinscpa.com,Roseville,Minnesota,"Law firm"
info@stovall-associates.com,"Stovall & Associates",http://www.stovall-associates.com,Roseville,Minnesota,"Chartered accountant"
dan@perpetualresources.com,"Perpetual Resources Inc.",http://www.perpetualresources.com,"West St Paul",Minnesota,"Tax preparation service"
info@sslcpas.com,"Stenseth Samuelson & Boese Ltd.",http://www.woodburycpas.com,Woodbury,Minnesota,"Chartered accountant"
bchristenson@zabelco.com,"Zabel & Co. LLC",http://www.zabelco.com,"St Paul",Minnesota,"Chartered accountant"
dan@freimuth.biz,"Freimuth & Co. LLC f/k/a Steven W Freimuth & Co. LLC",http://www.freimuth.biz,"St Paul",Minnesota,"Tax preparation service"
info@wilkersoncpa.com,"Wilkerson Guthmann",http://www.wilkersoncpa.com,"Saint Paul",Minnesota,"Financial Advisor"
info@hansenaudit.com,"Hansen Audit Service",http://www.hansenaudit.com,"Saint Paul",Minnesota,Accountant
cfreund@leanderlimited.com,"Leander Limited",http://www.leanderlimited.com,"Saint Paul",Minnesota,Accountant
bianca@cpapartnersllc.com,"CPA Partners LLC",http://www.cpapartnersllc.com,Woodbury,Minnesota,"Chartered accountant"
tlamey@sagacitycpa.com,"Sagacity Tax & Accounting",http://sagacitycpa.com,Oakdale,Minnesota,"Chartered accountant"
klarson@mainstreetcom.com,"Meier Wealth Care",http://www.meierwealthcare.com,"Sauk Centre",Minnesota,"Financial Advisor"
jodee@jodeepaape.com,"Paape Jodee",http://www.jodeepaape.com,"South Saint Paul",Minnesota,Accountant
rcarlson@hbci.com,"Ricky L. Carlson CPA",http://www.rcarlsoncpa.com,Winona,Minnesota,"Chartered accountant"
