email,company,website,city,state,profession
info@hilocpa.com,"Namihira & Yokoyama",http://www.hilocpa.com,Hilo,Hawaii,"Tax preparation service"
trevor@miyakicpa.com,"Jay Miyaki LLC",http://www.jaymiyakicpa.com,Honolulu,Hawaii,Accountant
office@occpatax.com,"OCCPA LLC fka Oshima Company CPA",http://www.oshimacpa.com,Honolulu,Hawaii,Accountant
mike@yuda.com,"Michael J. Yuda CPA LLC",http://www.yuda.com,Honolulu,Hawaii,Accountant
amy@legacytaxgroup.com,"Legacy Tax Group A CPA Corporation",http://www.legacytaxgroup.com,Honolulu,Hawaii,"Tax preparation service"
garrett@irg-hi.com,"CPA Hawaii",http://www.cpa-hi.com,Honolulu,Hawaii,Accountant
jasmine.mira@wachiwatanabecpa.com,"Wachi & Watanabe CPA Inc",http://www.wachiwatanabecpa.com,Honolulu,Hawaii,"Tax preparation service"
a1@a1businessinc.com,"A-1 Business Services Inc",http://www.a1businessinc.com,Honolulu,Hawaii,Accountant
info@twcpas.com,"Tudor Wilson & Associates CPAs LLC",http://www.twhawaiicpas.com,Honolulu,Hawaii,Accountant
info@sshcpa.com,"Scott S. Hirai CPA LLC",http://www.sshcpa.com,Honolulu,Hawaii,"Chartered accountant"
work@kirio.com,"Kirio & Co",http://www.kirio.com,Honolulu,Hawaii,Accountant
felice@felicecpa.com,"Felice Valmas CPA & Co. LLC",http://www.felicecpa.com,Honolulu,Hawaii,"Chartered accountant"
info@summitacc.com,"Summit Accounting Solutions",http://summitacc.com,Honolulu,Hawaii,Accountant
syd@mcghawaii.com,"MC Group Hawaii Inc.",http://www.mcghawaii.com,Honolulu,Hawaii,"Chartered accountant"
ekosaki@aokcpas.com,"Akamine Oyadomari & Kosaki Inc: Yoneshige Burt H",http://www.aokcpas.com,Honolulu,Hawaii,Accountant
mike@eicpas.com,"Egami & Ichikawa: Okami Tammie R CPA",http://www.eicpas.com,Honolulu,Hawaii,Accountant
sarah.moore@tastra.com,"Tax Strategies",http://www.tastra.com,Honolulu,Hawaii,Accountant
ronaldt@kaimukicpa.com,"Ronald T. Tomasa CPA Inc.",http://www.strategicaccountants.com,Honolulu,Hawaii,Accountant
contact@trentk.com,"Trent Kobayakawa CPA LLC",http://trentk.com,Honolulu,Hawaii,"Accounting firm"
dean@dmcpainc.com,"Dean Miyamoto Inc",http://www.dmcpainc.com,Honolulu,Hawaii,"Tax preparation service"
hdsltd@sasakicpa.com,"Harold D Sasaki Ltd",http://www.sasakicpa.com,Honolulu,Hawaii,Accountant
janean@smarttaxhawaii.com,"Smart Tax & Business Solutions Inc.",http://www.smarttaxhawaii.com,Honolulu,Hawaii,"Tax preparation service"
alyona@accountinggrouphawaii.com,"Accounting Group Hawaii",http://www.accountinggrouphawaii.com,Honolulu,Hawaii,"Accounting firm"
reid@tatscpa.com,"Tatsuguchi CPA LLC",http://www.tatscpa.com,Honolulu,Hawaii,"Accounting firm"
info@vertaccount.com,"Vertaccount Inc.",http://vertaccount.com,Honolulu,Hawaii,"Bookkeeping service"
aschlissel@hawaii-tax.com,"Schlissel & Associates LLC",http://www.hawaii-tax.com,Honolulu,Hawaii,"Chartered accountant"
matt@cscpahi.com,"CS Accounting & Tax Services Inc.",http://www.cscpahi.com,Honolulu,Hawaii,Accountant
info@cwassociatescpas.com,"CW Associates CPAs",http://cpaloha.com,Honolulu,Hawaii,Accountant
tempsub@certfinancial.com,"Bernaldo Alan K CPA",http://www.certfinancial.com,Wailuku,Hawaii,Accountant
daniells@deborahdaniells.com,"Deborah Daniells & Associates CPA",http://www.deborahdaniells.com,Wailuku,Hawaii,Accountants
polly@mauitaxcpa.com,"Barbara J. Querry LLC",http://www.mauitaxcpa.com,Kihei,Hawaii,"Chartered accountant"
megan.newman@americanbar.org,"Thayer Shaun CPA",http://www.thayercpa.com,Wailuku,Hawaii,Accountant
elina@hartkopfcpa.com,"Elina Hartkopf CPA LLC",http://www.hartkopfcpa.com,Kihei,Hawaii,"Chartered accountant"
jymmie@pbsmauicpa.com,"Professional Business Services Inc",http://www.pbs-maui.com,Makawao,Hawaii,"Tax preparation service"
