email,company,website,city,state,profession
info@cpaservice.com,"CPA Service LLC",http://www.cpaservice.com,Beaverton,Oregon,"Chartered accountant"
info@ontimeaccounting.com,"On-Time Accounting",http://www.ontimeaccounting.com,Beaverton,Oregon,Accountant
belltax@helpontaxes.com,"Bell Tax Accountants",http://helpontaxes.com,Beaverton,Oregon,"Tax preparation service"
info@youngcocpas.com,"Young & Company CPAS",http://www.youngcocpas.com,Beaverton,Oregon,"Chartered accountant"
email@dethloffcpas.com,"Dethloff & Associates: Taylor Leon CPA",http://dethloffcpas.com,Beaverton,Oregon,Accountant
herb@cascadiacpa.com,"CASCADIA CPA PC",http://www.cascadiacpa.com,Beaverton,Oregon,"Chartered accountant"
info@sheridantax.com,"Sheridan Tax & Accounting",http://www.sheridantax.com,Beaverton,Oregon,"Tax preparation service"
shannon@taylorcorder.com,"Taylor & Corder LLC",http://www.taylorcorder.com,Beaverton,Oregon,Accountant
hello@skylineaccounting.com,"Skyline Accounting Inc.",http://www.skylineaccounting.com,Hillsboro,Oregon,"Bookkeeping service"
firm@cwfcpallc.com,"Carl w Foster LLC",http://cwfcpallc.com,Portland,Oregon,Accountant
help@countingworkspro.com,"BTL & Company - Tax & Accounting",http://btlcompany.com,Beaverton,Oregon,Accountant
info@marcri.com,"MARCRI LLC - Crisanto Agtani CPA",http://www.marcri.com,Beaverton,Oregon,"Chartered accountant"
laura@hashimotocpa.com,"Laura Hashimoto CPA LLC",http://www.hashimotocpa.com,Beaverton,Oregon,Accountant
anne@annegagginicpa.com,"Anne Gaggini CPA LLC",http://www.annegagginicpa.com,"Lake Oswego",Oregon,Accountant
ryan@ihdecpa.com,"Ihde CPA",http://www.ihdecpa.com,Beaverton,Oregon,Accountant
lee@juliafitzgeraldcpa.com,"Julia Fitzgerald CPA PC",http://www.juliafitzgeraldcpa.com,Portland,Oregon,Accountant
info@costadvisors.com,"Cost Advisors Inc.",http://www.costadvisors.com,Beaverton,Oregon,"Chartered accountant"
info@paxtonmillercpa.com,SKCPA&CO,http://skcpa.company,Portland,Oregon,Accountant
cathy@matthewsplus.com,"Matthews + Associates CPAs PC",http://matthewsplus.com,Portland,Oregon,Accountant
martha@marthagazeleycpa.com,"Gazeley Martha Page CPA",http://www.marthagazeleycpa.com,Portland,Oregon,Accountant
reliabletax@west-connect.com,"Reliable Tax Services",http://taxreliable.com,Beaverton,Oregon,"Tax preparation service"
office@vanguard-accounting.com,"Columbia Association Tax Inc",http://sfs.columbia.edu,Clackamas,Oregon,Accountant
info@cherrycityaccounting.com,"Cherry City Accounting",http://www.cherrycityaccounting.com,Tigard,Oregon,Accountant
bjc@bj-co.com,"Bashar & Johnson PC",http://www.bj-co.com,Beaverton,Oregon,"Accounting firm"
dan@parraccounting.com,"Parr Accounting Group Inc.",http://www.parraccounting.com,Bend,Oregon,Accountant
chelan@mcgregor-caverhillcpa.com,"McGregor-Caverhill CPA PC",http://mcgregor-caverhillcpa.com,Bend,Oregon,Accountant
barbara@tyler-accounting.com,"Tyler Accounting LLP",http://tyler-accounting.com,Bend,Oregon,"Chartered accountant"
andrew@cfobend.com,"Andrew Hunzicker CPA",http://www.cfobend.com,Bend,Oregon,Accountant
carrie@hogueaccountancy.com,"Hogue Accountancy CPA LLC",http://www.hogueaccountancy.com,Bend,Oregon,"Tax preparation service"
inquire@fowler-cpa.com,"Fowler & Co. Inc.",http://www.fowler-cpa.com,Bend,Oregon,"Chartered accountant"
peter@buncecpa.com,"Peter M. Bunce CPA LLC",http://buncecpa.com,Bend,Oregon,Accountant
grow@weltmanncpa.com,"Gary Weltmann CPA",http://www.weltmanncpa.com,Bend,Oregon,"Chartered accountant"
jan@janplantscpa.com,"Jan Plants CPA",http://www.janplantscpa.com,Bend,Oregon,Accountant
jerig@basicbooks.biz,"Basic Books",http://www.basicbooks.biz,Bend,Oregon,Accountant
info@preciselypayroll.com,"Precisely Payroll",http://preciselypayroll.com,Bend,Oregon,"Tax preparation service"
joseph.ferrin@lpl.com,"LPL Financial",http://www.josephferrinlpl.com,Bend,Oregon,"Financial Advisor"
mike@mohancpa.com,"Mohan Michael J CPA",http://www.mohancpa.com,Prineville,Oregon,"Tax preparation service"
mgiles@wavecrestdiscoveries.com,"Reiber Larry a CPA",http://wavecrestdiscoveries.com,"Coos Bay",Oregon,Accountant
bill.martin@surpasscpas.com,"Scoville G K CPA",http://www.surpasscpas.com,"North Bend",Oregon,Accountant
kelly@nwtaxaccountingllc.com,"NW Tax & Accounting LLC",http://www.nwtaxaccountingllc.com,Corvallis,Oregon,"Tax preparation service"
alyce@agroupcpas.com,"Anderson Group CPAs LLC",http://www.agroupcpas.com,Corvallis,Oregon,"Tax preparation service"
john@myaccountingsolutions.com,"John M Borden CPA PC",http://www.myaccountingsolutions.com,Albany,Oregon,Accountant
gracie@accuitycpas.com,"Accuity LLC",http://www.accuitycpas.com,Albany,Oregon,"Chartered accountant"
megan.newman@americanbar.org,"Compton English & Hunsaker PC",http://www.cehcpa.com,Salem,Oregon,Accountant
taxmenot@earthlink.net,"TRI-STAR Tax Service LLC",http://www.tristartaxservice.com,Lebanon,Oregon,"Tax preparation"
russell.gerig@gerigcpa.com,"Gerig Russell L CPA",http://www.gerigcpa.com,Lebanon,Oregon,Accountant
info@zirklelong.com,"Zirkle Long & Associates CPA",http://www.zirklelong.com,Eugene,Oregon,"Chartered accountant"
donsherrycpa@juno.com,"Donald J Sherry CPA",http://www.donsherrycpa.com,Eugene,Oregon,"Chartered accountant"
bmaas@emeraldcpa.com,"Emerald CPA Group",http://www.emeraldcpa.com,Eugene,Oregon,Accountant
info@myaccountingteam.com,"My Accounting Team",http://www.myaccountingteam.com,Eugene,Oregon,"Bookkeeping service"
sandra@advantagebusinesssolutions.com,"Administrative Assistance",http://www.advantagebusinesssolutions.com,Eugene,Oregon,Accountant
michael@lighthouseaccounting.com,"Light House Accounting",http://www.lighthouseaccounting.com,Eugene,Oregon,Accountant
jayne@ettax.com,"E-T Tax Service Inc.",http://ettax.com,Eugene,Oregon,"Tax preparation service"
shawn@mytaxcpa.biz,"Shawn Eichner CPA",http://www.mytaxcpa.biz,Springfield,Oregon,"Chartered accountant"
info@melindahandycpa.com,"Melinda Handy CPA LLC",http://www.melindahandycpa.com,Springfield,Oregon,"Chartered accountant"
support@sunshawl.com,"Sunshawl Services INC",http://www.sunshawl.com,Springfield,Oregon,"Bookkeeping service"
mclaughlinl@stifel.com,Stifel,http://www.stifel.com,Eugene,Oregon,"Investment service"
tech@bkunlimited.com,"Bookkeepers Unlimited",http://www.bkunlimited.com,Springfield,Oregon,"Tax preparation service"
mike@dprcpa.com,"Roots Michael S CPA",http://www.dprcpa.com,"Grants Pass",Oregon,Accountant
steves@southernoregoncpas.com,"Behymer Sorenson & Price LLC",http://kenbehymercpa.com,"Grants Pass",Oregon,"Chartered accountant"
office@accountinggp.com,"Accounting Consultant Inc A CPA Firm",http://www.accountinggp.com,"Grants Pass",Oregon,"Bookkeeping service"
susie@thedynamis.com,"Dynamis Accounting Solutions",http://www.thedynamis.com,"Grants Pass",Oregon,"Bookkeeping service"
info@welchig.com,"Welch Investment Group LLC",http://www.welchig.com,"Grants Pass",Oregon,"Financial Advisor"
help@medicaidhelp.com,"Mitchell & Blalock Diversified",http://www.mbdfs.com,"Grants Pass",Oregon,"Financial Advisor"
info@sundbergnicks.com,"Rowland Business Services",http://sundbergnicks.com,Hillsboro,Oregon,Accountant
ellyn@lomasfinancial.com,"Lomas Accounting Services",http://www.lomasfinancial.com,Hillsboro,Oregon,"Financial Advisor"
info@springcpa.us.co,"SpringCPA PC",http://www.springcpa.us.com,Portland,Oregon,"Chartered accountant"
rls@rlscpa.net,"Robert L Stacy CPA LLC",http://www.rlscpa.net,Tigard,Oregon,"Chartered accountant"
straxton@traxtoncpa.com,"Aaron Traxton CPA",http://www.traxtoncpa.com,Tigard,Oregon,"Chartered accountant"
jane@blockchatard.com,"Block Jane CPA",http://blockchatard.com,Portland,Oregon,Accountant
kim@kimalbertcpa.com,"Kim Albert CPA PC",http://www.kimalbertcpa.com,Portland,Oregon,"Chartered accountant"
contact@delozieraccounting.com,"Delozier Accounting",http://delozieraccounting.com,Hillsboro,Oregon,"Tax preparation"
dm-hangzhou@300.cn,"Delplanche Darrin",http://www.darrindelplanchecpa.com,Hillsboro,Oregon,Accountant
shair@smallbiz-accounting.com,"Onstott Kenneth L CPA",http://www.smallbiz-accounting.com,"Hood River",Oregon,Accountant
tom@romigcpa.com,"Lahna Lilly CPA",http://www.romigcpa.com,"Klamath Falls",Oregon,Accountant
kathyb@molatorecpa.com,"Molatore Scroggin Peterson & Co. LLP",http://molatorecpa.com,"Klamath Falls",Oregon,"Chartered accountant"
pam@amcomtaxkfalls.com,"Shameless Resolution",http://shamelessresolution.com,"Klamath Falls",Oregon,"Tax preparation service"
ndietzmann@dadco.com,"D.A. Davidson & Co.",http://www.dadavidson.com,"Klamath Falls",Oregon,"Financial Advisor"
linda@hornercpa.com,"Tax Man",http://www.hornercpa.com,"La Grande",Oregon,"Tax preparation service"
info@handyreagan.com,"Handy and Reagan",http://www.handyreagan.com,"Lake Oswego",Oregon,Accountant
diane@iversoncpa.com,"Iverson-Ross Diane L CPA",http://www.iversoncpa.com,Portland,Oregon,Accountant
janwalker@inform-accounting.com,"Inform Restaurant Accounting",http://www.inform-accounting.com,Tigard,Oregon,Accountant
dale@dwecpa.com,"Dale W. Engle CPA P.C.",http://www.dwecpa.com,Portland,Oregon,Accountant
info@bakertaxpc.com,"Baker Tax & Accounting PC",http://www.bakertaxpc.com,Clackamas,Oregon,"Tax preparation service"
info@carnegiecpa.com,"Carnegie Accounting LLP",http://carnegiecpa.com,Portland,Oregon,"Accounting firm"
info@obsidianfinance.com,"Obsidian Finance Group LLC",http://www.obsidianfinance.com,"Lake Oswego",Oregon,"Financial Advisor"
info@springcpa.us,"SpringCPA PC",http://www.springcpa.us,"Lake Oswego",Oregon,"Chartered accountant"
randy@aascpas.com,"Adams & Stewart CPA",http://aascpas.com,Portland,Oregon,Accountant
philjcpa@earthlink.net,"Phillip J Wilber CPA",http://www.pjwcpa.com,Milwaukie,Oregon,"Accounting firm"
info@sumitupba.com,"Burgess Bookkeeping Services",http://www.sumitupba.com,McMinnville,Oregon,"Bookkeeping service"
brian@wantcpa.com,"Want & Emery",http://www.wantcpa.com,Newberg,Oregon,"Chartered accountant"
cyndy@cyndystax.com,"Cyndy & Associates Tax Services LLC",http://cyndystax.com,Newberg,Oregon,Accountant
jlokan@mysalemcpa.com,"Davis Katter & Barrett: Katter Scott A CPA",http://www.mysalemcpa.com,Salem,Oregon,Accountant
taxhelp@newbergtax.com,"Newberg Tax Services PC",http://www.newbergtax.com,Newberg,Oregon,"Tax preparation service"
logsdonj@co.yamhill.or.us,"Yamhill County Treasurer",http://www.co.yamhill.or.us,McMinnville,Oregon,"Tax Department"
gary@oregon.com,"Gary Franklin CPA",http://www.cpagary.com,"Suite A",Oregon,Accountants
chris@jdpcpas.com,"Johannsen Dye & Purkeypile CPAS LLP",http://www.jdpcpas.com,Medford,Oregon,"Chartered accountant"
jon@dahlinaccounting.com,"Dahlin Accounting Consulting",http://www.dahlinaccounting.com,Medford,Oregon,Accountant
info@kdpllp.com,"Dustin Poland CPA CFE",http://www.dpocpa.com,Ashland,Oregon,Accountant
office@teamtax.net,"Tracey A Williams CPA",http://teamtax.net,Medford,Oregon,"Tax preparation service"
dan@djdcpapc.com,"Daniel J De Korte PC",http://djdcpapc.com,Medford,Oregon,Accountant
tom@tomwilcoxcpa.com,"Wilcox Thomas J CPA",http://www.tomwilcoxcpa.com,Medford,Oregon,Accountant
info@askyba.com,"Your Business Assistant",http://askyba.com,Medford,Oregon,"Accounting firm"
robin@papertrail-inc.com,"Paper Trail Bookkeeping Services",http://papertrailbookkeepers.com,Medford,Oregon,Accountant
email@listotax.com,"Listo Tax Solutions",http://listotax.com,Medford,Oregon,"Tax preparation service"
susan@susanmbahrcpa.com,"Bahr Susan CPA",http://www.susanmbahrcpa.com,Ashland,Oregon,Accountant
juliya@pabcinc.com,"HFG Accounting Services",http://www.pabcinc.com,Sherwood,Oregon,Accountant
nikkih@douglasscpa.com,"Douglass-Harmon CPA LLC.",http://www.douglasscpa.com,Canby,Oregon,"Chartered accountant"
info@mitchellaccounting.com,"Kari Mitchell Accounting P.C.",http://www.mitchellaccounting.com,"Oregon City",Oregon,"Chartered accountant"
b24170ed2e3ded5174b948d3bb6f931a06f643acabcf552829bf18ccdb507c51jeubanks@plusminusaccounting.com,"Plus Minus Inc.",http://plusminusaccounting.com,"Oregon City",Oregon,Accountant
tonyo@cpasgo.com,"MJ Gavaza CPA PC",http://www.mjgavazacpa.com,"Oregon City",Oregon,Accountant
nancee@morrisseyfp.com,"MORRISSEY FINANCIAL",http://www.morrisseyfp.com,"Oregon City",Oregon,"Chartered accountant"
yvonne@comprehensivetax.net,"Comprehensive Tax Service",http://www.comprehensivetax.net,"Oregon City",Oregon,"Tax preparation service"
ted@shariandersoncpa.com,"Shari Anderson CPA",http://www.shariandersoncpa.com,"Oregon City",Oregon,"Chartered accountant"
jenny@jbaccounting.net,"Douglas Drews Licensed Tax",http://www.jbaccounting.net,"Oregon City",Oregon,"Tax preparation service"
shelli@hustontax.net,"Huston Tax & Accounting Inc.",http://hustontax.net,Clackamas,Oregon,Accountant
front@wilcox-co.com,"Wilcox & Co",http://wilcox-co.com,Clackamas,Oregon,"Chartered accountant"
office@austintaxservicesinc.com,"Austin Tax Service Inc",http://www.austintaxservicesinc.com,Gladstone,Oregon,"Tax preparation"
hello@solidstatetax.com,"Solid State Tax Service LLC",http://www.solidstatetax.com,Milwaukie,Oregon,"Tax preparation service"
info@rotecpa.com,"Rote CPA and Consulting",http://www.rotecpa.com,Tualatin,Oregon,"Chartered accountant"
don@meyerbookkeeping.com,"Meyer Bookkeeping Inc",http://www.meyerbookkeeping.com,Portland,Oregon,"Tax preparation service"
rkc@cpa-bob.com,"Robert K. Carus Cpa Pc",http://www.cpa-bob.com,Clackamas,Oregon,Accountant
info@jensonspratlingcpa.com,"Jenson & Spratling LLP",http://www.jensonspratlingcpa.com,Pendleton,Oregon,Accountant
lynne@landmarktax.com,"Landmark Tax & Financial Services: Hasenkamp Jim",http://www.landmarktax.com,Pendleton,Oregon,Accountant
annie@anniesbookkeeping.com,"Annies Bookeeping & Payroll",http://anniesbookkeeping.com,"Gold Beach",Oregon,"Bookkeeping service"
contact@kern-thompson.com,"Kern & Thompson",http://www.kern-thompson.com,Portland,Oregon,"Chartered accountant"
ben@numbermanllc.com,"Numberman LLC",http://www.numbermanllc.com,Portland,Oregon,Accountant
rachael@laukamcguire.com,"Lauka & Associates",http://www.laukamcguire.com,Portland,Oregon,Accountant
office@jpkcpapc.com,"Kenote J Paul CPA",http://www.jpkcpapc.com,Portland,Oregon,Accountant
contact@craigekstrand.com,"Berg & Company LLC",http://www.craigekstrand.com,Portland,Oregon,"Chartered accountant"
mgilbert@gilbertval.com,"Gilbert Valuations",http://www.gilbertval.com,Portland,Oregon,"Chartered accountant"
tim@downingcaba.com,"Lovett & Corzatt: Corzatt Alan D CPA",http://lovettcorzatt.com,Portland,Oregon,Accountant
contact@rightonaccounting.com,"Right On Accounting LLC",http://www.rightonaccounting.com,Portland,Oregon,"Chartered accountant"
lsillett@barnescpa.com,"Daniel F Barnes CPA PC",http://www.barnescpa.com,Portland,Oregon,Accountant
mary@downscpas.com,"David R. & Mary F. Downs PC",http://www.downscpas.com,Portland,Oregon,Accountant
cindy@kershawassociates.com,"Kershaw & Associates Inc",http://www.kershawassociates.com,Tigard,Oregon,"Tax preparation service"
info@snkcpagroup.com,"SNK Consulting PC",http://www.snkpc.com,"West Linn",Oregon,"Chartered accountant"
george@georgethana.com,"George Thana CPA PC",http://www.georgethana.com,Portland,Oregon,Accounting
krista@hendricksonassociates.com,"Hendrickson & Associates LLC",http://www.hendricksonassociates.com,Sherwood,Oregon,"Bookkeeping service"
louise@raycpa.com,"Rowntree Tax Consulting",http://raycpa.com,Portland,Oregon,"Tax preparation service"
jan@pailthorpcpa.com,"Jan Ellen Pailthorp",http://pailthorpcpa.com,Portland,Oregon,"Chartered accountant"
dale@mybeckerbookkeeping.com,"Becker Bookkeeping & Tax Services",http://www.mybeckerbookkeeping.com,Portland,Oregon,Accountant
careers@lindquistcpa.com,"Lindquist LLP",http://www.lindquistcpa.com,Portland,Oregon,"Chartered accountant"
info@spadacpa.com,"Teresa J Spada CPA",http://spadacpa.com,Portland,Oregon,Accountant
susan@cpa-wc.com,"werner crawford accounting",http://www.cpa-wc.com,Prineville,Oregon,Accountant
remberts@embertsoncpa.com,"Embertson Richard CPA",http://www.embertsoncpa.com,Roseburg,Oregon,Accountant
vickie@neunerdavidson.com,"JEFFREY R. COOLEY CPA",http://www.neunerdavidson.com,Roseburg,Oregon,Auditor
brandie@wrgncpas.com,"Windedahl Rangitsch Groeneveld",http://www.wrgncpas.com,Salem,Oregon,Accountant
help@gabrielcpa.com,"Fred J Gabrial PC CPA",http://www.gabrielcpa.com,Salem,Oregon,Accountant
cpa@yoursalemcpa.com,"Hoots Bagley & Minto P.C.",http://www.yoursalemcpa.com,Salem,Oregon,"Tax preparation service"
julia@hansonvaughanllc.com,"Hanson Vaughan LLC",http://www.hansonvaughanllc.com,Salem,Oregon,Accountant
michelle@mwbookkeeping.net,"CPA Accounting & Tax Group",http://www.mwbookkeeping.net,Salem,Oregon,Accountant
contactus@gnjcpa.com,"Green Newton Jamison LLP",http://www.gnjwealth.com,Salem,Oregon,"Chartered accountant"
priscilla@the-write-touch.net,"The Write Touch",http://www.the-write-touch.net,Salem,Oregon,Accountant
info@bcsprofessional.com,"BCS Professional Payroll",http://www.bcsprofessional.com,Salem,Oregon,"Accounting firm"
jackie@elucidatebiz.com,"Elucidation Inc",http://www.elucidatebiz.com,Salem,Oregon,"Bookkeeping service"
office@jacoplin.com,"James A Coplin & Associates",http://www.jacoplin.com,Salem,Oregon,"Tax preparation service"
commissioners@co.marion.or.us,"Marion County Finance",http://www.co.marion.or.us,Salem,Oregon,"Financial Advisor"
deb@cascade-balancedbooks.com,"Cascade Balanced Books",http://www.cascade-balancedbooks.com,Salem,Oregon,Accountant
meaganj@accuraccounts.com,"AccurAccounts Inc.",http://www.accuraccounts.com,Keizer,Oregon,Accountant
sandy@melhorncpas.com,"Sandy Melhorn CPA",http://www.melhorncpas.com,Salem,Oregon,Accountant
info@aspenassoc.com,"Ctc Associates",http://aspenassoc.com,Salem,Oregon,Accountant
info@geeksterconsulting.com,"Kaseberg Patricia R CPA",http://www.prkasebergcpa.com,"The Dalles",Oregon,Accountant
contact@onstott.com,"Onstott Broehl & Cyphers CPAs PC",http://www.onstott.com,"The Dalles",Oregon,"Tax preparation"
michael.deveau@iff.com,"Crum Susan T CPA",http://www.powderpure.com,"The Dalles",Oregon,Accountants
info@averysays.com,"West Blain CPA",http://www.averysays.com,Tillamook,Oregon,Accountant
sneumill@co.tillamook.or.us,"Tillamook County Tax Department",http://www.co.tillamook.or.us,Tillamook,Oregon,"Tax Department"
