email,company,website,city,state,profession
john@johnbakercpa.com,"Baker John CPA",http://www.johnbakercpa.com,Anacortes,Washington,"Chartered accountant"
drlynne@huges.net,"Lynne M Lang Accounting",http://www.lynnemlangaccounting.com,Anacortes,Washington,"Tax preparation service"
carl@wsiaccounting.com,"WSI Accounting Inc",http://www.wsiaccounting.com,"Mt Vernon",Washington,Accountant
mike@oostrarouw.com,"Oostra Rouw & Associates Inc",http://www.oostrarouw.com,"Mt Vernon",Washington,"Tax preparation service"
edwin@termulocpa.com,"Termulo and Associates PLLC",http://www.termulocpa.com,Seattle,Washington,"Chartered accountant"
info@netwirkk.com,"Shelley R Wirkkala Inc",http://www.netwirkk.com,Auburn,Washington,Accountant
melanie@businessaccountingsolutions.us,"Business Accounting Solutions LLC",http://www.businessaccountingsolutions.us,Auburn,Washington,Accountant
dlcupples@automotiveaccounting.com,"AUTOMOTIVE ACCOUNTING SERVICES",http://automotiveaccounting.com,Auburn,Washington,"Bookkeeping service"
williamb@bratton-cpa.com,"William H. Bratton Certified Public Accountants",http://www.bratton-cpa.com,Kent,Washington,"Tax preparation"
taxinfo@brianberlage.com,"Accounting Solutions PLLC",http://www.brianberlage.com,"Federal Way",Washington,Accountant
john@vbskent.com,"Valley Business Services",http://www.vbskent.com,Kent,Washington,Accountant
debbie@sunshineacctg.com,"Sunshine Accounting",http://sunshineacctg.com,Covington,Washington,Accountant
bill@hondlecpa.com,"William B Hondle CPA PLLC",http://www.billcpa.com,Puyallup,Washington,"Chartered accountant"
laurie@schramandassociates.com,"Schram & Associates",http://www.schramandassociates.com,Covington,Washington,"Tax preparation service"
jenny@vs-cpa.com,"Hunt & Smith",http://www.vs-cpa.com,Covington,Washington,"Tax preparation service"
rob@securitytaxservices.com,"Security Tax Services LLC",http://www.securitytaxservices.com,"Federal Way",Washington,"Tax Lawyer"
web@conradtax.com,"Joseph Conrad Company",http://www.conradtax.com,Renton,Washington,"Tax preparation service"
luke@oldhamfrancis.com,"Tax Consultants of Washington",http://tcitax.com,"Federal Way",Washington,"Tax preparation service"
alan.gray@alangraycpa.com,"Alan L Gray CPA",http://alangraycpa.com,Kent,Washington,"Chartered accountant"
taxhelp@axtax.com,"AXTAX INC.",http://www.axtax.com,"Federal Way",Washington,"Tax preparation"
hzh@chrishconsul.com,"Christopher Huang CPAs PLLC",http://www.chrishcpa.com,Bellevue,Washington,"Chartered accountant"
kellie@eastsideaccountants.com,"Eastside Accountants",http://www.eastsideaccountants.com,Bellevue,Washington,"Accounting firm"
info@nwtcbellevue.com,"Northwest Tax Choices",http://www.nwtcbellevue.com,Bellevue,Washington,Accountant
kbottomley@hellamvaron.com,"Hellam Varon & Co Inc PS",http://www.hellamvaron.com,Bellevue,Washington,"Chartered accountant"
raj@rlptax.com,"RLP Tax & Accounting P.L.L.C. - Office of CPA & Enrolled Agent",http://www.rlptax.com,Bellevue,Washington,"Chartered accountant"
info@coxgracia.com,"Cox & Gracia",http://www.coxgracia.com,Bellevue,Washington,Accountant
mvisse@visse-cpas.com,"Esser Mark CPA",http://www.visse-cpas.com,Bellevue,Washington,Accountant
carol@summitacct.com,"Summit Accounting SVC Llc",http://www.summitacct.com,Bellevue,Washington,Accountant
partin@muellerpartin.com,"Mueller & Partin",http://www.muellerpartin.com,Bellevue,Washington,Accountant
info@theeastsideaccountant.com,"Eastside Accounting and Tax PS PC",http://www.theeastsideaccountant.com,Bellevue,Washington,"Chartered accountant"
arnie@kimnkimcpa.com,"Kim and Kim CPA",http://kimnkimcpa.com,Bellevue,Washington,"Chartered accountant"
gary@langardaccounting.com,"Chou Accounting",http://langardaccounting.com,Bellevue,Washington,Accountant
dand@smithdekay.com,"Smith & DeKay",http://smithdekay.com,Bellevue,Washington,"Chartered accountant"
meganc@cgccpa.com,"Geddes Chucka PLLC",http://www.cgccpa.com,Bellevue,Washington,"Chartered accountant"
katherine@bentonbray.com,"Benton Bray PLLC",http://www.bentonbray.com,Bellevue,Washington,"Chartered accountant"
office@lwtaxaccounting.com,"LW Tax & Accounting Services Inc.",http://www.lwtaxaccounting.com,Bellevue,Washington,Accountant
eichner@eassociates.com,"Eichner & Associates P.S.",http://www.eassociates.com,Bellevue,Washington,"Chartered accountant"
info@shkgroup.com,"SHK Group PLLC",http://shkgroup.com,Bellevue,Washington,"Chartered accountant"
sales@pivotpayables.com,"Pivot Payables",http://pivotpayables.com,Bellevue,Washington,Accountant
info@ncraccounting.com,"NCR Accounting Services Inc",http://www.ncraccounting.com,Bellevue,Washington,"Accounting firm"
info@eastsidecpa.com,"WALLACE & ASSOCIATES Certified Public Accountants",http://www.eastsidecpa.com,Bellevue,Washington,"Chartered accountant"
randy@rmmcpa.com,"Multack Randy CPA",http://www.rmmcpa.com,Bellevue,Washington,Accountant
info@wilsonacct.com,"Wilson Accounting & Financial Management",http://www.wilsonacct.com,Bellevue,Washington,"Financial Advisor"
jolie@summitaccountingpartners.com,"Summit Accounting Partners LLC",http://summitaccountingpartners.com,Bellevue,Washington,"Accounting firm"
john@weisscpas.com,"Weiss & Associates PS",http://weisscpas.com,Kirkland,Washington,"Chartered accountant"
jbeauprez@dadco.com,"D.A. Davidson & Co.",http://www.dadavidson.com,Bellevue,Washington,"Financial Advisor"
jonathan.peris@stifel.com,Stifel,http://www.stifel.com,Bellevue,Washington,"Investment service"
info@rodgers-cpa.com,"Rodgers & Company LLC",http://rodgers-cpa.com,Bellevue,Washington,"Chartered accountant"
fscps@falcosult.com,"Falco Sult & Co",http://www.falcosult.com,Redmond,Washington,"Chartered accountant"
dave@dkbtaxsolutions.com,"DKB Consulting PS",http://www.dkbtaxsolutions.com,Seattle,Washington,"Chartered accountant"
bill@wjacobscpa.com,"Jacobs William B CPA",http://www.highlandsinsurancesolutions.com,Bellevue,Washington,Accountant
tom@tscpas.com,"Thomas Swanson & Associates CPAs PLLC",http://www.tscpas.com,Bellevue,Washington,Accountant
amanda@bolsoncpa.com,"Adele Brady Bolson CPA PS",http://bolsoncpa.com,Bellevue,Washington,"Accounting firm"
michael@mgriffincpa.com,"Michael Griffin CPA",http://www.mgriffincpa.com,Kirkland,Washington,"Chartered accountant"
info@karenleecpa.com,"Karen Lee & Associates",http://karenleecpa.com,Bellevue,Washington,"Financial Advisor"
cathy@villemurecpa.com,"cathy villemure",http://www.villemurecpa.com,Kirkland,Washington,Accountant
sylvia@fairwoodcpas.com,"Fairwood CPA Services Pllc",http://www.fairwoodcpas.com,Renton,Washington,"Tax preparation service"
john@huddlestontax.com,"Huddleston Tax CPAs - Redmond",http://redmond-cpas-accountants.com,Redmond,Washington,"Tax preparation"
kevin@babermason.com,"Kevin Mason CPA",http://babermason.com,"Mercer Island",Washington,Accountants
alan@bergcpafirm.com,"Alan L Bergcpa",http://www.bergcpafirm.com,"Mercer Island",Washington,"Chartered accountant"
speters@pfpllc.com,"Peters & Company",http://www.pfpllc.com,"Mercer Island",Washington,Accountant
vivian@youngsaccounting.com,"Youngs Accounting",http://youngsaccounting.com,"Mercer Island",Washington,Accountant
mknutson@keassociates.com,"KE & Associates",http://www.keassociates.com,Kirkland,Washington,"Tax Services"
roza@zarembacpa.com,"Zaremba Paxton PS",http://www.zarembacpa.com,Bellingham,Washington,Accountant
aimee@vaughnhagencpa.com,"Vaughn S. Hagen CPA PS",http://www.vaughnhagencpa.com,Bellingham,Washington,Accountant
roy@lentzaccounting.com,"Lentz & Associates Inc.",http://www.lentzaccounting.com,Bellingham,Washington,Accountant
rob@gilfillancpa.com,"Gilfillan CPA",http://www.gilfillancpa.com,Bellingham,Washington,"Chartered accountant"
cpa@a1cpa.com,"Stevenson Mc Cullock CPA",http://www.a1cpa.com,Bellingham,Washington,"Tax preparation service"
jcurnow@curnowcpa.com,"Curnow & Curnow PLLC",http://www.curnowcpa.com,Bellingham,Washington,"Accounting firm"
kelly@justenough.biz,"Just Enough LLC",http://justenough.biz,Bellingham,Washington,"Bookkeeping service"
clarke@clarkewhitney.com,"Clarke Whitney CPA Inc.",http://www.clarkewhitney.com,Bremerton,Washington,"Tax preparation service"
terri@orsercpa.com,"Bradley W. Orser CPA Inc. P.S.",http://www.orsercpa.com,Bremerton,Washington,Accountant
dtreger@ball-treger.com,"Axtman Steven CPA",http://www.ball-treger.com,Bremerton,Washington,Accountant
cpa@coxlucy.net,"Cox & Lucy CPAs PS",http://www.coxlucy.net,"Port Orchard",Washington,Accountant
info@westsoundcpa.com,"West Sound CPA",http://westsoundcpa.com,Silverdale,Washington,"Chartered accountant"
hmacpa@wavecable.com,"Finney Vicki CPA",http://www.hmacpas.com,Silverdale,Washington,Accountant
beth@mdj-cpa.com,"Djordjevich Michael CPA",http://mdj-cpa.com,"Bainbridge Island",Washington,Accountant
info@richardmerrill.net,"Bryan Dennis CPA",http://www.richardmerrillconsulting.com,Silverdale,Washington,"Chartered accountant"
contact@maxhale.com,"Max Hale Center",http://maxhale.com,Bremerton,Washington,Accounting
jwilliams@josephwilliamslane.com,"Joseph Williams Lane & Accociates",http://josephwilliamslane.com,"Bainbridge Island",Washington,"Accounting firm"
email@sprutedaviscpas.com,"Sprute & Davis CPA",http://www.sprutedaviscpas.com,Seattle,Washington,Accountant
info@barnettcole.com,"Jeffrey Cole CPA",http://jeffreycolecpa.com,Vashon,Washington,Accountant
jerryt@poulsbo-cpa.com,"Poulsbo CPA PLLC",http://www.kingston-cpa.com,Kingston,Washington,Accountant
otto@mtvcpas.com,"Mt. View CPAs (Centralia)",http://mtvcpas.com,Centralia,Washington,"Tax preparation service"
peterm@thomasdbradley.com,"Mahlum Joyce I. CPA",http://www.thomasdbradley.com,Chehalis,Washington,Accountant
kellyb@jrnewhouse.com,"J R Newhouse & Co",http://www.jrnewhouse.com,Odessa,Washington,Accountant
rosie@bivensandwilson.com,"Bivens & Wilson",http://www.bivensandwilson.com,Ellensburg,Washington,"Chartered accountant"
scott@pernaacpa.com,"Pernaa Scott E CPA",http://www.pernaacpa.com,Ellensburg,Washington,"Tax preparation service"
michelle@mlycpa.com,"Michelle Young CPA",http://www.mlycpa.com,Everett,Washington,Accountant
info@eliteafs.com,"Elite Accounting & Financial Services Inc",http://www.eliteafs.com,Lynnwood,Washington,"Chartered accountant"
todd@nineatatime.net,"Somers Accounting",http://www.somersaccounting.com,Edmonds,Washington,Accountant
info@snohomishinn.com,"William A. Fulton CPA P.S.",http://www.wafultoncpa.com,Snohomish,Washington,"Tax preparation service"
ron@taxhelp.com,"Klein Accounting & Tax Services",http://www.taxhelp.com,Seattle,Washington,Accountant
info@avanceproservice.com,"Avance Admin. & Tax P.S.",http://avancebookkeeping.com,Marysville,Washington,"Tax preparation service"
tony@rushmoretax.com,"Rushmore Tax Service Inc",http://www.rushmoretax.com,Marysville,Washington,"Tax preparation service"
celia@celiagriffincpa.com,"Celia Griffin CPA PLLC",http://www.celiagriffincpa.com,Bothell,Washington,Accountant
cpa@whidbey.com,"Edwards Chuck CPA",http://www.emcpa.com,Freeland,Washington,Accountant
info@cpaseattle.com,"Derek Morse CPA PS",http://www.cpaseattle.com,Shoreline,Washington,"Chartered accountant"
stanwood@lmbcpas.com,"Robyn C Warren Certified Public Accountant",http://lmbcpas.com,Marysville,Washington,"Accounting firm"
shilo@hamachercpa.com,"James H Gall CPA",http://www.hamachercpa.com,Snohomish,Washington,"Chartered accountant"
jmgeorge@plmcpas.com,"Preszler Larner Mertz & Co. LLP",http://www.plmcpas.com,Aberdeen,Washington,"Chartered accountant"
accps@alonzocole.com,"Bookees Den",http://alonzocole.com,Hoquiam,Washington,"Tax preparation service"
lonnie@aiken-sanders.com,"Rich Lonnie CPA",http://www.aiken-sanders.com,Aberdeen,Washington,Accountant
gwen@greybeardtax.com,"Grey Beard Tax Service LLC",http://greybeardtax.com,Longview,Washington,"Tax preparation service"
michelle@mwbookkeeping.net,"Davis Tax Services",http://www.mwbookkeeping.net,Cathlamet,Washington,Accountant
info@porterkinney.com,"Marple Steven J CPA",http://www.marplecpa.com,Kennewick,Washington,Accountant
ben@tctaxcpa.com,"Tri-Cities Tax & Accounting",http://www.tctaxcpa.com,Kennewick,Washington,"Tax preparation service"
info@otfcpa.com,"Oswalt Teel & Franklin",http://www.otfcpa.com,Kennewick,Washington,Accountant
taxes@wrwilkins.com,"W R Wilkins Tax Accountant",http://wrwilkins.com,Pasco,Washington,"Tax preparation service"
atc@atc415.com,"American Tax Consultants",http://www.atc415.com,Pasco,Washington,"Tax preparation service"
info@protaxesllc.com,"PRO TAXES",http://www.protaxesllc.com,Pasco,Washington,"Tax preparation service"
jhuenefeld@frhcpa.com,"Farm Ranch & Home Accounting: Huenefeld Jo CPA",http://www.frhcpa.com,Prosser,Washington,Accountant
sondrag@owt.com,"One World Telecommunications",http://www.owt.com,Kennewick,Washington,"Tax Department"
kari@laytoncpa.com,"Tim Layton CPA",http://www.laytoncpa.com,Olympia,Washington,"Tax preparation service"
patty@pichcpa.com,"Patricia L. Pich CPA PLLC",http://www.pichcpa.com,Olympia,Washington,Accountant
kreid@straderhallett.com,"StraderHallett PS",http://www.straderhallett.com,Lacey,Washington,"Chartered accountant"
michele@seniorguardianship.com,"MCP & Bookkeeping Services Inc",http://www.seniorguardianship.com,Olympia,Washington,"Bookkeeping service"
andrew@diventare-creative.com,"Landes & Co CPA",http://www.landestax.com,Olympia,Washington,"Tax preparation service"
vasiliy@precisionabc.com,"Precision ABC",http://precisionabc.com,Lacey,Washington,Accountant
mike@mapcpa.net,"Michael A. Passeck CPA PS Inc.",http://www.mapcpa.net,Tacoma,Washington,"Chartered accountant"
enquiriesusa@cashmaster.com,"Thomas Findlay Inc",http://www.thomasfindlay.com,Olympia,Washington,"Accounting software company"
mail@olycopy.com,"Professional Business Services Inc",http://olycopy.com,Olympia,Washington,Accountant
chancock@preciselyrightonline.com,"Precisely Right Accounting LLC",http://www.preciselyrightaccounting.com,Lacey,Washington,"Tax preparation service"
george@wizardoffraud.com,"Wizard of Fraud Inc",http://wizardoffraud.com,"Port Angeles",Washington,Accountant
cynthia@sequim-cpa.com,"Sequim CPA",http://sequim-cpa.com,Sequim,Washington,Accountant
steve@kanterscpa.com,"Kanters Steve CPA - Kanters CPA PS Inc",http://kanterscpa.com,Sequim,Washington,"Chartered accountant"
jwillscpa@willspllc.com,"Wills & Associates PLLC Certified Public Accountants",http://www.willspllc.com,Pullman,Washington,"Chartered accountant"
jdbritton@kupcpa.com,"Eng Terry D CPA",http://kupcpa.com,Colfax,Washington,Accountant
info@mygreenonline.com,"myGREEN Tax & Accounting",http://www.mygreenonline.com,Redmond,Washington,"Tax preparation service"
scott.clare@clareaccountinggroup.com,"Clare Accounting Group LLC",http://www.clareaccountinggroup.com,Redmond,Washington,"Chartered accountant"
info@ekanger.com,"William E Ekanger CPA PLLC",http://www.ekanger.com,Redmond,Washington,Accountant
info@pitchcpa.com,"Pitch CPA LLC",http://www.pitchcpa.com,Bothell,Washington,"Chartered accountant"
jimd@jdugancpa.com,"James A. Dugan CPA PS",http://www.jdugancpa.com,Kirkland,Washington,Accountant
james@bookkeeping-experts.com,"BOOKKEEPING EXPERTS CO.",http://www.bookkeeping-experts.com,Kirkland,Washington,Accountant
info@ljhcpa.net,"Hudlow Leslie J CPA",http://www.ljhcpa.net,Kirkland,Washington,Accountant
lhua@huatax.com,"Hua Tax & Accounting Services",http://www.huatax.com,Renton,Washington,"Accounting firm"
dean@grahamtax.com,"Graham Accounting & Tax Services",http://www.grahamtax.com,Renton,Washington,"Tax preparation service"
info@grasscpa.com,"Grass CPA & Associates ps",http://www.grasscpa.com,Renton,Washington,Accountant
peter@westcoast-tax.com,"West Coast Tax & Accounting",http://westcoast-tax.com,Seattle,Washington,"Tax preparation service"
jpreck@reckcpa.com,"Reck & Associates PLLC",http://www.reckcpa.com,Renton,Washington,"Chartered accountant"
info@nwtaxchoices.com,"NW Tax Choices",http://www.nwtaxchoices.com,Renton,Washington,"Tax preparation service"
brian@briangodfreycpa.com,"Jacqueline Perriella CPA",http://www.briangodfreycpa.com,Renton,Washington,"Tax preparation service"
shari@wrc-cpa.com,"Wood-Richardson & Co CPA",http://www.wrc-cpa.com,Tukwila,Washington,"Chartered accountant"
nancyo@halecpas.com,"Hale & Associates PS",http://www.skpscpa.com,Tukwila,Washington,Accountant
info@btalawgroup.com,"GHG Law Group PLLC",http://www.stopmybillsnow.com,Renton,Washington,"Tax Lawyer"
taxmancpa@abdiwalicpa.com,"Abdiwali Mohamed CPA",http://www.abdiwalicpa.com,Tukwila,Washington,Accountant
public@tateandoellrich.com,"Tate & Oellrich Inc PS Cpas",http://www.tateandoellrich.com,Issaquah,Washington,"Chartered accountant"
racheal@pbsinc.org,"502 Bookkeeping Services",http://www.502bookkeeping.org,Shelton,Washington,"Bookkeeping service"
taxdata@conradtax.com,"Joseph Conrad Company",http://josephconradcompany.com,Renton,Washington,"Tax Service"
veronica@billabillzllc.com,"BillaBillz L.L.C.",http://billabillzllc.com,Richland,Washington,"Bookkeeping service"
monica@smithjust.com,"Smith & Just",http://www.smithjust.com,Seattle,Washington,Accountant
phn@nickersonassociates.com,"Seattle Bag Tax",http://www.seattlebagtax.org,Seattle,Washington,Accountant
more@bbjsllp.com,"Bancroft Buckley Johnston",http://www.bbjsllp.com,Seattle,Washington,Accountant
ewood@cpmcpa.com,"Thiel James S CPA",http://www.cpmcpa.com,Seattle,Washington,Accountant
info@loecpa.com,"Robert Loe & Associates",http://loecpa.com,Seattle,Washington,"Certified public accountant"
mking@kingoliason.com,"King & Oliason PLLC",http://www.kingoliason.com,Seattle,Washington,Accountant
bbs@mbeaton.com,"Brouns Business Services",http://www.mbeaton.com,Seattle,Washington,Accountant
leahf@dehaancpa.com,"De Haan Julia CPA",http://www.dehaancpa.com,Seattle,Washington,Accountant
autumn@cooccurrent.com,"Accounting For Small Business",http://www.afsbinc.com,Seattle,Washington,Accountant
tommy@pacifictaxservice.com,"Pacific Tax Service",http://www.pacifictaxservice.com,Seattle,Washington,"Tax preparation service"
dave@pdhfish.com,"Philip D Hingston Inc",http://www.pdhfish.com,Seattle,Washington,Accountant
info@ash-consulting.net,"Ferguson Tax Services",http://fergusontaxservices.com,Seattle,Washington,"Tax preparation service"
info@woodfinancialllc.com,"Wood Financial LLC",http://www.woodfinancialllc.com,Seattle,Washington,"Accounting firm"
maille@alanwilliamsoncpa.com,"Alan Williamson CPA Acct & Tax",http://alanwilliamsoncpa.com,Seattle,Washington,"Tax preparation service"
leon@fickercpa.com,"Ficker Leon F CPA",http://www.fickercpa.com,Seattle,Washington,Accountant
doug@dougfostercpa.com,"Foster Douglas CPA",http://www.dougfostercpa.com,Seattle,Washington,Accountant
kelly@keystoneaccounting.com,"Keystone Accounting & Tax Inc",http://keystoneaccounting.com,Seattle,Washington,"Tax preparation service"
info@mbaccountants.com,"Marshall Boyd & Associates LLC",http://mbaccountants.com,Seattle,Washington,"Tax preparation service"
alex@balance-bookkeeping.com,"Balance Bookkeeping",http://www.balance-bookkeeping.com,Seattle,Washington,"Bookkeeping service"
eugene@soundadviceseattle.com,"Eugene Slutsky CPA",http://www.soundadviceseattle.com,Issaquah,Washington,"Tax preparation service"
info@sisonkeacc.co.za,"Sisonke Accountants",http://sisonkeacc.co.za,Seattle,Washington,"Accounting firm"
alena@pnwcpa.com,"PNW CPA PLLC",http://pnwcpa.com,Seattle,Washington,"Chartered accountant"
pro@samincometax.com,"Sam Income Tax",http://samincometax.com,Seattle,Washington,"Tax preparation service"
lwinslow@lwinslowtax.com,"Linda Winslow",http://www.lwinslowtax.com,Seattle,Washington,"Tax preparation service"
jim@jlawscpa.com,"Laws James M CPA",http://www.jlawscpa.com,Tacoma,Washington,Accountant
mactax@earthlink.net,"McKinley Accounting Corporation",http://www.mckinleyaccounting.com,Tacoma,Washington,"Tax preparation service"
general@accttax.com,"Accounting & Taxes Inc.",http://www.accttax.com,Tacoma,Washington,Accountant
jerusha@taxman4u.com,"Tax & Accounting Professionals",http://www.taxman4u.com,Fife,Washington,"Tax preparation"
katie@kmledgers.com,"Fullaway Lampher Sauve",http://kmledgers.com,Tacoma,Washington,Accountant
employment@livelyandbaircpas.com,"Lively & Bair CPAs P.S. Inc.",http://www.livelyandbaircpas.com,Tacoma,Washington,Accountant
mkh@heritagecpa.com,"Marjorie K Heritage CPA",http://www.heritagecpa.com,"University Place",Washington,Accountant
kelly@gigharbortaxandaccounting.com,"Gig Harbor Tax and Accounting",http://www.taxpreparationtacoma.com,"Gig Harbor",Washington,"Tax preparation service"
mrettig@rf-co.com,"Rettig Flyte Company P.S.",http://www.rf-co.com,Lakewood,Washington,Accountant
office@gigharborcpa.com,"Heggerness & Bronk CPA Group (Gig Harbor CPA)",http://www.gigharborcpa.com,"Gig Harbor",Washington,"Chartered accountant"
lisa@actproservices.com,"Galoia & Co dba ACT Professional Services",http://www.actproservices.com,Lakewood,Washington,Accountant
info@michaelscpa.com,"Michaels & Associates",http://www.michaelscpa.com,"University Place",Washington,"Accounting firm"
yet@weinandandassociates.com,"Weinand & Associates Cpas",http://www.weinandandassociates.com,Lakewood,Washington,"Tax preparation service"
gery@bellscpa.com,"Bell & Bell CPAs",http://www.bellscpa.com,Puyallup,Washington,"Chartered accountant"
marty@customizedtax.com,"Customized Tax & Financial Solutions",http://www.customizedtax.net,Tacoma,Washington,"Tax preparation service"
info@caleycpas.com,"Brewer Caley CPAs",http://www.brewercaley.com,Vancouver,Washington,Accountant
guy@pacnwtax.com,"Pacific Northwest Tax and Accounting Services Inc.",http://www.pacnwtax.com,Vancouver,Washington,"Tax preparation service"
patty@worgercpa.com,"Thomas & Co PC: Thomas Darla CPA",http://www.thomas-cpa.com,Vancouver,Washington,Accountant
tim@schillercpa.com,"Schiller & Company P.C.",http://www.schillercpa.com,Vancouver,Washington,"Chartered accountant"
frontdesk@olarustaxaccounting.com,"Olarus Premier Tax Services Inc.",http://olarustaxaccounting.com,Vancouver,Washington,Accountant
socrate@chuckpowers.us,"Powers Accounting",http://www.chuckpowers.us,Vancouver,Washington,"Chartered accountant"
jaimie@greentaxescpa.com,"Green Taxes CPAs",http://www.greentaxescpa.com,Vancouver,Washington,"Tax preparation"
mlsanders@sanderscpa.net,"Michael Sanders CPA",http://www.sanderscpa.net,Vancouver,Washington,"Chartered accountant"
connie@clt-cpa.com,"CLT Accounting & Taxes",http://www.clt-cpa.com,Vancouver,Washington,Accountant
julius@jdacpa.net,"Julius D. Agbayani CPA PLLC",http://www.jdacpa.net,Vancouver,Washington,"Tax preparation service"
help@countingworkspro.com,"Mark W Bacon PC",http://www.markbaconcpa.com,Greer,Washington,"Chartered accountant"
staff@accutaxllc.net,"Accu-Tax Services LLC",http://www.accutaxllc.net,Vancouver,Washington,"Tax preparation service"
shair@smallbiz-accounting.com,"Eagle Eye Tax Services",http://www.smallbiz-accounting.com,Vancouver,Washington,"Tax preparation service"
julie@nwapllc.com,"NW Accounting Professionals",http://www.nwapllc.com,"Battle Ground",Washington,"Tax preparation service"
tjcpa@tjcpas.com,"TJ CPA PC",http://tjcpas.com,Vancouver,Washington,"Tax preparation service"
dave@deponceau.com,"DePonceau & Associates CPA & Business Advisors",http://www.deponceau.com,Camas,Washington,"Chartered accountant"
jeff@bizhelpnw.com,"Kims Accounting & Tax Services",http://www.bizhelpnw.com,Vancouver,Washington,"Tax preparation service"
elaine@accountingplustax.net,"Accounting Plus Tax",http://www.accountingplustax.net,Vancouver,Washington,"Tax preparation service"
jeff@bolandercpa.com,"JT Bolander CPA LLC",http://www.bolandercpa.com,"Walla Walla",Washington,"Chartered accountant"
colby@cdkimaging.com,"Block Shannon CPA",http://www.hornercpa.com,"Walla Walla",Washington,"Chartered accountant"
contact@wallawallatax.com,"1040 Tax Service & Accounting",http://www.wallawallataxservice.com,"Walla Walla",Washington,Accountant
ablock@blockmaughan.com,"Bruce W Maughan E.A. & Associates",http://www.blockmaughan.com,"Walla Walla",Washington,"Tax preparation service"
morgan@jraw2.com,"Jacks Rice & Associates Inc.",http://jraw2.com,"Walla Walla",Washington,Accountant
tom@tomsawatzki.com,"Kyle Crandall EA",http://tomsawatzki.com,"Walla Walla",Washington,"Tax preparation"
bdeal@lifefocusadvisors.com,"LifeFocus Financial Advisors LLC",http://www.lifefocusadvisors.com,"Walla Walla",Washington,"Financial Advisor"
service@humdingerkettlekorn.com,"Welland Farming Company LLP",http://humdingerkettlekorn.com,Burbank,Washington,Accountant
kwolf@linderandgoetz.com,"Goetz Bailey & Yale P.S.",http://www.linderandgoetz.com,Wenatchee,Washington,"Tax preparation"
gary@gsteelecpa.com,"Gary A. Steele P.S.",http://gsteelecpa.com,Wenatchee,Washington,"Chartered accountant"
management@fairresolutionsinc.com,"Fair Resolutions Inc",http://fairresolutionsinc.com,Wenatchee,Washington,Accountant
jordana@evergreenacc.com,"Evergreen Accounting",http://evergreenacc.com,Wenatchee,Washington,Accountant
jayne@cascade-wealth.com,"Cascade Wealth Advisors Inc.",http://www.cascade-wealth.com,Wenatchee,Washington,"Financial Advisor"
litcocpa@nwi.net,"Littrell & Company",http://www.littrellandbailey.com,Wenatchee,Washington,"Tax preparation service"
info@vsmcpas.com,"Villbrandt Stark & Moorer Pllc",http://vsmcpas.com,Yakima,Washington,"Tax preparation service"
support@1040plus.com,"1040 Plus Inc",http://1040plus.com,Yakima,Washington,"Tax preparation service"
