email,company,website,city,state,profession
abetax@abe468.com,"Abe Tax & Financial Services",http://www.abe468.com,"San Gabriel",California,Accountant
hanna.guo@johnyguo.com,"John Guo Accountancy Corporation",http://www.johnyguo.com,"San Gabriel",California,Accountant
donna@donnaaguirreea.com,"QuickBooks Accountant",http://www.donnaaguirreea.com,"San Gabriel",California,Accountant
help@countingworkspro.com,"Richard E Fagan CPA",http://www.faganfagan.com,Cerritos,California,"Accounting firm"
info@fasttaxcpa.com,"Fast Tax Inc.",http://www.fasttaxcpa.com,"San Gabriel",California,"Tax preparation service"
suzannie@cpa-lac.com,"Leung Accountancy Corporation",http://www.cpa-lac.com,Irvine,California,Accountant
budiman.li@hj-tax.com,"HJ Tax & Accounting",http://hj-tax.com,"San Gabriel",California,"Accounting firm"
info@dnwcpa.com,"DNW & ASSOCIATES INC.",http://dnwcpa.com,Alhambra,California,Accountant
info@therileygroupinc.com,"Riley Group Inc",http://therileygroupinc.com,"San Marino",California,Accountant
david@davidfungcpa.com,"David Fung CPAs",http://davidfungcpa.com,Alhambra,California,"Chartered accountant"
info@hytc.com,"Hsu Yao Thuang & Chiang",http://www.hytc.com,Rosemead,California,Accountant
rkl@raymondlaucpa.com,"Lau Raymond K CPA",http://raymondlaucpa.com,Rosemead,California,Accountant
danny@trustytax.com,"Trusty Tax Services",http://www.trustytax.com,Rosemead,California,"Tax preparation service"
info@vipaccountancy.com,"VIP ACCOUNTANCY INC",http://www.vipaccountancy.com,Alhambra,California,Accountant
info@zdconsulting.com,"Sequoia Group CPAs",http://zdconsulting.com,Alhambra,California,"Accounting firm"
hbrtax08@att.net,"HBR Tax Services",http://www.hbrcompany.com,Rosemead,California,"Tax preparation service"
info@michelleleecpa.com,"Michelle B.H. Lee",http://michelleleecpa.com,"South El Monte",California,"Chartered accountant"
frontdesk@pcarneycpa.com,"Paul Carney CPA",http://www.pcarneycpa.com,Arcadia,California,"Tax Advisor"
bob@rdgourley.com,"R D Gourley & Co",http://www.rdgourley.com,Arcadia,California,Accountant
irving@imgcpas.com,"Irving Michael Gustilo Certified Public Accountant",http://www.imgcpas.com,Monrovia,California,"Chartered accountant"
sarkis@markariancpa.com,"Markarian & Associates",http://markariancpa.com,Monrovia,California,"Chartered accountant"
theresa@infocpa.org,"Theresa Pacheco CPA",http://www.infocpa.org,"West Covina",California,Accountant
mail@scottsusa.com,"South Pasadena CA Accounting Firm",http://www.scottsusa.com,"South Pasadena",California,Accountant
mike@mvegacpa.com,"Vega Michael J CPA",http://www.mvegacpa.com,Rosemead,California,Accountant
info@sddco.com,"Iris Waiyi Ng CPA",http://irisngcpa.com,"San Gabriel",California,Accountant
cheryl.a@acpa4u.com,"Harvey & Parmelee LLP",http://www.acpa4u.com,"San Marino",California,"Accounting firm"
nancy@nlukecpa.com,"Nancy L. Luke CPA",http://nlukecpa.com,Alhambra,California,"Chartered accountant"
info@sandstaxes.com,"S & S Tax Service",http://www.sandstaxes.com,Pasadena,California,Accountants
doug@bancor.com,"Bancor Financial Services",http://www.bancor.com,Pasadena,California,"Tax Services"
info@wangaccountancy.com,"Wang Accountancy Corporation",http://wangaccountancy.com,"San Jose",California,"Chartered accountant"
info@svaat.com,"Silicon Valley Accounting-Tax",http://www.svaat.com,"San Jose",California,"Tax preparation service"
moreinfo@koehlercpa.com,"Koehler David R CPA",http://www.koehlercpa.com,"San Jose",California,Accountant
info@evelynsaunderscpa.com,"Saunders Evelyn",http://evelynsaunderscpa.com,"San Jose",California,Accountant
info@delucchihawn.com,"Delucchi Hawn & Co LLP: Komiya Chie",http://www.delucchihawn.com,"San Jose",California,Accountant
sandra@acpacorp.com,"Lawrence Accountancy Corporation",http://www.acpacorp.com,"San Jose",California,"Tax preparation service"
contact@buchananreed.com,"Buchanan & Reed Inc. San Jose CPA",http://www.buchananreed.com,"San Jose",California,"Chartered accountant"
angela@pmichaelcpa.com,"Michael Paul CPA",http://www.pmichaelcpa.com,"San Jose",California,Accountant
sandy@kehlcpa.com,"Tim Kehl CPA",http://kehlcpa.com,"San Jose",California,"Chartered accountant"
accounting@askmycpa.com,"Wubbels & Duffy CPA’s RLLP",http://www.askmycpa.com,"San Jose",California,"Chartered accountant"
art@apaccounting.com,"A P Accounting",http://apaccounting.com,"San Jose",California,"Tax preparation service"
office@bandraccounting.com,"B & R Accounting",http://www.bandraccounting.com,"San Jose",California,Accountant
info@m-rcpa.com,"Maier-Richmond Accountancy Corporation",http://www.m-rcpa.com,"San Jose",California,"Tax preparation"
info@weberandcompanycpa.com,"Weber and Company Inc.",http://www.weberandcompanycpa.com,"San Jose",California,"Chartered accountant"
info@michaelcolemanea.com,"Michael Coleman Tax & Accounting",http://www.michaelcolemanea.com,"San Jose",California,Accountant
payroll@chongcpa.com,"Vincent Chong CPA Inc.",http://www.chongcpa.com,"San Jose",California,"Chartered accountant"
george@cpas-svac.com,"Silicon Valley Accountancy",http://cpas-svac.com,"San Jose",California,Accountant
info@cpaforu.com,"Bharti & Associates CPA",http://www.cpaforu.com,"San Jose",California,"Tax preparation service"
james@jameswalker-cpa.com,"Walker James P CPA",http://www.jameswalker-cpa.com,"San Jose",California,Accountant
juliermoore@pacbell.net,"Moore Accountancy Corporation",http://www.moorecpa.com,"San Jose",California,"Tax preparation service"
contactus@fassaccountants.com,"Financial Administrative Support Services",http://fassaccountants.com,"San Jose",California,Accountant
ee@cpaep.com,"Estrada Phuong A Professional Accountancy Corporation",http://cpaep.com,"San Jose",California,"Tax preparation service"
info@zwllp.com,"Zhai & Wang LLP",http://www.zwllp.com,"San Jose",California,"Chartered accountant"
info@kasfinancial.com,"Kas Financial",http://kasfinancial.com,"San Jose",California,Accountant
mark@mcl-cpa.com,"Mark C. Lianides CPA",http://www.mcl-cpa.com,"San Jose",California,"Chartered accountant"
art@arthurromerocpa.com,"Arthur Romero CPA",http://www.arthurromerocpa.com,"San Jose",California,"Chartered accountant"
service@tcatax.com,"Tax Consultation of America",http://www.tcatax.com,"San Jose",California,"Tax preparation service"
steve@cpasllp.com,"Lamberty Pyle & Associates LLP - CPA Firm Campbell",http://www.cpasllp.com,Campbell,California,"Chartered accountant"
amanda@accountabilitytax.com,"Thu Nguyen Tax Services",http://www.accountabilitytax.com,"San Jose",California,"Tax preparation service"
kim@freycpa.com,"Frey & Associates",http://www.freycpa.com,Campbell,California,"Chartered accountant"
pirotta@earthlink.net,"Pirotta Financial Services Inc",http://pirottafinancialservices.com,"San Jose",California,"Tax preparation service"
brian.stromen@ryan.com,Ryan,http://www.ryan.com,"San Jose",California,"Tax preparation service"
cindy@bomanaccounting.com,"Boman Accounting Group Inc",http://www.bomanaccounting.com,Campbell,California,"Chartered accountant"
support@taxgallery.com,"Tax Gallery",http://www.taxgallery.com,"San Jose",California,"Tax preparation service"
info@hayesacs.com,"Hayes Accounting Solutions",http://hayesacs.com,"San Jose",California,"Accounting firm"
efile@fast-tax.org,Fastax,http://www.fast-tax.org,"San Jose",California,"Tax preparation service"
barbara@snowbittleston.com,"Snow Hartman Fong & Associates",http://www.cpahfa.com,"San Jose",California,"Tax preparation service"
lina@fabtaxteam.com,"Linas Tax Team",http://www.fabtaxteam.com,Campbell,California,"Tax preparation"
megan.newman@americanbar.org,"Kee David M CPA - Kee & Associates",http://www.keecpas.com,Roseville,California,"Chartered accountant"
pplaha@pcacpa.com,"Pacific Coast Accounting",http://www.pcacpa.com,"San Jose",California,Accountant
racetax@pacbell.net,"Race Street Tax Services",http://www.racetax.com,"San Jose",California,"Tax preparation service"
contact@mccpa.net,"mcfarlane cazale & associates",http://www.mccpa.net,"San Jose",California,"Tax preparation service"
info@richardsmithtax.com,"Richard Smith & Associates",http://www.richardsmithtax.com,"San Jose",California,"Tax preparation service"
ann@cpahfa.com,"Bittleston Susan G CPA",http://www.snowbittleston.com,"Los Gatos",California,Accountant
gloria@coastfinancialservices.com,"Coast Financial Services Inc.",http://www.coastfinancialservices.com,"San Jose",California,"Tax preparation"
info@wuhoover.com,"Wuhoover & Co",http://www.wuhoover.com,"San Mateo",California,Accountant
dgsiemer@taxtrimmers.com,"Michael Gray CPA",http://www.taxtrimmers.com,"San Jose",California,"Chartered accountant"
info@kpgcpa.net,"Koshy P George CPA",http://www.kpgcpa.net,"San Jose",California,Accountant
steve@cmanational.org,"Seeba & Associates Inc",http://www.seebacpa.com,"San Jose",California,"Tax preparation service"
bj@chrishconsul.com,"Christopher Huang CPAs Inc.",http://chrishcpa.com,"San Jose",California,"Accounting firm"
dave@401k-cpa.com,"Cormia David J CPA",http://www.401k-cpa.com,"San Jose",California,"Chartered accountant"
edward.lam@edlamcpa.com,"Lam Accounting & Tax Services",http://www.edlamcpa.com,"San Jose",California,"Tax preparation service"
andrewjean@jnc-cpa.com,"Jean & Choi",http://jnc-cpa.com,"San Jose",California,"Chartered accountant"
info@paulhacpa.com,"Paul K. Ha CPA EA",http://www.paulhacpa.com,"San Jose",California,Accountant
info@danmycpa.com,"Lutchansky Dan CPA",http://www.danmycpa.com,"San Jose",California,Accounting
info@fernandacpa.com,"Fernanda Aguiar CPA EA dba Padgett Business Services",http://www.fernandacpa.com,Campbell,California,Accountant
info@johnkirkcpa.com,"John W. Kirk CPA",http://kirkassoccpas.com,"San Jose",California,Accountant
kristin@shafferaccounting.com,"Kristin Shaffer CPA",http://www.shafferaccounting.com,Campbell,California,"Tax preparation service"
webtop@prxy.net,"Stellar Financial Services",http://www.stellartax.com,"San Jose",California,Accountant
wnedy@suncpa.net,"Wendy Sun CPA Accounting Office",http://suncpa.net,"Santa Clara",California,Accountant
paul@paulyencpa.com,"Paul Yen CPA & CVA",http://paulyencpa.com,"San Jose",California,"Accounting firm"
jobs@acgtax.com,"ACG - Certified Public Accountants",http://www.acgtax.com,Pleasanton,California,"Tax preparation service"
charlotte@taxba.com,"Baroumand & Associates",http://taxba.com,"San Jose",California,"Tax Advisor"
jjr@pfahnl.com,"Pfahnl & Hunt Accountancy Corporation",http://www.pfahnl.com,"San Jose",California,"Tax preparation service"
info@thesiressgroup.com,"The Siress Group Inc",http://thesiressgroup.com,"San Jose",California,Accountant
info@fpcllc.com,"Doolin David",http://www.fpcllc.com,"San Jose",California,"Financial Advisor"
sunita@kyrishcpa.com,"Kyrish CPA",http://kyrishcpa.com,"San Jose",California,"Tax Service"
lvega@loisvegacpa.com,"Lois K Vega CPA",http://www.loisvegacpa.com,"San Jose",California,Accountant
dale@drhcpa.com,"Howe Dale R CPA",http://www.drhcpa.com,"San Juan Capistrano",California,"Tax preparation service"
krisjones@wbcpas.net,"Wenger & Bauer CPAs",http://www.wbcpas.net,"San Juan Capistrano",California,"Chartered accountant"
nancyharding@fxea.net,"Frank X. Enright EA Tax Consultant",http://www.sanjuantax.com,"San Juan Capistrano",California,Accountant
info@sanjuanfinancial.com,"San Juan Financial LTD",http://www.sanjuanfinancial.com,"San Juan Capistrano",California,"Financial Advisor"
bill@billknoke.com,"William Knoke",http://www.billknoke.com,"San Juan Capistrano",California,"Financial Advisor"
shahnaz@dandsmedbilling.com,"D & S Medical Billing",http://www.dandsmedbilling.com,"San Juan Capistrano",California,Accountant
mike@mikecraigcpa.com,"Mike Craig Certified Public Accountant",http://www.mikecraigcpa.com,"Dana Point",California,Accounting
info@tfp8.com,"Gustafson Accounting & Tax Services",http://www.tfp8.com,"San Clemente",California,"Tax preparation service"
lyndy@lyndonsmithcpa.com,"Lyndon Smith CPA",http://www.lyndonsmithcpa.com,"San Clemente",California,"Chartered accountant"
info@numbersfigured.com,"Scully Richard K CPA",http://numbersfigured.com,"Laguna Niguel",California,Accountant
info@orangecountyconsulting.com,"Maureen R. Schroeder CPA",http://www.orangecountyconsulting.com,"Dana Point",California,Accountant
info@kartchnercpas.com,"Kartchner & Associates",http://www.kartchnercpas.com,"Laguna Niguel",California,"Chartered accountant"
info@socaltax.com,"Accounting A To Z Inc",http://www.socalconsultant.com,"Mission Viejo",California,Accountant
info@jameshowardcpa.com,"James Howard An Accountancy",http://www.jameshowardcpa.com,"Mission Viejo",California,Accountant
marketing@dudleyanddudleyllc.com,"Dudley & Dudley LLC",http://www.dudleyanddudleyllc.com,"Aliso Viejo",California,Accountant
info@jaruscpa.com,"Jarus & Co CPA",http://www.jaruscpa.com,Irvine,California,"Chartered accountant"
craig.long@raymondjames.com,"Raymond James Financial Services",http://www.raymondjames.com,"San Juan Capistrano",California,"Investment service"
info@hanschfinancial.com,"Hansch Financial Group",http://www.hanschfinancial.com,"Dana Point",California,"Financial Advisor"
info@raocpa.com,"Robert A. Owens CPA",http://www.raocpa.com,"Laguna Niguel",California,Accountant
info@eahcpa.com,"Eric Hansen CPA",http://www.eahcpa.com,"Mission Viejo",California,"Chartered accountant"
william@billstarkcpa.com,"Stark William CPA",http://billstarkcpa.com,"Laguna Hills",California,"Chartered accountant"
quote@allemascpa.com,"P. Allen Lemas CPA A Professional Corporation",http://www.allemascpa.com,"Lake Forest",California,Accountant
info@globalgatecpa.com,"Global Gate CPA",http://globalgatecpa.com,Irvine,California,Accountant
ben@spectrumcapitalinvest.com,"Benjamin R Putman",http://www.spectrumcapitalinvest.com,Irvine,California,"Financial Advisor"
subra@neekacorporation.com,"Neeka Corporation",http://www.neekacorporation.com,"San Leandro",California,"Tax preparation service"
terra@eastbayacct.com,"Baileys Bookkeeping Plus",http://www.eastbayacct.com,"San Leandro",California,Accountant
info@dipsonaccounting.com,"Dipson Accounting Services",http://www.dipsonaccounting.com,"San Leandro",California,Accountant
info@blacklinepartners.net,"Davis & Company A Blackline Partners Company",http://www.blacklinepartners.net,"San Leandro",California,"Tax preparation service"
staff@torresbookkeeping.com,"Torres Bookkeeping & Income Tx",http://torresbookkeeping.com,"San Leandro",California,"Tax preparation service"
info@etchiecpa.com,"Etchie & Associates",http://etchiecpa.com,Oakland,California,Accountant
office@proficienttaxprep.com,"Proficient Tax Preparation LLC",http://www.proficienttaxprep.com,"San Leandro",California,"Tax preparation service"
cjnoe@noecpa.com,"Noe & Co",http://www.noecpa.com,Oakland,California,Accountant
jberry@nncpas.com,"Nigro & Nigro PC",http://nncpas.com,Oakland,California,Accountant
info@wacllp.com,"Williams Adley & Company-CA LLP",http://www.wacllp.com,Oakland,California,"Chartered accountant"
info@ebusinessmarketinggroup.com,"Medynamics Inc",http://ebusinessmarketinggroup.com,Hayward,California,Accountant
smb@bradfordtaxservice.com,"Bradford Tax Services",http://www.bradfordtaxservice.com,Oakland,California,"Tax preparation service"
mckinneyco@mckinneycompany.com,"McKinney & Co CPA A Professional Corporation",http://www.mckinneycompany.com,"Castro Valley",California,"Chartered accountant"
rinamarketing@rina.com,"Tchirkine Walter V CPA",http://www.rina.com,Oakland,California,Accountant
kevin@onesko.com,"Rogers & Co",http://bartlecpa.com,Hayward,California,"Tax preparation service"
herrarasappliance@wwdb.org,"Joe T Stevenson Jr CPA",http://www.wwdb.org,"San Leandro",California,"Tax preparation service"
info@abacusbusinessservice.com,"Abacus Accounting Solutions",http://www.abacusbusinessservice.com,Alameda,California,Accountant
howardh@hilderbrandcpa.com,"Hilderbrand & Clark CPA",http://www.hilderbrandcpa.com,"San Ramon",California,Accountant
jay@calaccounting.com,"California Accounting Center",http://calaccounting.com,"San Francisco",California,"Chartered accountant"
info@purewalcpas.com,"Purewal + Co.",http://purewalcpas.com,"San Francisco",California,"Certified public accountant"
staff@mkslocpa.com,"Melissa Kasarjian CPA",http://www.mkslocpa.com,"San Luis Obispo",California,Accountant
tax.info@fitzpatrick-accountancy.com,"Fitzpatrick Professional",http://www.fitzpatrick-accountancy.net,"San Luis Obispo",California,Accountant
nicole@marlinpetersoncpa.com,"Peterson Marlin C CPA",http://www.marlinpetersoncpa.com,"San Luis Obispo",California,"Tax preparation service"
mike@mikeforensiccpa.com,"MICHAEL JACKSON",http://mikeforensiccpa.com,"San Luis Obispo",California,"Chartered accountant"
jeff@jeffwarrenea.com,"Jeff Warren EA",http://www.jeffwarrenea.com,"San Luis Obispo",California,"Tax preparation service"
shapiron@stifel.com,Stifel,http://www.stifel.com,"San Luis Obispo",California,"Investment service"
jim@dritco.com,"Dritsas and Company",http://www.dritco.com,"Pismo Beach",California,Accountant
phil@psextoncpa.com,"Phillip J Sexton CPA",http://www.psextoncpa.com,Atascadero,California,"Tax preparation service"
rborish@northcountytax.com,"North County Tax and Accounting",http://atascaderocpa.com,Atascadero,California,"Tax preparation service"
holly@tidwellbookkeeping.com,"Tidwell Bookkeeping Services",http://www.tidwellbookkeeping.com,Atascadero,California,Accountant
larry@ljordancpa.com,"Larry M Jordan Tax & Financial",http://www.ljordancpa.com,Templeton,California,"Tax preparation service"
actionseminars@samhorn.com,"Virtual Asset",http://virtualasset.biz,"Los Osos",California,"Bookkeeping service"
trina@slocumwealthmgt.com,"Slocum Wealth Management",http://www.slocumwealthmgt.com,"San Luis Obispo",California,"Financial Advisor"
info@lyonscpas.com,"Lyons & Lyons Cpa's",http://lyonscpas.com,"Arroyo Grande",California,"Tax preparation service"
fayerusso@fayerusso.com,"Faye S Russo Ea Tax and Accounting",http://www.fayerusso.com,"San Luis Obispo",California,"Tax preparation service"
hello@tbgtax.com,"The Beringer Group An Accountancy Corporation",http://www.tbgtax.com,Pasadena,California,"Chartered accountant"
assistant@ostillerandhung.com,"Ostiller and Hung",http://www.ostillerandhung.com,Pasadena,California,Accountant
rwjackson@pasadenacpa.com,"Jackson Richard W CPA",http://www.pasadenacpa.com,Pasadena,California,Accountant
info@gossandcompany.com,"Goss & Company An Accountancy Corporation",http://www.gossandcompany.com,"South Pasadena",California,"Chartered accountant"
ozzie@npocpas.com,"Harrington Group",http://www.npocpas.com,Pasadena,California,"Chartered accountant"
eric@sutorgroup.com,"Sutor & Krystad CPA",http://sutorgroup.com,Pasadena,California,Accountant
janice@costanzopepper.com,"Ralph A Costanzo CPA",http://costanzopepper.com,Pasadena,California,Accountant
waynec@cmccpa.net,"Carmody Meach & Choo LLP",http://cmccpa.net,Pasadena,California,Accountant
tax@dragontax.com,"Dragon Tax and Accounting Services",http://www.dragontax.com,"San Mateo",California,"Tax preparation service"
janelle@caplanwongcpas.com,"Caplan & Wong CPAs LLP",http://www.caplanwongcpas.com,"San Mateo",California,"Chartered accountant"
alex@gtfcpa.com,"Alex Flocas",http://www.gtfcpa.com,"San Mateo",California,"Chartered accountant"
hr@fkacpa.com,"Fong Ko & Associates LLP",http://www.fkacpa.com,"San Mateo",California,Accountant
question@askbuckingham.com,"Andrews Lucia & Co LLP",http://www.luciawealth.com,"San Mateo",California,"Chartered accountant"
dan@danmorenocpa.com,"Moreno Daniel C CPA",http://www.danmorenocpa.com,Burlingame,California,"Tax preparation service"
amin@amindeancpa.com,"Dean Amin",http://www.amindeancpa.com,Burlingame,California,"Chartered accountant"
robert@robertstaxservice.com,"Roberts Tax Service",http://www.robertstaxservice.com,"San Mateo",California,"Tax preparation service"
info@trustthetaxpros.com,"Trust The Tax Pros",http://www.trustthetaxpros.com,"San Mateo",California,"Tax preparation service"
info@taxreitingercpa.com,"Reitinger Martin CPA",http://www.taxreitingercpa.com,Burlingame,California,"Tax preparation service"
rdito@ditoassociates.com,"Dito & Associates LLC",http://www.ditoassociates.com,Burlingame,California,Accounting
greg@gregfcpa.com,"Fredrick Gregory S CPA",http://www.gregfcpa.com,"San Carlos",California,Accountant
jie@jiesincometax.com,"Jies Income Tax",http://www.jiesincometax.com,"San Mateo",California,"Tax Advisor"
robert@accountingbean.com,"Accounting Bean",http://accountingbean.com,"Foster City",California,Accountant
ming@mcaccountancy.com,"MC Accountancy CPA Inc.",http://www.mcaccountantcpa.com,Burlingame,California,"Tax preparation"
mnadboralski@lncpas.com,"LATHAM & NADBORALSKI",http://lncpas.com,Belmont,California,"Chartered accountant"
larry@taxsquad.com,TaxSquad,http://www.taxsquad.com,Burlingame,California,"Tax preparation service"
maya@baycpa.us,BayCPA,http://www.baycpa.us,"Half Moon Bay",California,"Chartered accountant"
taxes@hararahassociates.com,"HARARAH & Associates",http://www.hararahassociates.com,"San Mateo",California,"Tax Advisor"
hrv@hrvcpa.com,"Higham Richards & Vranes",http://www.hrvcpa.com,Belmont,California,Accountant
maryanne@pfconsulting.net,"Payne Financial Consulting",http://www.pfconsulting.net,"San Mateo",California,"Financial Advisor"
joe@jgaccountingservices.com,"J.G. Accounting Services",http://jgaccountingservices.com,"Foster City",California,"Accounting firm"
andy@sfburgess.com,"Burgess & Co",http://sfburgess.com,"San Francisco",California,Accountant
mike@ivantax.com,"Michael R Ivancich CPA",http://www.ivantax.com,"Redwood City",California,Accountant
jbwcpa01@pacbell.net,"James B Wassermann CPA",http://www.jbwcpa.net,"Redwood City",California,Accountant
megan@greataccounting.com,"Great Accounting",http://www.greataccounting.com,"Redwood City",California,"Tax preparation service"
fl@legaspitax.com,"Legaspi Taxes & Accounting",http://www.legaspitax.com,"San Carlos",California,Accountant
leane@jvdcpa.com,"Joseph V. Dalli CPA",http://www.jvdcpa.com,Belmont,California,Accountant
mark@markscpa.com,"Mark Shahbazian CPA",http://www.markscpa.com,Burlingame,California,Accountant
ct@mjmurphycpa.com,"M J Murphy CPA a",http://www.mjmurphycpa.com,"Foster City",California,"Tax Lawyer"
jim@natures-spirit.com,"James Nahmens CPA",http://www.natures-spirit.com,"Redwood City",California,"Tax preparation service"
plaw@bachcrom.com,"Jay D Crom CPA",http://bachcrom.com,"South San Francisco",California,"Chartered accountant"
gary@winstoncpa.com,"Winston CPA",http://www.winstoncpa.com,"San Rafael",California,"Tax preparation service"
jennifer@fcccpas.com,"Friedlander Cherwon Capper",http://www.fcccpas.com,"San Rafael",California,Accountant
jobs@rjrcpa.com,"R.J. Ricciardi Inc. CPAs",http://rjrcpa.com,"San Rafael",California,Accountant
tax@weinsteinassoc.com,"Weinstein Associates",http://www.weinsteinassoc.com,"San Rafael",California,"Tax preparation service"
admsystems@sbcglobal.net,"Adm Systems",http://tax50.net,"San Rafael",California,Accountant
liz@jorstad.com,"Jorstad Inc",http://www.jorstad.com,"San Rafael",California,"Tax preparation service"
robin@robinbastar.com,"Bastar Robin w CPA",http://www.bastarcpa.com,"San Rafael",California,"Chartered accountant"
kris@redwardscpa.com,"Edwards Robert D CPA",http://www.redwardscpa.com,"San Rafael",California,Accountant
rfscpa@stempekcpa.com,"Stempek Associates CPA",http://www.stempekcpa.com,"San Rafael",California,Accountant
info@kaplan-tax.com,"Tom Hunter",http://kaplan-tax.com,"San Rafael",California,"Chartered accountant"
vanhorn@taxaction.biz,"Van Horn Consulting Associates Inc",http://taxaction.biz,"San Rafael",California,"Tax preparation service"
christine@equitybancorp.com,"Equity Bancorp",http://www.equitybancorp.com,"San Rafael",California,"Tax preparation service"
taryn@bensonpiombo.com,"Benson Piombo & Co",http://www.bensonpiombo.com,"Corte Madera",California,Accountant
connieh@martztax.com,"Martz Accountancy Corporation",http://www.martztax.com,Novato,California,"Tax preparation service"
joan@joanlevincpa.com,"Joan B Levin CPA",http://www.joanlevincpa.com,"San Rafael",California,Accountant
skrist@precisionbooks.com,"Precision Bookkeeping",http://precisionbooks.com,"San Rafael",California,Accountant
paula@phelene.com,"Paula Helene Beard Tax Practices- Paula Beard CPA",http://www.phelene.com,Novato,California,"Tax preparation service"
lcarroll@morganlane.com,"Riley Accounting Lee Riley CPA MBA-tax",http://www.rileyaccounting.net,Sausalito,California,"Tax preparation service"
brandi.borzini@borzinicpa.com,"Borzini Accounting & Consulting LLP",http://borzinicpa.com,"King City",California,"Chartered accountant"
info@amtacpa.com,"A.M.T.A & Associates CPA",http://amtacpa.com,"Santa Ana",California,"Chartered accountant"
mcd@dickensbookkeeping.com,"F Michael Stone Accountancy",http://www.dickensbookkeeping.com,"Santa Ana",California,Accountant
nina@afsharcpa.com,"Afshar CPA PC",http://afsharcpa.com,"Santa Ana",California,"Chartered accountant"
ben@benlozanocpa.com,"Lozano & Company",http://www.benlozanocpa.com,"Santa Ana",California,Accountant
eva@e-fangcpa.com,"E-Fang Accountancy Corporation",http://www.e-fangcpa.com,"Santa Ana",California,Accountant
info@tippingtax.com,"Tipping & Co: Tipping Donald B. CPA",http://www.tippingtax.com,"Santa Ana",California,"Chartered accountant"
service@jmsilvapro.com,"oro corporation",http://www.orocorp.net,"Santa Ana",California,"Accounting firm"
donna@donnasterncpa.com,"Donna Stern CPA",http://www.donnasterncpa.com,"Costa Mesa",California,Accountant
jim@jimkellycpa.com,"James L Kelly CPA",http://www.jimkellycpa.com,Tustin,California,Accountant
info@ortizag.com,"Ortiz Accountancy Group",http://www.ortizaccountancy.com,Anaheim,California,Accountant
rmaestas@wmmcpas.com,"Warnick Maestas & Maroney: Dayton Adam CPA",http://www.wmmcpas.com,Irvine,California,Accountant
info@bythenumbersinc.biz,"BY THE NUMBERS ACCOUNTING & TAX SERVICES INC",http://bythenumbersinc.biz,Orange,California,"Tax preparation"
client@financial-advocates.com,"Financial Advocates Inc.",http://financial-advocates.com,"Santa Ana",California,"Tax preparation"
acerconsulting@sbcglobal.net,"Acer Consulting Group",http://www.acerconsultinggroup.com,"Santa Ana",California,"Tax preparation service"
info@coastaccountancy.com,"Coast Accountancy Corporation",http://www.coastaccountancy.com,"Costa Mesa",California,Accountant
taxinfo@mactax.com,"Mac Tax",http://www.mactax.com,"Fountain Valley",California,Accountant
info@franciscokhan.com,"Francisco Khan CPA",http://franciscokhan.com,"North Tustin",California,Accountant
rich.nelson@rjnelsoncpa.com,"Richard J. Nelson CPA",http://www.rjnelsoncpa.com,Irvine,California,"Chartered accountant"
info@dalmaciocpa.com,"Dalmacio Accountancy Corporation.",http://dalmaciocpa.com,Irvine,California,"Chartered accountant"
john@gonzalezcpa.com,"Gonzalez CPA A Professional Corporation",http://www.gonzalezcpa.com,Tustin,California,"Accounting firm"
duke@dukeaforbescpa.com,"Duke A. Forbes CPA",http://www.dukeaforbescpa.com,Orange,California,Accountant
kellyan@pauljoocpa.com,"Paul S. Joo CPA",http://www.pauljoocpa.com,"Garden Grove",California,"Chartered accountant"
info@ch-cpas.com,"Cangelosi & Holmes Inc: Certified Public Accountants",http://www.ch-cpas.com,Tustin,California,Accounting
pat@wsfcpa.com,"Wiegel Szekel & Frisby",http://www.wsfcpa.com,Orange,California,"Tax preparation service"
miwaizumi@izumico.com,"Izumi & Co. Accountancy Corporation",http://www.izumico.com,Orange,California,"Accounting firm"
dt@dtangcpa.com,"David Tang CPA",http://dtangcpa.com,Orange,California,"Chartered accountant"
paul@spanncpa.com,"Spann & Associates",http://www.spanncpa.com,Tustin,California,Accountant
taxinfo@equinetax.com,"Hurley & Hurley Inc",http://www.equinetax.com,Tustin,California,"Tax Advisor"
pfields@benefitassoc.com,"Lang & Lang Co.",http://www.langlangco.com,Tustin,California,Accounting
ssepulveda@frmcpa.com,"Eldon Ford CPA",http://www.frmcpa.com,Tustin,California,"Accounting firm"
christy@snowsfinancialservices.com,"Snow's Financial Services",http://snowsfinancial.com,Orange,California,Accountant
info@hanzichcpa.com,"Hanzich & Company Certified Public Accountants",http://hanzichcpa.com,"Newport Beach",California,"Chartered accountant"
daniel@iamcpc.com,"David Jin CPA",http://www.iamcpc.com,Irvine,California,"Accounting firm"
dmcnerney@hayniecpa.com,"Haynie & Company Cpas",http://www.hayniecpa.com,"Newport Beach",California,"Tax preparation service"
mcr8n@earthlink.net,TaxFixCPA,http://www.taxfixcpa.com,Irvine,California,"Tax Advisor"
info@rowlandcpa.us,"Rowland CPA",http://www.rowlandcpa.us,Irvine,California,"Chartered accountant"
info@jlkcpa.com,"Janet Lee Krockman CPA A Professional Corporation",http://www.jlkcpa.com,"Costa Mesa",California,"Chartered accountant"
cpa@gskllp.com,"Ho Suk Gang Accounting Office",http://www.gskllp.com,"Garden Grove",California,"Tax preparation service"
info@americantaxvalue.com,"American Tax Value",http://www.americantaxvalue.com,"Santa Ana",California,"Tax Services"
jjo@cynu.com,"Cynu Inc",http://www.cynu.com,Orange,California,Accountant
maraney@mgmcpas.com,"Martin Anthony",http://www.mgmcpas.com,Irvine,California,Accountant
melissa@petersencpa.com,"Kopald Scott A",http://www.petersencpa.com,"Santa Barbara",California,Accountant
adamm@bssmco.com,"Berti Spechler Sarmiento",http://www.bssmco.com,"Santa Barbara",California,"Chartered accountant"
tom@breamaccounting.com,"Bream Accounting & Tax Service",http://breamaccounting.com,"Santa Barbara",California,Accountant
robert@cvcgroup.org,"CVC Group",http://cvcgroup.org,"Santa Barbara",California,Accountant
gliponi@santabarbaracpas.com,"Enrico & Associates",http://www.santabarbaracpas.com,"Santa Barbara",California,"Tax preparation service"
gpotthoff@noozhawk.com,"Tony Vallejo CPA",http://www.tonyvallejo-cpa.com,Goleta,California,Accountant
sean@805accounting.com,"805 QuickBooks ProAdvisors",http://www.805accounting.com,"Santa Barbara",California,"Chartered accountant"
inquiry@artandappraisals.com,"Greenslanger & Goldbean",http://www.artandappraisals.com,"Santa Barbara",California,"Tax preparation service"
info@taxbutton.com,"TAX OFFICES OF JOEL PEREZ EA",http://www.taxbutton.com,"Santa Barbara",California,"Tax preparation service"
jhartmann@countyofsb.org,"Santa Barbara Auditor-Controller",http://www.countyofsb.org,"Santa Barbara",California,"Tax Department"
shachar@smhassociates.com,"SMH Associates Inc",http://www.smhassociates.com,"Santa Clara",California,Accountant
contact@prxcpa.com,"Pingrong Xue CPA",http://prxcpa.com,"Santa Clara",California,"Chartered accountant"
bhatia@bhatiaco.com,"BHATIA & CO INC CPAs",http://www.bhatiaco.com,"Santa Clara",California,"Chartered accountant"
support@diwakartaxes.com,"Diwakar Taxes Inc",http://www.diwakartaxes.com,"Santa Clara",California,"Tax Advisor"
info@cchaccountancy.com,"Chou & CCH Accountancy Corp.",http://cchaccountancy.com,"Santa Clara",California,"Chartered accountant"
help@tibotax.com,"Armesto Jr & Co",http://www.tibotax.com,"Santa Clara",California,"Tax preparation service"
haim@hovavtax.com,"Hovav Tax",http://www.hovavtax.com,"Santa Clara",California,"Tax preparation service"
info@mtbacpas.com,"Maciel Tax & Business Advisors CPAs",http://www.mtbacpas.com,"Santa Clara",California,"Accounting firm"
shamsher@nritaxgroup.com,"NRI Tax Group",http://www.nritaxgroup.com,"Santa Clara",California,"Tax preparation"
jlin@kifercpa.com,"Kifer CPA",http://www.kifercpa.com,Sunnyvale,California,Accountant
bryan@gpvogel.com,"Bryan Vogel",http://www.gpvogel.com,Sunnyvale,California,Accountant
info@ssprofessional.net,"S & S Bookkeeping Inc",http://ssprofessional.net,"Santa Clara",California,Accountant
beth@mdj-cpa.com,"Djordjevich Michael",http://mdj-cpa.com,"Santa Clarita",California,Accountant
elaine.zhao@ceterafs.com,"Pats Bookkeeping",http://www.elzcpa.com,"Santa Clarita",California,Accountant
jeraldschneider@jeraldschneider.com,"Jerald D. Schneider CPA",http://www.jeraldschneider.com,"Santa Clarita",California,Accountant
albert@dylanfloydsolutions.com,"Dylan Floyd Accounting & Consulting",http://www.dylanfloydsolutions.com,"Santa Clarita",California,Accountant
mary@saytaxcpa.com,"Say Andrew CPA",http://www.saytaxcpa.com,"Stevenson Ranch",California,"Chartered accountant"
info@wingercpafirm.com,"Jeffrey D. Winger CPA An Accountancy Corporation",http://www.wingercpafirm.com,Valencia,California,"Chartered accountant"
info@lemosservices.com,"G Healthcare Business Services",http://sjbookkeeping.com,Valencia,California,Accountant
ahmed@valenciataxgroup.com,"Valencia Tax Group",http://valenciataxgroup.com,Valencia,California,"Chartered accountant"
info@irssolutions.com,"IRS Solutions Valencia Inc",http://www.formerirs.com,Valencia,California,"Tax preparation"
thann@g2cpa.com,"Pickard & Green Cpas",http://www.g2cpa.com,Valencia,California,Accountant
sales@trinitysbs.com,"Trinity Small Business Solutions",http://www.trinitysbs.com,"Santa Clarita",California,"Bookkeeping service"
reception@mgreentax.com,"Michael L. Green Tax & Financial",http://www.mgreentax.com,"Santa Clarita",California,"Tax preparation service"
info@myebplanauditor.com,"Farber Hass Hurley LLP",http://www.myebplanauditor.com,Valencia,California,"Chartered accountant"
cpena@icvalleybookkeepers.com,"Robert L Frome Tax Services",http://icvalleybookkeepers.com,"Santa Clarita",California,"Tax preparation service"
narrecia@ondemandmobilenotaryservices.com,"Consilium Tax Services",http://www.ondemandmobilenotaryservices.com,Valencia,California,"Tax preparation service"
info@protaxservices.com,"Professional Tax & Financial",http://www.protaxservices.com,Valencia,California,"Tax preparation service"
soni@dassdass.com,"Dass & Dass Inc",http://dassdass.com,Valencia,California,Accountant
ygallarza@finchcpas.com,"Finch & Associates",http://www.finchcpas.com,Valencia,California,"Accounting firm"
cpas@cthcpas.com,"Condie Thomas & Harbo CPAs",http://www.cthcpas.com,"Santa Clarita",California,"Tax preparation service"
dfender@fenderfinancial.com,"David J Fender & Associates",http://www.fender-financial.com,Valencia,California,"Bookkeeping service"
info@topofthelinetax.com,"Top of the Line Tax",http://www.topofthelinetax.com,Valencia,California,"Tax preparation service"
info@premiercpa.net,"Popiel & Associates",http://www.premiercpa.net,"Granada Hills",California,"Tax preparation service"
invoice@pacwm.com,"Chinskey Robert A CPA",http://jamiebradshaw.pacwm.com,Valencia,California,Accountant
jun@junchangcpa.com,"Jun Chang CPA & Associates AC",http://www.junchangcpa.com,Northridge,California,Accountant
slshapiro@sls-cpa.com,"Steven L Shapiro CPA Inc.",http://www.sls-cpa.com,"Woodland Hills",California,Accountant
jhernandez@sutaxes.com,"Sus Servicios",http://www.sutaxes.com,Sylmar,California,"Tax preparation service"
viktor@accountingfamily.com,"Accounting Family LLC",http://www.accountingfamily.com,"Van Nuys",California,Accountant
rachel.carlsen@carlsenfinancial.com,"Carlsen Financial",http://www.carlsenfinancial.com,Valencia,California,"Accounting firm"
bob@pachecocpas.com,"Pacheco & Associates",http://pachecocpas.com,Valencia,California,"Tax Advisor"
kaisee@kbs-accounting.com,"Kaisees Bookkeeping Service",http://kbs-accounting.com,Castaic,California,"Bookkeeping service"
info@policetax.com,PoliceTax,http://policetax.com,Valencia,California,"Tax preparation"
gary@garykkatzcpa.com,"Gary K Katz CPA",http://garykkatzcpa.com,"West Hills",California,"Chartered accountant"
ron@cammaratacpa.com,"Cammarata Accounting",http://www.cammaratacpa.com,"Canoga Park",California,Accountant
info@vsainc.com,"V.S.A. ACCOUNTING",http://www.vsaaccountingservices.com,220,California,Accountant
info@beamaccounting.com,"Beam Accounting",http://beamaccounting.com,"West Hills",California,"Accounting firm"
mark@msf-cpa.com,"Freedman Mark",http://www.msf-cpa.com,Northridge,California,Accountant
larry@lsrachmelcpa.com,"Lawrence Rachmel CPA",http://www.lsrachmelcpa.com,Encino,California,Accountant
vadg@cpaforapeaceofmind.com,"A & P Accountants Corp",http://cpaforapeaceofmind.com,"Woodland Hills",California,Accountant
info@msgllp.com,"California Accountants Group LLP",http://www.calaccountants.com,"Woodland Hills",California,Accountant
david@chj.com,"Chiorini Hunt & Jacobs",http://www.chj.com,"Santa Cruz",California,"Tax preparation service"
paul@freedandcompany.com,"Freed & Co. CPA",http://www.freedandcompany.com,"Santa Cruz",California,Accountant
andace@candaceebert.com,"Candace Ebert & Company",http://candaceebert.com,"Santa Cruz",California,"Accounting firm"
ofbdabr@ncl.net,"Chad Hoesing Inc",http://members.calbar.ca.gov,"Santa Cruz",California,"Tax preparation service"
susan@laccabue.com,"Laccabue Tax and Accounting",http://susanlaccabue.com,"Santa Cruz",California,"Tax preparation service"
lrieber@rfacpa.com,"Rieber Fohs & Associates",http://www.rfacpa.com,"Santa Cruz",California,"Tax preparation service"
jim@jimwellsea.com,"James Wells EA MBA Tax Office",http://www.jimwellsea.com,"Santa Cruz",California,Accountant
sandy@sbairdcpa.com,"Baird Sandra CPA",http://www.sbairdcpa.com,Capitola,California,Accountant
sales@css-oc.com,"Ivison CPA",http://ivisoncpa.com,Capitola,California,"Chartered accountant"
avid@taxesandfinancial.com,"Accounting Business Services & Taxes Inc.",http://www.taxesandfinancial.com,Soquel,California,"Tax preparation service"
paul@ptbservices.com,"PTB Services",http://www.ptbservices.com,"Santa Cruz",California,"Tax preparation service"
anastasia@accountbl.com,Accountbl,http://accountbl.com,"Scotts Valley",California,"Chartered accountant"
info@reynoldsgroupcpa.com,"Reynolds Group",http://www.reynoldsgroupcpa.com,"Scotts Valley",California,"Accounting firm"
denise@above-n-beyond.biz,"E Z Tax Service",http://www.above-n-beyond.biz,Capitola,California,"Tax preparation service"
info@a2i.me,"a2i Inc",http://a2i.me,Capitola,California,"Bookkeeping service"
paula@maurano.com,"Maurano Paula G",http://www.maurano.com,"Menlo Park",California,Accountant
info@andersonaccountancycorp.com,"Anderson Accountancy Corporation",http://www.andersonaccountancycorp.com,Aptos,California,"Tax preparation service"
taxmam@alvestaxandfinancialservices.com,"Alves Tax and Financial Services Inc",http://www.alvestaxandfinancialservices.com,"Santa Cruz",California,"Tax Advisor"
info@sjkcpa.com,"S J Kellerman & Associates: Kellerman Sheila J CPA",http://www.sjkcpa.com,Aptos,California,Accountant
josh@farzancpa.com,"Farzan & Farzan AAC - CPAs",http://farzancpa.com,"Santa Monica",California,Accountant
info@needfs.com,"NEED Financial Services",http://www.needfinancialservices.com,"Santa Monica",California,"Accounting firm"
joanne@srpcpa.net,"Steven R Pines CPA",http://www.srpcpa.net,"Santa Monica",California,"Bookkeeping service"
mike@mikeghaffariea.com,"Ghaffari & Associates",http://www.mikeghaffariea.com,"Santa Monica",California,Accountant
castillo@castillocpas.com,"Castillo Accountancy Corporation",http://castillowestcpas.com,"Santa Monica",California,Accountant
info@goodfriendjacobs.com,"Goodfriend & Jacobs",http://www.goodfriendjacobs.com,"Santa Monica",California,Accountant
info@jnscpas.com,"Jung Novikoff & Stevens LLP",http://www.jnscpas.com,"Santa Monica",California,"Chartered accountant"
phil@londonco.com,"London & Co. LLP",http://www.londonco.com,"Los Angeles",California,Accountant
jsedacca@sedacca-cpa.com,"Sedacca Accountancy Corporation",http://sedacca-cpa.com,"Los Angeles",California,Accountant
brian.cpa@verizon.net,"Weintraub Brian CPA",http://www.brianweintraub.com,"Pacific Palisades",California,Accountant
sr@rabbanicpa.com,"Rabbani Accountancy",http://www.rabbanicpa.com,"Los Angeles",California,Accountant
ben@benadlercpa.com,"Ben Adler CPA",http://www.benadlercpa.com,"Los Angeles",California,"Chartered accountant"
info@meeposcpa.com,"Meepos & Company CPAs",http://www.meeposcpa.com,"Marina Del Rey",California,"Chartered accountant"
info@mytaxattorney.com,"Strategic Tax Lawyers",http://www.mytaxattorney.com,"Santa Monica",California,"Tax Lawyer"
daniel@joffetax.net,"Maurice Joffe Tax Services",http://joffetax.net,"Los Angeles",California,"Tax preparation"
mei@wallaceapc.com,"Wallace & Associates APC CPA",http://www.wallaceapc.com,Encino,California,"Tax preparation service"
david@haskelldaviscpa.com,"Haskell & Davis CPA",http://www.haskelldaviscpa.com,Encino,California,"Chartered accountant"
sam.bachstein@hcvt.com,"HCVT West Los Angeles",http://www.hcvt.com,"Los Angeles",California,"Chartered accountant"
vivian@rossaccountingandtaxservices.com,"Ross Accounting and Tax Services",http://www.rossaccountingandtaxservices.com,"Marina Del Rey",California,Accountant
info@williammahaniancpa.com,WilliamMahanianCPA.com,http://williammahaniancpa.com,"Los Angeles",California,"Accounting firm"
info@gattomcferson.com,"Blueprints Gatto McFerson",http://www.gattomcferson.com,"Santa Monica",California,"Financial Advisor"
info@taxconsultgroup.com,"The Tax Consultancy Group Inc.",http://www.taxconsultgroup.com,"Los Angeles",California,Accountant
joseph@josephlatifcpa.com,"Joseph Latif CPA",http://www.josephlatifcpa.com,"Los Angeles",California,"Chartered accountant"
info@mvncpa.com,"Midwin Vogel & Nathanson LLP",http://mvncpa.com,"Pacific Palisades",California,"Chartered accountant"
info@consultax.com,"Frank Navi MBA EA",http://www.consultax.com,"Los Angeles",California,"Tax preparation service"
mo@premieraccountingca.com,"Premier Accounting",http://www.premieraccountingca.com,"Los Angeles",California,Accountant
bill@saranowcpa.com,"Saranow & Associates",http://www.saranowcpa.com,"Los Angeles",California,"Chartered accountant"
shedonna@taxwizard.com,"Hargrave & Hargrave An Accountancy Corporation",http://hargraveandhargrave.com,"Los Angeles",California,"Accounting firm"
afinberg@finbergcpa.com,"Abraham Finberg CPA",http://www.finbergcpa.com,"Los Angeles",California,"Accounting firm"
dustin@lpwcpas.com,"LPW CPAs",http://lpwcpas.com,"Culver City",California,"Tax Services"
info@thepracticecpa.com,"Public Accountants Inc",http://www.thepracticecpa.com,"Beverly Hills",California,Accountant
suzanne@suzanneellcpa.com,"Suzanne K. Ell CPA",http://suzanneellcpa.com,"Santa Rosa",California,"Chartered accountant"
info@egsconsultants.com,"Overcashier J E",http://www.egsconsultants.com,"Santa Rosa",California,Accountant
assembly3@mbhcpa.net,"Stameroff Nicholas L CPA MBA",http://nstameroffcpa.com,"Santa Rosa",California,"Tax preparation service"
diana@mbhcpa.net,"Muegge Baldi Hardcastle",http://www.mbhcpa.net,"Santa Rosa",California,"Chartered accountant"
hope@goransoncpa.com,"Goranson Susan",http://www.goransoncpa.com,"Santa Rosa",California,Accountant
support@summermorris.com,"Summer Morris CPA",http://summermorriscpa.com,"Santa Rosa",California,"Bookkeeping service"
ajboone@sonic.net,"Judd & Boone CPAs LLP",http://www.juddandboonecpa.com,"Santa Rosa",California,Accountant
job@scbkprs.net,"Kochenderfer Business",http://www.scbkprs.net,"Santa Rosa",California,Accountant
johnctabercpa@att.net,"Taber John C CPA",http://johnctabercpa.com,"Santa Rosa",California,"Tax preparation service"
cpa@robertcirwincpa.com,"Irwin Robert C CPA",http://www.robertcirwincpa.com,"Santa Rosa",California,"Tax preparation service"
info@shipmankelly.com,"Shipman Kelly & Associates",http://www.shipmankelly.com,"Santa Rosa",California,Accountant
info@downtownfiduciaryaccounting.com,"Downtown Fiduciary Accounting",http://downtownfiduciary.com,"Santa Rosa",California,Accountant
priscilla@lharriscpa.com,"L H Harris CPA",http://www.lharriscpa.com,"Santa Rosa",California,"Tax preparation"
ed@elordicpa.com,"Elordi Edward F CPA",http://www.elordicpa.com,"Santa Rosa",California,Accountant
deb@accountablesolutions.com,"Accountable Solutions",http://www.accountablesolutions.com,"Santa Rosa",California,Accountant
marilyncass@larkfieldtax.com,"MARILYN J. CASS CPA",http://larkfieldtax.com,"Santa Rosa",California,"Chartered accountant"
sean@snodgrasscpa.net,"Sean E. Snodgrass CPA",http://www.snodgrasscpa.net,"Santa Rosa",California,Accountant
info@downtownbookkeeping.com,"Elfstrom Medical Billing",http://www.downtownbookkeeping.com,"Santa Rosa",California,Accountant
anita@agraziano.com,"Graziano Anita J CPA",http://www.agraziano.com,"Santa Rosa",California,"Tax preparation service"
money@tmtfs.com,"The Masters Tax & Financial Services",http://www.tmtfs.com,"Santa Rosa",California,"Tax preparation service"
amy@amyyoungbookkeeping.com,"Amy Young Bookkeeping Inc.",http://santarosabookkeeper.com,"Santa Rosa",California,"Bookkeeping service"
yourfriends@informedbooks.com,"Informed Books",http://informedbooks.com,"Santa Rosa",California,"Bookkeeping service"
kweaver@tpgcpas.com,"Teresa Hubbard CPA CFP",http://www.tpgcpas.com,"Santa Rosa",California,"Chartered accountant"
sue@susanadamsoncpa.com,"Susan C. Adamson",http://www.susanadamsoncpa.com,"Santa Rosa",California,"Chartered accountant"
pepes@pepesmx.com,"Gils Business Tax Services",http://www.gilstax.com,"Santa Rosa",California,"Tax preparation service"
info@sonomataxservice.com,"SONOMA TAX SERVICE",http://www.sonomataxservice.com,"Santa Rosa",California,"Tax preparation service"
info@afcocpas.com,"Anderson Folkoff & Company",http://www.andersonfolkoff.com,"Santa Rosa",California,"Bookkeeping service"
tu@tule-taxsavings.com,"Tu Le EA Discount Tax & Bookkeeping Service",http://www.tule-taxsavings.com,"Rohnert Park",California,"Tax preparation"
robbe@kendricktax.com,"Kendrick & Associates",http://kendricktax.com,"Santa Rosa",California,"Tax preparation service"
ishmael@septimotax.com,"septimo tax services",http://www.septimotax.com,"Santa Rosa",California,"Tax preparation service"
sofia@americasincometax.com,"Americas Income Tax",http://www.americasincometax.com,"Santa Rosa",California,"Tax preparation service"
support@summermorriscpa.com,"Summer Morris CPA",http://www.summermorris.com,"Santa Rosa",California,"Bookkeeping service"
melshaw@marintaxcpa.com,"Marin Tax CPA - Melanie J. Shaw CPA",http://www.marintaxcpa.com,Tiburon,California,"Tax preparation service"
cho@chochan.com,"Cho F Chan Inc",http://www.chochan.com,"Mill Valley",California,Accountant
david@structurefs.com,"Structure Financial Services",http://www.structurefs.com,"Corte Madera",California,Accountant
phil@pefinancialgroup.com,"P E Financial Group",http://www.pefinancialgroup.com,Sausalito,California,"Financial Advisor"
info@amlcpa.com,"Liang Anne M CPA",http://www.amlcpa.com,"San Francisco",California,"Tax preparation service"
gsaccounting@att.net,"G S Accounting Consultants",http://www.zenotax.com,Burlingame,California,Accountant
rebecca@marinlawpartners.com,"Marin Law Partners",http://marinlawpartners.com,"Corte Madera",California,"Tax Lawyer"
kmitchell@haascpa.com,"Haas & Reaney LLP",http://www.haascpa.com,Petaluma,California,"Tax preparation service"
arthur.nguyen@thomaswoodpros.com,"Thomas Wood Professionals",http://thomaswoodpros.com,Sausalito,California,"Financial Advisor"
info@cookandcompanycpa.com,"Cook & Company CPA",http://www.cookandcompanycpa.com,"San Francisco",California,Accountant
cpas.boerio@boerio.com,"Boerio LLP",http://www.boerio.com,Novato,California,"Chartered accountant"
marc@dickson-cpa.com,"Dickson & Associates CPA",http://www.dickson-cpa.com,"San Francisco",California,"Tax preparation service"
dfreeman.ea@sbcglobal.net,"Freeman Dennis D",http://www.internationalminingtax.com,Novato,California,"Tax preparation service"
info@proteafinancial.com,"Protea Financial",http://proteafinancial.com,Novato,California,"Bookkeeping service"
david@simpsoncpa.com,"David M Simpson CPA",http://www.simpsoncpa.com,Sausalito,California,Accountant
lrecanzone@sitkoffoneil.com,"Sitkoff-O'neil Cpas",http://www.sitkoffoneil.com,"San Francisco",California,Accountant
cpa@twhc.com,TWHC,http://twhc.com,"San Francisco",California,"Chartered accountant"
jpeckler@pekcpa.com,"Mark E Kolling CPA",http://peckler.com,"San Francisco",California,Accountant
info@countryclubcpa.com,"Paul Goodnough CPA",http://www.countryclubcpa.com,"Simi Valley",California,"Chartered accountant"
janette@dennisduskin.com,"Dennis Duskin & Assoc. Inc.",http://www.dennisduskin.com,"Simi Valley",California,"Accounting firm"
support@fischercpa.com,"Michael P. Fischer CPA",http://www.fischercpa.com,"Simi Valley",California,"Chartered accountant"
les@jarrin.com,"Ira T Berkowitz",http://jarrin.com,"Simi Valley",California,Accountant
sherry@smartmortgageteam.com,"Winther & Co Inc. - Simi Valley CPA & Tax Preparation",http://www.smartmortgageteam.com,"Simi Valley",California,Accountant
fka@fkaonline.com,"Farid Kanji & Associates",http://www.fkaonline.com,"Simi Valley",California,"Tax preparation service"
ed@ochscpa.com,"Edward G. Ochs CPA",http://edochscpa.com,"Simi Valley",California,"Financial Advisor"
james.lee@ljrfinancial.com,"LJR Tax Financial and Insurance Services",http://www.ljrfinancial.com,"Simi Valley",California,"Tax preparation service"
shelley@shelleyseguinesolutions.com,"Select Bookkeeping & Income",http://www.shelleyseguinesolutions.com,"Simi Valley",California,"Tax preparation service"
info@kandrservicesunlimited.com,"K & R Services Unlimited",http://www.kandrservicesunlimited.com,"Simi Valley",California,"Bookkeeping service"
jackieb@tmausa.com,"Turrow Mc Parlane Associates Inc",http://www.tmausa.com,"Simi Valley",California,"Tax preparation service"
brian@rackohn.net,"Sechooler Kirt CPA",http://rackohn.net,"Westlake Village",California,Accountant
info@westlaketax.com,"Westlake Village CPAs Barmache & Alford LLP",http://www.westlaketax.com,"Westlake Village",California,Accountant
info@sparkscocpa.com,"Sparks & Company Inc.",http://www.sparkscocpa.com,"Westlake Village",California,Accountant
amy@amyeklovecpa.com,"Amy Eklove CPA",http://www.amyeklovecpa.com,"Westlake Village",California,Accountant
info@4gug.com,"Guglielmo Accounting Inc.",http://www.4gug.com,"Thousand Oaks",California,Accountant
steve@freemanassoc.net,"Freeman & Associates Corporation",http://accountantthousandoaks.com,"Thousand Oaks",California,"Accounting firm"
jake@jlangcpa.com,"Jake E. Lang CPA",http://jlangcpa.com,"Westlake Village",California,"Chartered accountant"
howard@abramscpa.com,"Abrams Howard J CPA",http://www.abramscpa.com,"Westlake Village",California,Accountant
michael@mjhorowitz-cpa.com,"Horowitz Michael J CPA",http://www.mjhorowitz-cpa.com,Chatsworth,California,Accountant
info@bandtcpas.com,"Brewer & Tominaga CPAs",http://www.bandtcpas.com,"Westlake Village",California,Accountant
rob@rvjcpa.com,"RVJ Associate Inc",http://www.rvjcpa.com,"Westlake Village",California,Accountant
martin@accuquik.com,"Accu Quik",http://www.accuquik.com,"Oak Park",California,Accountant
ryan@capitalcompassgroup.com,"Capital Compass Group",http://www.capitalcompassgroup.com,Moorpark,California,Accountant
asobelman@earthlink.net,"Sobelman Allen CPA",http://www.sobelmancpa.com,Moorpark,California,"Tax preparation service"
david@martoncpa.com,"Marton David P Cpa - Marton & Assoc Cpa",http://www.martoncpa.com,"Agoura Hills",California,Accountant
contact@rkacc.com,"RK Accountancy Group",http://www.rkacc.com,"Westlake Village",California,Accountant
taxnotebook@mfac-bizmgt.com,"MFAC Financial Advisors Inc.",http://www.mfac-bizmgt.com,"Westlake Village",California,"Financial Advisor"
steve@seinfeldcpa.com,"Steven Seinfeld Accountancy",http://www.seinfeldcpa.com,"Woodland Hills",California,Accountant
info@acculent.com,"Accullent LLC",http://www.accullent.com,"Woodland Hills",California,"Bookkeeping service"
info@pcomarcpa.com,"Peter Comar CPA",http://pcomarcpa.com,"Los Angeles",California,"Chartered accountant"
buddy@rmconsulting.com,"Kucher & Cohen LLP",http://www.kucherandcohen.net,"Woodland Hills",California,Accountant
support@asacorporation.net,"Star Accounting",http://asacorporation.net,"Woodland Hills",California,Accountant
appointments@levynelson.com,"Levy Levy & Nelson",http://www.levynelson.com,Calabasas,California,"Accounting firm"
bonnie@taxpertise.com,Taxpertise,http://taxpertise.com,Sonoma,California,"Tax Advisor"
constance@mccoughlan.com,"Constance Coughlan Inc",http://www.mccoughlan.com,Napa,California,Accountant
lyz@vintnersaccounting.com,"Vintners Accounting Services",http://www.vintnersaccounting.com,Napa,California,Accountant
thelma@tkcpa.net,"Kirkwood Thelma I CPA",http://www.tkcpa.net,"Rohnert Park",California,Accountant
mharrow@earthlink.net,"Harrow Michael L CPA",http://michaelharrowcpa.com,"Rohnert Park",California,"Chartered accountant"
doug@dougpaul.com,"Douglas G Paul CPA",http://dougpaul.com,Novato,California,Accountant
info@harenting.es,"H&A BARREL MANAGEMENT",http://ha-barrelmanagement.com,Sonoma,California,"Financial audit"
linda@alternativesolutionsnv.com,"Alternative Solutions",http://alternativesolutionsnv.com,Napa,California,Accountant
linda@cpanapa.com,"Thomas G Velladao CPA",http://cpanapa.com,Napa,California,"Certified public accountant"
roxy@smallbizchic.com,"The Small Biz Chic & Company",http://smallbizchic.com,Napa,California,Accountant
mfucito@accountinginc.com,"Fucito Giaccio & Associates Inc",http://accountingincorporated.com,Napa,California,"Tax preparation service"
one.good.idea@cavanaghringelman.com,"Cavanagh Ringelman",http://cavanaghringelman.com,Vallejo,California,Accountant
anna@sdgaccounting.com,"System Designers Group",http://www.sdgaccounting.com,"South San Francisco",California,"Tax preparation service"
robert@baccpa.com,"Bickford Accountancy Corporation",http://www.baccpa.com,"South San Francisco",California,Accountant
info@yourcpacorner.com,"Your CPA Corner",http://www.yourcpacorner.com,"South San Francisco",California,"Tax preparation"
accounting@omartaxgroup.com,"Omar Tax Group Inc.",http://www.omartaxgroup.com,"South San Francisco",California,"Tax preparation service"
ron@krantz-waldau.com,"Bci Accounting Services Co",http://krantz-waldau.com,"San Francisco",California,Accountant
cat@cattaylor.com,"Daniel P Johnson CPA",http://cattaylor.com,"San Francisco",California,Accountant
staff@ehardtcpa.com,"William E. Ehardt CPA",http://www.ehardtcpa.com,"San Francisco",California,Accountant
dkim@davidkimcpa.com,"David H. Kim CPA",http://davidkimcpa.com,"San Francisco",California,"Tax preparation service"
info@jolicoeurassoc.com,"Jolicoeur & Associates",http://jolicoeurassoc.com,"San Francisco",California,"Chartered accountant"
denis@sftax.net,"Denis Maurer Ea",http://www.taxesbythebay.com,"San Francisco",California,"Tax preparation service"
pdubin@ibcpas.com,"Izabal Bernaciak & Company",http://www.ibcpas.com,"San Francisco",California,Accountant
lisagelardi@sbcglobal.net,"Gelardi Tax Service",http://www.gelarditaxservice.com,"Daly City",California,"Tax preparation service"
taxes@lawrencekingsf.com,"Skydrive Accounting",http://www.lawrencekingsf.com,"South San Francisco",California,"Tax preparation service"
violie@edrosolancpa.com,"Edrosolan Violie S CPA",http://www.edrosolancpa.com,"Daly City",California,Accountant
mayhocpa@intertax.com,"InterTax Inc",http://www.intertax.com,"San Francisco",California,"Tax preparation service"
info@wlassoc.com,"Walter K Louie & Associates",http://www.wlassoc.com,"San Francisco",California,Accountant
ellen@cpabel.com,"Abel Ellen CPA",http://www.cpabel.com,"San Francisco",California,Accountant
info@gaatp.com,"Glick & Associates",http://www.gaatp.com,"San Francisco",California,"Tax preparation service"
alan@cortestaxservice.com,"Cortes Tax Service",http://cortestaxservice.com,"San Francisco",California,"Tax preparation service"
esutton@sutton1040.com,"Sutton Financial Services",http://www.sutton1040.com,"Daly City",California,"Tax preparation"
ken@klsfcpa.com,"Kornetsky Levinson & Company CPA's Inc.",http://klsfcpa.com,"San Francisco",California,Accountant
jwalker@jwcpa.com,"Jeff D Walker CPA",http://www.jwcpa.com,Stockton,California,Accountant
jiacopi@iacopi.com,"Iacopi Lenz & Co",http://www.iacopi.com,Stockton,California,Accountant
info@lynchcpa.com,"Michael P Lynch CPA Inc",http://www.lynchcpa.com,Stockton,California,"Chartered accountant"
info@thbcpa.com,"Bestolarides Ted H CPA",http://www.thbcpa.com,Stockton,California,Accountant
connie@butterfieldcpas.com,"Butterfield and Co CPAs Inc.",http://www.butterfieldcpas.com,Stockton,California,"Accounting firm"
suzan@alisuzan.com,"Active Accounting & Tax Services",http://www.alisuzan.com,Stockton,California,"Tax preparation service"
info@doughertycpas.com,"Dougherty CPAs Inc.",http://doughertycpas.com,Stockton,California,"Tax preparation service"
info@dgr-cpas.com,"Degregori Gormsen & Ringer LLP",http://www.dgr-cpas.com,Stockton,California,"Tax preparation service"
chris@wardellrall.com,"Wardell & Rall Accountancy Corporation",http://wardellrall.com,Stockton,California,Accountant
ejsweb@ejschneider.com,"Schneider Jr Edward J CPA",http://www.ejschneider.com,Stockton,California,"Tax preparation service"
info@lemoscpa.com,"Lemos Louis G CPA",http://www.lemoscpa.com,Stockton,California,Accountant
lynn@timkelly.com,"Tim Kelly & Associates",http://www.timkelly.com,Stockton,California,"Tax Lawyer"
office@peterholtzcpa.com,"Peter Holtz CPA",http://peterholtzcpa.com,Lathrop,California,Accountant
hank@klortax.com,"Hank Klor EA",http://klortax.com,Stockton,California,"Tax preparation service"
leyla@leylahansoncpa.com,"Leyla Hanson CPA An Accountancy Corporation",http://www.leylahansoncpa.com,Sunnyvale,California,"Accounting firm"
moe@msaaccounting.com,"MSA Accounting",http://www.msaaccounting.com,Sunnyvale,California,"Tax preparation service"
don@donwalterea.com,"Don Walter Ea",http://www.donwalterea.com,Sunnyvale,California,Accountant
tax@venkatatax.com,"Venkata Tax Services",http://www.venkatatax.com,Sunnyvale,California,Accountant
singapore@accelero-corp.com,Accelero,http://www.accelero-corp.com,Sunnyvale,California,Accountant
from1482-2014-12-10-14-36-1@emochila.com,"Cathy Cha CPA",http://www.cchacpa.com,Cupertino,California,Accountant
gowtham@taxchampion.com,"Tax Champion Inc",http://www.taxchampion.net,Sunnyvale,California,"Tax preparation service"
pleasanton@mytaxfiler.com,MyTaxFiler,http://www.mytaxfiler.com,Sunnyvale,California,"Tax preparation service"
bishnu@sagarmathatax.com,"Sagarmatha Accounting Services",http://www.sagarmathatax.com,Sunnyvale,California,"Accounting firm"
nickvcpa@taxshrink.com,"Varveris & Associates Tax Management Professionals",http://taxshrink.com,"Los Altos",California,"Chartered accountant"
wendy@magnoliacpas.com,"Magnolia Group LLP",http://www.magnoliacpas.com,"Los Altos",California,Accountant
bob@taxmam.com,"Tax Mam Inc",http://www.taxmam.com,Cupertino,California,"Tax preparation service"
tim@timothywongcpa.com,"Wong Timothy CPA",http://www.timothywongcpa.com,"Los Altos",California,"Tax preparation service"
mario@mcastellon.com,"Castellon Professional Services",http://www.mcastellon.com,Sunnyvale,California,"Tax preparation service"
sharon@kreidercpa.com,"Sharon Kreider CPA",http://www.kreidercpa.com,Sunnyvale,California,Accountant
amy@amysucpa.com,"Amy Su CPA",http://amysucpa.com,Cupertino,California,"Accounting firm"
bwilliams@vtdcpa.com,"Ahmad Gharaibeh CPA",http://www.vtdcpa.com,"Palo Alto",California,Accountant
sa@sa-cpas.com,"SingletonAuman PC",http://www.sa-cpas.com,Susanville,California,"Bookkeeping service"
carol@carolcurrycpa.com,"Carol Jean Curry CPA",http://www.carolcurrycpa.com,Susanville,California,"Chartered accountant"
kevin@cpajester.com,"Kevin Jester C.P.A.",http://www.cpajester.com,"Thousand Oaks",California,Accountant
tdragotto@cpainthousandoaks.com,"Thomas M. Dragotto CPA",http://cpainthousandoaks.com,"Thousand Oaks",California,"Tax preparation service"
info@hughesllp.com,"Hughes & Associates LLP",http://www.hughesllp.com,"Thousand Oaks",California,Accountant
allan@guttentagcpa.com,"Allan Guttentag CPA",http://guttentagcpa.com,"Westlake Village",California,"Chartered accountant"
lisa@bestcpaservices.com,"Tucker & Kelty LLP",http://www.bestcpaservice.com,"Thousand Oaks",California,Accountant
tammy@carlincpas.com,"Jordan M Carlin Co",http://www.carlincpas.com,"Thousand Oaks",California,Accountant
denise@denisevivero.com,"Vivero Accounting Services",http://www.denisevivero.com,"Thousand Oaks",California,Accountant
lindsay@orllp.com,"Opdahl & Rachmanony LLP",http://www.orllp.com,"Agoura Hills",California,Accountant
nancy@crystalclearprofits.com,"Crystal Clear Profits Inc.",http://www.crystalclearprofits.com,"Westlake Village",California,"Chartered accountant"
gpkcpa@sbcglobal.net,"Klezek Gary P CPA",http://www.gpkcpa.com,"Agoura Hills",California,Accountant
info@glickmantax.com,"Glickman Tax Solutions",http://www.glickmantax.com,"Westlake Village",California,"Tax preparation service"
paul@pbscpa.net,"Paul B Shane",http://www.pbscpa.net,"Westlake Village",California,"Chartered accountant"
info@gcompany.us,"Girolamo & Co.",http://gcompany.us,"Thousand Oaks",California,"Accounting firm"
mark.smith@marksmithcpa.com,"R. Mark Smith CPA",http://marksmithcpa.com,"Thousand Oaks",California,"Accounting firm"
info@rktaxes.com,"Kernochan & Associates Inc.",http://www.rktaxes.com,"Westlake Village",California,"Tax preparation service"
client.care@missionoakstax.com,"Mission Oaks Tax & Accounting",http://www.missionoakstaxandaccounting.com,Camarillo,California,"Accounting firm"
gordon@bwccpa.com,"Beck Whitehead & Co",http://www.bwccpa.com,"Agoura Hills",California,Accountant
info@2theroad.com,"Restaurant Outsource Accounting Destination Inc.",http://www.2theroad.com,"Thousand Oaks",California,Accountant
jsundquist@affinitycotx.com,"Affinity Accounting Corporation",http://www.affinityaccounting.com,"Westlake Village",California,Accountant
michael@michaelgoodmancpa.com,"Goodman Michael CPA",http://www.michaelgoodmancpa.com,"Westlake Village",California,Accountant
peter@retirementwealthcenter.com,"Retirement Wealth Center Inc - Peter Girolamo CPA",http://www.retirementwealthcenter.com,"Thousand Oaks",California,"Tax preparation service"
wayne@waynesmithcpa.com,"Alphatax Tax Service",http://www.alphataxusa.com,"Thousand Oaks",California,"Tax preparation"
vince@maguireandhart.com,"Maguire and Hart Tax Preparation",http://www.maguireandhart.com,"Agoura Hills",California,"Tax preparation service"
leslie@feddersencpa.com,"Feddersen & Company LLP",http://www.feddersencpa.com,"Agoura Hills",California,Accountant
lburke@bbstaxes.com,"Burkes Business Services",http://www.bbstaxes.com,"Thousand Oaks",California,"Tax preparation service"
info@wilson-tax.com,"Wilson Shannon",http://www.wilson-tax.com,"Thousand Oaks",California,"Tax preparation service"
scloutier@cloutierassoc.com,"Cloutier and Associates",http://www.cloutierassoc.com,"Westlake Village",California,"Financial Advisor"
ajacobs@cambridgewealth.com,"Cambridge Wealth Management",http://www.cambridgewealth.com,"Westlake Village",California,"Financial Advisor"
info@bcasolutions.com,"BCA Solutions",http://www.bcasolutions.com,"Agoura Hills",California,Accountant
info@accountonus.com,"Teshima & Company CPA",http://www.accountonus.com,Torrance,California,"Tax preparation service"
stu@stuartlevycpa.com,"Levy Stuart CPA",http://www.stuartlevycpa.com,Torrance,California,Accountant
amir@amircpas.com,"Amir & Associates CPA Inc.",http://amircpas.com,Torrance,California,"Chartered accountant"
info@skevincpa.com,"Skevin CPA",http://skevincpa.com,Torrance,California,"Chartered accountant"
info@caiointernational.com,"Sharon Chang CPA Inc",http://www.caiointernational.com,Torrance,California,"Chartered accountant"
marcos@ayoub-associates.com,"Joseph Ayoub CPA Ea",http://www.ayoub-associates.com,Torrance,California,Accountant
info@crealandcreal.com,"Creal & Creal An Accountancy Corp.",http://www.crealandcreal.com,Torrance,California,Accountant
smotalebi@motalebicpa.com,"Motalebi & Associates CPA",http://motalebicpa.com,Torrance,California,Accountant
gerry@gandradecpa.com,"Gerry Andrade & Associates",http://www.gerryandradecpa.com,Torrance,California,Accountant
marketing@tyrant-king.com,"Oshima Saito LLP",http://www.saikos.com,Torrance,California,Accountant
robrien@sofcpa.com,"Servatius OBrien & Fong LLP",http://www.sofcpa.com,Torrance,California,"Chartered accountant"
info@mimuratax.com,"Mimura Accounting",http://www.mimuratax.com,Torrance,California,"Tax preparation service"
george@gmtcpa.com,"Tucker George M CPA",http://gmtcpa.com,Torrance,California,Accountant
yourteam@theandersonco.com,"Anderson Co",http://theandersonco.com,Torrance,California,Accountant
aa@cmaccpa.com,"Charles McDonough Accountancy: Greg Wilson CPA",http://www.cmaccpa.com,Torrance,California,"Tax preparation service"
jbullington@bcws.com,"BCWS - Brigante Cameron Watters and Strong LLP",http://www.bcws.com,Torrance,California,"Accounting firm"
info@gammafinancial.com,"Gamma Financial Services",http://www.gammafinancial.com,Torrance,California,Accountant
knuno@harikthompsoncpas.com,"Zdonek & Wolowicz Accountancy: Harik Patricia CPA",http://www.zwcpa.com,Torrance,California,Accountant
info@swatax.com,"StateWide Accounting & Taxes",http://www.swatax.com,Torrance,California,"Tax preparation service"
art@amsalazarcpa.com,"Salazar Arthur M CPA",http://www.amsalazarcpa.com,Torrance,California,Accountant
info@cpa888.com,"Hsu Roscow T CPA",http://cpa888.com,Torrance,California,Accountant
tvidmar@rpgcpa.com,"Mcdowell Dillon",http://www.mdhcpa.com,Torrance,California,Accountant
glenn@demarcpa.com,"De Mar & Co",http://www.demarcpa.com,Torrance,California,"Chartered accountant"
cliffbeacham@cpa.com,"Giovino Charles CPA",http://cliffbeachamtaxandbusinessconsulting.com,Torrance,California,"Chartered accountant"
sseol@jcacpas.com,"JC Accountancy",http://jcacpas.com,Torrance,California,"Tax preparation"
info@crcpa.com,"Cummins & Regenhardt Inc",http://www.crcpa.com,Torrance,California,"Tax preparation service"
greg@newwavefs.com,"Richardson Consultants",http://www.newwavefs.com,Torrance,California,"Tax preparation service"
info@mlchuncpa.com,"Michael Chun & Associates",http://www.mlchuncpa.com,Gardena,California,Accountant
info@accurateincometax.com,"Accurate Income Tax & Business Svcs Inc.",http://accurateincometax.com,Torrance,California,"Tax preparation service"
mbrisson@nextfinancial.com,"Mark Brisson",http://www.markbrissonfp.com,"Manhattan Beach",California,"Chartered accountant"
dhaas@dehaac.com,"Daniel Edward Haas - An Accountancy Corporation",http://www.dehaac.com,"Manhattan Beach",California,Accountant
info@charleseoconnor.com,"OConnor Charles E",http://www.charleseoconnor.com,Torrance,California,"Financial Advisor"
abacus@abacusbus.com,"Abacus Business Counselors Inc",http://abacusbus.com,Torrance,California,Accountant
esther@landlordtaxsavings.com,"Ray Simmons Corporation",http://incometaxsavingsplan.com,Torrance,California,"Tax Lawyer"
connor@jwmcpa.com,"McLellan John W. CPA",http://www.manhattanbeachcpa.com,"Manhattan Beach",California,Accountant
dave@jwmcpa.com,"JWM CPA and Co. - Manhattan Beach",http://www.jwmcpa.com,"Manhattan Beach",California,"Chartered accountant"
info@conrowcpa.com,"Jerry L Conrow & Co",http://www.conrowcpa.com,Torrance,California,"Tax preparation service"
robert@sharonchangcpa.com,"Sharon Chang CPA",http://sharonchangcpa.com,Torrance,California,"Chartered accountant"
eric@esfcpa.com,"Eric S Fisher CPA",http://www.esfcpa.com,Torrance,California,"Tax preparation"
peter@fairwindtax.com,"Fairwind Tax Service",http://www.fairwindtax.com,Torrance,California,"Tax preparation service"
brenda@durantax.com,"Brenda Duran Tax Accounting Services",http://durantax.com,"Redondo Beach",California,"Tax preparation"
info@gandhtaxaccounting.com,"G&H Tax Accounting Services",http://gandhtaxaccounting.com,Hawthorne,California,"Tax preparation service"
jb@jbcpa.com,"Jon Bemis CPA",http://www.jbcpa.com,"Palos Verdes Peninsula",California,Accountant
achavez@hillbergcpa.com,"Hillberg & Co",http://www.hillbergcpa.com,Turlock,California,Accountant
monica@3wcpa.com,"Wahl Willemse & Wilson LLP CPAs",http://www.3wcpa.com,Turlock,California,Accountant
rachael@br-cpa.net,"Benton Roberson CPAs",http://www.br-cpa.net,Turlock,California,Accountant
crystal@getbalancedbooks.com,"Balanced Books LLP",http://www.getbalancedbooks.com,Turlock,California,"Bookkeeping service"
info@peakmedicalbillingllc.com,"Hayes Tax & Investment Network",http://peakmedicalbillingllc.com,Turlock,California,"Tax preparation service"
info@djycpa.com,"Dániel J Yonan Accountancy Corporation",http://www.djycpa.com,Hilmar,California,"Tax preparation service"
rzipser@zipserinc.com,"Zipsers Accounting Services",http://www.zipserinc.com,Ceres,California,Accountant
info@myaataxservice.com,"A & A Tax Services",http://www.myaataxservice.com,Ceres,California,"Tax preparation service"
info@thetaxproblem.com,"The Tax Problem",http://thetaxproblem.com,Ceres,California,"Tax Service"
portal@gccpas.net,"Nathan A Miller Certified Public Accountant",http://www.grimbleby-coleman.com,Modesto,California,Accountant
mdufort@dufortcpa.com,"Dufort & Company",http://www.dufortcpa.com,Modesto,California,"Chartered accountant"
info@browningcpa.com,"Garry J Browning CPA",http://browningcpa.com,Modesto,California,"Chartered accountant"
contactus@yourcpa.com,"David A Kalunian CPA",http://www.yourcpa.com,Modesto,California,"Chartered accountant"
webmail@hamiltoncpas.com,"Hamilton & Company LLP",http://www.hamiltoncpas.com,Modesto,California,"Chartered accountant"
pam@heytaxes.com,"Hey Taxes",http://heytaxes.com,Ukiah,California,"Tax preparation service"
brian@bauerevans.com,"Joy C Ward CPA",http://www.joycwardcpa.com,Ukiah,California,Accountant
amy@slaterandassoc.net,"Slater and Associates",http://slaterandassoc.net,Vallejo,California,Accountant
vboudreaux@bvaccountingplustax.com,"B&V Accounting Plus Tax Services",http://www.bvaccountingplustax.com,Fairfield,California,"Tax preparation service"
joanne@chirobill.com,"M S Medical Billing",http://chirobill.com,Vallejo,California,Accountant
info@thebookkeepers.biz,"The Bookkeepers",http://thebookkeepers.biz,Vallejo,California,"Bookkeeping service"
inquiry@catalinia.com,"Right Place",http://www.catalinia.com,Vallejo,California,"Tax preparation service"
info@creativesolutionconsulting.com,"Toronto Tax Consulting",http://www.creativesolutionconsulting.com,Vallejo,California,"Tax preparation service"
david@york-cpa.com,"David R. York CPA MST",http://www.york-cpa.com,"American Canyon",California,"Tax preparation service"
info@risbycpa.com,"Lori A Risby CPA & Associates",http://www.risbycpa.com,Hercules,California,Accountant
sharonb@sharonismycpa.com,"Sharon M. Boatright CPA & Co. Inc.",http://www.sharonismycpa.com,Benicia,California,"Chartered accountant"
greencpafirm1@sgreencpa.com,"Green CPA Firm",http://www.sgreencpa.com,Benicia,California,Accountant
info@summervilletax.com,"Summerville & Associates",http://summervilletax.com,Pleasanton,California,"Accounting firm"
carol@carisenterprises.com,"Carol Weekly ~ Caris Enterprises Inc.",http://carisenterprises.com,Vallejo,California,"Tax preparation service"
info@coatesaccountancy.com,"Coates Accountancy Corporation",http://www.coatesaccountancy.com,Berkeley,California,Accountant
3cdavid@lembergercpa.com,"Lemberger Accountancy Corporation",http://www.lembergercpa.com,Oakland,California,Accountant
mel@duncantaxlaw.com,"Duncan Mel F CPA",http://www.duncantaxlaw.com,"Walnut Creek",California,Accountant
scott@goscott.com,"Scott Haislet CPA",http://www.goscott.com,Lafayette,California,"Chartered accountant"
inquire@henryvlantzycpa.com,"Henry V Lantzy CPA",http://henryvlantzycpa.com,"Walnut Creek",California,"Chartered accountant"
scott@cpaman.com,"Phillips Scott CPA",http://www.cpaman.com,"Walnut Creek",California,Accountant
kevin@kcroakcpa.com,"Croak + Company CPAs",http://www.kcroakcpa.com,Lafayette,California,"Chartered accountant"
service@tmfaccountingservices.com,"tmf Accounting Services",http://www.tmfaccountingservices.com,Richmond,California,Accountant
michelle@acctbusol.com,"Accounting Tax & Business Solutions LLC",http://www.acctbusol.com,Berkeley,California,Accountant
phil@latasacpa.com,"Latasa Philip CPA",http://latasacpa.com,Vallejo,California,Accountant
support@apextaxsf.com,"Apex Tax & Accounting Services",http://apextaxsf.com,Albany,California,"Accounting firm"
michelle@mjmcpapc.com,"Michelle J Matlin",http://www.mjmcpapc.com,"Walnut Creek",California,"Accounting firm"
recruiter@accountingresources.com,"Accounting Resources",http://accountingresources.com,"Walnut Creek",California,Accountant
amprusso@rktaylor.com,"RK Taylor & Associates",http://www.rktaylor.com,"Walnut Creek",California,Accountant
carol@carolkeanecpa.com,"Carol Keane & Associates",http://www.carolkeanecpa.com,"Walnut Creek",California,Accountant
olivia.aqui@myaccountingexpert.com,"Accounting Experts",http://www.myaccountingexpert.com,"Pleasant Hill",California,Accountant
gamarra@willgamarracpa.com,"GAMARRA CPA Inc - Tax Preparation",http://www.willgamarracpa.com,Concord,California,"Tax preparation"
hburstyn@harmonburstyncpa.com,"Harmon Burstyn CPA",http://www.harmonburstyncpa.com,"Walnut Creek",California,"Chartered accountant"
info@dombrowskicpas.com,"Dombrowski & Associates CPAs LLP",http://www.dombrowskicpas.com,"Walnut Creek",California,"Tax preparation service"
kcastiglioni@cherninco.com,"Chernin Philip CPA",http://www.cherninco.com,Lafayette,California,Accountant
marilyn@vtb-cpas.com,"Vance Thrift & Biller LLP",http://www.vtb-cpas.com,Ventura,California,Accountant
kim@gallardocpa.com,"Gallardo Thomas P CPA",http://www.gallardocpa.com,Ventura,California,Accountant
dseaman@b-lcpa.com,"Lundberg Janet R CPA",http://b-lcpa.com,Ventura,California,Accountant
stephen@bradvica.com,"Bradvica Stephen G CPA",http://bradvicacpa.com,Ventura,California,Accountant
mike@venturatax.com,"Morgan & Wotman LLP",http://venturatax.com,Ventura,California,Accountant
info@lindsayandcompanycpa.com,"Lindsay & Co",http://www.lindsayandcompanycpa.com,Ventura,California,"Tax preparation service"
info@sbkcpas.com,"Sauer Braime & Moss CPAs",http://www.sauerbraimemoss.com,Ventura,California,"Tax preparation service"
jill@jillpetersonbookkeeping.com,"Jill Peterson Bookkeeping Services",http://www.jillpetersonbookkeeping.com,Ventura,California,Accountant
ryan@mktaxpros.com,"Keay Financial Inc",http://www.taxservicesventura.com,Ventura,California,"Tax preparation service"
mlrobertson@venturacpas.com,"Sunken Accountancy Corporation",http://www.venturacpas.com,Ventura,California,"Tax preparation"
peter@cambierconsulting.com,"Cambier Consulting CFO Ventura - CFO For Hire",http://www.cambierconsulting.com,Ventura,California,"Financial Advisor"
info@pughtax.com,"Tracy Carlton",http://www.pughtax.com,Ventura,California,"Tax preparation service"
paul@youraccountingstaff.org,"Your Tax Staff",http://www.yourtaxstaff.com,Ventura,California,"Tax preparation"
donald@graftax.com,"Donald Graf & Associates",http://www.graftax.com,Ventura,California,"Tax preparation"
info@bkpgplus.com,"Bookkeeping Plus",http://bkpgplus.com,Ventura,California,"Tax preparation service"
doug@venturacoastwm.com,"Ventura Coast Wealth Management",http://www.venturacoastwm.com,Ventura,California,"Financial Advisor"
tgmedia@archermalmo.com,"Drane Ludington & Associates LLP",http://www.hmiller.towergarden.com,Ventura,California,Accountant
abel@ultratax.net,Ultratax,http://www.ultratax.net,Oxnard,California,"Tax preparation service"
sylvie@simpleaccountingbiz.com,"SMA Accounting & Business Services Inc.",http://sma-accountingbusiness.com,Oxnard,California,"Accounting firm"
bill@wdiiibkg.com,"Bookkeeping Service",http://www.oxnardtaxservices.com,Oxnard,California,"Bookkeeping service"
andrea@das1040.com,"Desert Accounting Service",http://www.das1040.com,Victorville,California,"Bookkeeping service"
taxes@patelcpaoffice.com,"Patel & Co Inc Certified Public Accountant",http://www.patelcpaoffice.com,Victorville,California,"Chartered accountant"
cindra@messnerandhadley.com,"Messner & Hadley LLP",http://messnerandhadley.com,"Apple Valley",California,Accountant
sharonroshtotax@unseen.is,"Sharon Roshto Tax Preparation Inc.",http://www.sharonroshtotax.com,Victorville,California,"Tax preparation service"
info@moremoneytr.com,"MoreMoney Tax Returns",http://www.moremoneytr.com,Victorville,California,"Tax preparation service"
jsb20@fortunefinancialservices.com,"John S Blanc Tax Services",http://fts1040.net,"Apple Valley",California,"Tax preparation service"
jblanc@bpsecinc.com,"Freedom Tax Service",http://www.freedomfinancialserviceco.com,"Apple Valley",California,"Tax preparation"
linda@ab-serv.com,"Automated Business Service",http://ab-serv.com,Hesperia,California,"Tax preparation service"
bruce@bhfcpa.net,"Sims Quality Tax Services",http://www.bhfcpa.net,"Apple Valley",California,"Tax preparation service"
eforms@taxworldplus.com,"Tax World Plus",http://www.taxworldplus.com,Hesperia,California,"Tax preparation service"
amber@avexcellence.net,"Business Office",http://www.avexcellence.net,Hesperia,California,Accountant
info@foxandstephens.com,"Woody Fox CPA - Fox & Stephens Inc",http://foxandstephens.com,"Rancho Cucamonga",California,"Chartered accountant"
doug.s@stephensonaccounting.com,"Stephenson Accountancy Corporation",http://www.stephensonaccounting.com,Colton,California,Accountant
fred@rjjcpas.com,"Reiss Jackson & Jamison LLP",http://www.rjjcpas.com,Redlands,California,Accountant
fweisner@reagan.com,"California Tax Service Inc.",http://www.caltaxservices.com,"San Bernardino",California,Accountant
nadine@decarlicpa.com,"Nadine G. DeCarli CPA An Accountancy Corporation",http://www.decarlicpa.com,"Rancho Cucamonga",California,Accountant
joe@walloch.com,"Sally Jacob CPA",http://walloch.com,Redlands,California,Accountant
beth@bergcpa.com,"Berg Douglas M CPA",http://bergcpa.com,Visalia,California,Accountant
denns@ennscpa.com,"Enns & Associates",http://www.ennscpa.com,Visalia,California,Accountant
steve@yahnian.com,"DSA Accounting",http://www.dsaaccounting.com,Visalia,California,Accountant
joyce2@visaliacpas.net,"Scott Mainord & Langley Inc: Langley Frances I CPA",http://www.visaliacpas.net,Visalia,California,"Tax preparation service"
tcbks@att.net,"Tri-Counties Bookkeeping",http://tri-countiesbookkeeping.com,Visalia,California,"Tax preparation service"
1040@brtaxplanners.com,"Ellis C Doyal Accountancy Corporation",http://www.brtaxplanners.com,Visalia,California,"Tax preparation service"
austin@newblomtax.com,"Gonzalez Tax Services",http://newblomtax.com,Visalia,California,"Tax preparation service"
patrontax@patrontax.com,"Reyes Legal Services",http://reyeslegalservices.net,Visalia,California,"Tax preparation service"
info@gmantaxservice.com,"GMAN TAX SERVICE LLC",http://m.gmantaxservice.com,Visalia,California,"Tax preparation service"
1pestman@sbcglobal.net,"Centro De Servicios",http://www.pestmanpestcontrol.com,Farmersville,California,"Tax preparation service"
martin@martingarcia.com,"Martin C Garcia Accountancy",http://www.martincgarciacpa.com,Hanford,California,Accountant
andy@andyhcpa.com,"Hinojosa Andy CPA",http://andyhcpa.com,Tulare,California,"Financial Advisor"
service@gowingreen.com,"Salisbury Tax Services",http://www.gowingreen.com,Tulare,California,"Tax preparation service"
mihai@mipfinancial.com,"MIP Financial",http://www.mipfinancial.com,Visalia,California,"Financial Advisor"
harry@bookkeeper.com,"The Bookkeeper",http://www.bookkeeper.com,Visalia,California,"Bookkeeping service"
info@alcpagroup.com,"A & L CPA Group",http://www.alcpagroup.com,"Walnut Creek",California,Accountant
steve@bob-cpas.com,"Bowers OConnor & Associates LLP",http://www.boascpa.com,"Walnut Creek",California,Accountant
dave@bbcpa-cfp.com,"Barcklay & Barcklay",http://www.bbcpa-cfp.com,"Walnut Creek",California,Accountant
lina@ddllp.com,"Dempster & Dietler",http://www.ddllp.com,"Walnut Creek",California,Accountant
mike@schoenholzassoc.com,"Schoenholz & Associates",http://schoenholzassoc.com,"Walnut Creek",California,Accountant
steve@sjwiesenthal.com,"Steven J Wiesenthal",http://www.sjwiesenthal.com,"Walnut Creek",California,Accountant
ktop@ktopconsulting.com,"Financial Harmony",http://www.ktopconsulting.com,"Walnut Creek",California,"Tax preparation service"
manuel@mpintocpa.com,"Pinto Manuel P CPA",http://manuelpintocpa.com,"Walnut Creek",California,"Tax preparation service"
albert@lltaxservice.com,"Leibowitz Tax Service",http://www.lltaxservice.com,"Walnut Creek",California,"Tax preparation service"
mbicpa@sbcglobal.net,"Iles Marion CPA",http://www.mbicpa.com,Lafayette,California,Accountant
dima@fintaxcorp.com,"Fin Tax Corporation",http://www.taxcare.org,"Walnut Creek",California,"Tax preparation service"
contactus@reubeneprice.com,"Reuben E. Price & Co. CPAs",http://www.repcocpas.com,"Walnut Creek",California,Accountant
info@usccpa.net,"Mac Burney Jr Robert a CPA",http://usccpa.net,Covina,California,Accountant
barrey@staggsandcompany.com,"Staggs and Company CPA",http://staggsandcompany.com,Covina,California,Accountant
support@protaxfs.com,"PROTAX Financial Services",http://www.protaxfs.com,"West Covina",California,"Tax preparation service"
rcable@rogersclem.com,"Rogers Clem & Company Accountancy Corporation",http://www.rogersclem.com,Covina,California,"Chartered accountant"
info@medicalbillingoutsourcing.net,"Renees Medical Billing",http://www.medicalbillingoutsourcing.net,"Baldwin Park",California,Accountant
mohammad@loustax.com,"Lous Income Tax & Bookkeeping",http://www.loustax.com,Covina,California,"Tax preparation service"
dario@taxelf.net,"Tax Elf",http://www.taxelf.net,Covina,California,"Tax preparation service"
ron@albertejeffreytax.com,"Albert E Jeffrey Tax",http://albertejeffreytax.com,Covina,California,"Tax preparation service"
info@djaocpa.com,"Dennis Jao CPA Bookkeeping and Accounting Firm",http://djaocpa.com,Brea,California,"Bookkeeping service"
horacio@hmejiacpa.com,"Mejia and Associates",http://www.hmejiacpa.com,Covina,California,"Tax preparation"
marita@thegandcompany.com,"Gand Company",http://thegandcompany.com,Covina,California,Accountant
hk@hkwokcpa.com,"Heidi Kwok Cpa Mbt",http://hkwokcpa.com,Walnut,California,"Bookkeeping service"
hello@911taxplanner.com,"Trek Accounting and Tax Solutions Inc",http://www.911taxplanner.com,"West Covina",California,"Accounting firm"
jessica@thenumberspro.com,"Thomas F Seymour & Co",http://www.thenumberspro.com,"City of Industry",California,Accountant
pam@meadcoley.com,"Mead Coley and Company CPAs",http://meadcoley.com,"Diamond Bar",California,"Chartered accountant"
jimmillercpa@milleraccountancycorp.com,"Miller Accountancy",http://jimmillercpa.com,Duarte,California,Accountant
info@1taxpro.com,Herbatax,http://herbatax.com,Covina,California,"Tax Advisor"
accountant@cnzaccounting.com,"C&Z ACCOUNTING CORP",http://www.cnzaccounting.com,"Diamond Bar",California,Accountant
info@troiscpa.com,"TROIS CPA",http://www.troiscpa.com,"San Dimas",California,Accountant
aacosta@acostaaccountingservices.com,"Acosta Accounting Services",http://acostaaccountingservices.com,Glendora,California,"Tax preparation service"
us_lifeclaims@primerica.com,"Myrna Talavera RVP",http://www.primerica.com,"West Covina",California,"Financial Advisor"
info@vacecpa.com,"Vace & Company CPA",http://www.vacecpa.com,"Beverly Hills",California,"Accounting firm"
jean@allonly.org,"All In One Accounting Corp",http://allonly.org,Monrovia,California,"Accounting firm"
mjc@ourtaxguy.com,"Mark J. Concialdi CPA",http://ourtaxguy.com,Monrovia,California,"Tax Advisor"
info@shaubcpagroup.com,"Jones Accounting",http://jonesaccountingservice.com,"Baldwin Park",California,"Bookkeeping service"
eaguirre@agcocpa.com,"Aguirre Greer & Co.",http://www.agcocpa.com,Whittier,California,"Accounting firm"
cpa@fanandli.us,"FAN & LI LLP CPA",http://www.fanandli.us,"Diamond Bar",California,"Tax preparation service"
info@ustax1.com,"California Public Accountancy Corp",http://calcpacorp.com,"City of Industry",California,Accountant
michael@mjacpa.net,"Michael J Altenhofen CPA",http://www.mjacpa.net,Pomona,California,Accountant
info@allyeartax.com,"All Year Tax & Accounting Service",http://allyeartax.com,Pomona,California,"Tax preparation service"
info@horiecpas.com,"Andersen Horie & Company",http://www.horiecpas.com,Monrovia,California,Accountant
ghoffman@bhscpa.com,"Theisen Thomas CPA",http://thomastheisencpa.com,Whittier,California,Accountant
info@alaservices.org,"ALA Tax Services",http://www.alaservices.org,"Pico Rivera",California,"Tax preparation service"
info@emc-accounting.com,"EMC Accounting Services",http://www.emc-accounting.com,"La Mirada",California,"Bookkeeping service"
clark@clarkatterbury.com,"IRA MD Financial Advisors Inc.",http://www.clarkatterbury.com,Whittier,California,"Financial Advisor"
info@ditasinc.com,"Diamond Income Tax & Accounting Services Owner Gina Moreno",http://www.ditasinc.com,Montebello,California,"Tax preparation service"
infowhiz@taxriteplus.com,"TAX RITE PLUS",http://www.taxriteplus.com,Whittier,California,Accountants
david@davidtrotter.tv,"David Trotter & Associates",http://davidtrotter.tv,Whittier,California,"Tax preparation service"
office@stswhittier.com,"Superior Tax Services LLC",http://www.stswhittier.com,Whittier,California,"Tax Service"
maria@reyestaxes.com,"Reyes Income Tax Services",http://reyestaxes.com,Montebello,California,"Tax preparation"
info@absetax.com,"Accounting & Business Services",http://www.absetax.com,Artesia,California,Accountant
ewatkins@property-taxes.com,"Accountants On Line",http://www.statetaxmgmt.com,Bellflower,California,"Tax Advisor"
julie@jdandco.com,"Davis Julie",http://www.jdandco.com,"Yorba Linda",California,Accountant
john@zakowskicpa.com,"Ruth Zakowski CPA",http://zakowskicpa.com,"Yorba Linda",California,Accountant
cpa@accountaxaid.com,"Accountax Unlimited",http://www.accountaxaid.com,"Yorba Linda",California,Accountant
tina@balancedbookkeepingandtax.com,"Balanced Bookkeeping and Tax",http://www.balancedbookkeepingandtax.com,"Yorba Linda",California,Accountant
adriana@jpstax.com,JPStax,http://www.jpstax.com,"Yorba Linda",California,"Tax preparation service"
ebilinski@bilinskicpa.com,"Accounting Office",http://www.bilinskicpa.com,Anaheim,California,"Tax preparation service"
tapan@nuttallpatel.com,"Nuttall & Patel LLP",http://www.nuttallpatel.com,Anaheim,California,"Chartered accountant"
mhopkins@hopkinswealth.com,"Hopkins Wealth Management: Bryan Hopkins",http://www.hopkinswealth.com,Anaheim,California,"Chartered accountant"
pamela@bcrcpas.com,"Bjorklund Robyn",http://www.bcrcpas.com,Brea,California,Accountant
sherine@aabrea.com,"Anthony & Associates CPAs",http://www.aabrea.com,Brea,California,Accountant
info@chaicpa.com,"Chai and Associates PC",http://www.chaicpa.com,Placentia,California,Accountant
info@medicalbizserv.com,"Medical Business Services",http://medicalbizserv.com,Anaheim,California,Accountant
info@afscorporate.com,"All Around Financial Services",http://afscorporate.com,Anaheim,California,Accountant
edwin@edwinyoung.com,"Youngs Tax & Financial Services",http://www.edwinyoung.com,Brea,California,"Tax preparation service"
info@sonnycpa.com,"Sonny & Company CPA",http://www.sonnycpa.com,Anaheim,California,Accountant
gpentoney@s-wcpa.com,"Schlotzhauer & West Cpas",http://s-wcpa.com,Brea,California,Accountant
tonyquinto@alqcpa.com,"Quinto Antonio L CPA",http://www.alqcpa.com,Placentia,California,Accountant
trina.martir@martirfinancial.com,"Martir Financial Group",http://www.martirfinancial.com,Placentia,California,"Bookkeeping service"
lolvey@harrisontax.com,"Harrison Tax Services",http://www.harrisontax.com,Placentia,California,"Tax preparation service"
info@bjs-cpa.com,"Smith Bradley J CPA",http://bjs-cpa.com,Orange,California,Accountant
pmorrey@earthlink.net,"Allstate Tax Services",http://www.allstatetax.com,Anaheim,California,"Tax preparation service"
valerie@jkelloggcompany.com,"J. Kellogg & Company Inc.",http://jkelloggcompany.com,Fullerton,California,"Tax preparation service"
b.jean@cpaspc.com,"Jean & Company Cpas Professional Corp",http://cpaspc.com,"Diamond Bar",California,Accountant
saleh@adicpa.com,"Adi & Associates CPA",http://www.adicpa.com,Anaheim,California,"Chartered accountant"
emad@emacpa.com,"Ema Accounting Inc",http://emaaccounting.com,Anaheim,California,Accountant
cls@tenney-cpa.com,"Tenney & Company CPAs",http://www.tenney-cpa.com,"Yuba City",California,Accountant
tax@sharpecpa.com,"James D. Sharpe CPA",http://www.sharpecpa.com,"Yuba City",California,"Chartered accountant"
kathy@kathybirdwelltax.com,"Kathy Birdwell Tax Services",http://kathybirdwelltax.com,"Yuba City",California,"Tax preparation service"
info@thenotarycompany.com,"Ellis Financial Services",http://www.thenotarycompany.com,"Yuba City",California,"Tax preparation service"
sharleen@wcfs.biz,"West Coast Financial Services",http://wcfs.biz,Marysville,California,"Tax preparation service"
miguel@productivebookkeeping.com,"Pinecrest Bookkeeping Services",http://www.productivebookkeeping.com,"Nevada City",California,Accountant
tac@tayloracctcorp.com,"Taylor Accountancy Corporation",http://www.tayloracctcorp.com,Gridley,California,Accountant
info@cornerstonebookkeepers.com,"Cornerstone Accounting Services",http://www.cornerstoneaccountant.com,"Grass Valley",California,Accountant
jennifer@phillipsstarbuck.com,"Steven E Phillips CPA",http://www.phillipsstarbuck.com,Auburn,California,Accountant
