email,company,website,city,state,profession
blancapeakdentalcenter@gmail.com,"Blanca Peak Dental Center",http://www.blancapeakdental.com,Alamosa,Colorado,Dentist
mejiafamilydental@gmail.com,"Eva S. Mejia DDS LLC Family Dentistry",http://www.mejiafamilydental.com,Alamosa,Colorado,Dentist
sweettoothdentalalamosa@gmail.com,"SWEET TOOTH DENTAL & ORTHODONTICS",http://sweettoothalamosa.com,Alamosa,Colorado,"Dental clinic"
cottonwooddental@gmail.com,"Cottonwood Dental Center",https://www.cottonwooddentalgroup.com,Alamosa,Colorado,Dentist
hasz.rob@gmail.com,"Dell's Insurance Agency Inc",https://www.dellsinsurance.com,Alamosa,Colorado,"Insurance agency"
salidahorizondental@gmail.com,"Horizon Dental",https://horizondentalsalida.com,Salida,Colorado,"Dental clinic"
aspendds@comcast.net,"Ward W. Johnson DDS",http://www.wardjohnsondds.com,Aspen,Colorado,Dentist
jensendental10@gmail.com,"Robert A JensenDDSP.C.",http://www.rjensen-dds.com,Aspen,Colorado,Dentist
peakdentistry@gmail.com,"Peak Dentistry",http://peakdentistry.com,Edwards,Colorado,Dentist
adairdental@hotmail.com,"Altitude Family Dental",http://www.altitudefamilydental.com,Gypsum,Colorado,Dentist
eaglefamilydentistry@gmail.com,"Eagle Family Dentistry",https://www.eaglefamilydentistry.com,Eagle,Colorado,Dentist
gmjungman@hotmail.com,"Dillon Family Dental",http://www.summitfamilydental.com,Dillon,Colorado,"Cosmetic dentist"
bcendo@gmail.com,"Beaver Creek Endodontics",http://www.beavercreekendo.com,Avon,Colorado,Endodontist
breckenridgefamilydental@gmail.com,"Breckenridge Family Dental",http://www.breckenridgefamilydental.com,Breckenridge,Colorado,"Cosmetic Dentist"
gunnisondentist@yahoo.com,"Gentle Dental Care",https://www.gunnisondentist.com,Gunnison,Colorado,"Cosmetic dentist"
afd.rmdp@gmail.com,"Aurora Family Dentistry",http://yourauroradentist.com,Aurora,Colorado,Dentist
delmarassociates@gmail.com,"Del Mar Family Dental Care & Orthodontics",https://www.delmarfamilydentalcare.com,Aurora,Colorado,Dentist
hmfamilydental@gmail.com,"H&M Family Dentistry",https://www.hmfamilydentistry.com,Aurora,Colorado,Dentist
merrow8@aol.com,"Highpoint Dental Care",https://www.highpointdentalco.com,Aurora,Colorado,"Cosmetic dentist"
cuspfamilydental@gmail.com,"Cusp Family Dental",https://cuspfamilydental.com,Aurora,Colorado,Dentist
auroragatewaydental@yahoo.com,"Gateway Dental Group",http://www.gatewaydentalaurora.com,Aurora,Colorado,Dentist
aurorahillsdental@gmail.com,"Aurora Hills Dental Practice - Darrell F Schuler DDS",http://www.dschulerdds.com,Aurora,Colorado,"General Dentist"
kidschoicedental@comcast.net,"Kids Choice Dental Vision Braces",https://mykidschoicedental.com,Aurora,Colorado,Dentist
meadowhillsdentist@gmail.com,"Meadow Hills Dental",http://www.meadowhillsdental.com,Aurora,Colorado,Dentist
retro.dental.aurora@gmail.com,"Retro Dental Aurora",https://www.retrodentalaurora.com,Aurora,Colorado,"Cosmetic dentist"
villageparkdental@gmail.com,"Village Park Dental",http://www.villageparkdentalcare.com,Aurora,Colorado,Dentist
myaccessdental@gmail.com,"Access Dental",https://myaccessdental.com,Aurora,Colorado,Dentist
ilifffamilydental@gmail.com,"Iliff Family Dental",http://iliffdental.com,Aurora,Colorado,Dentist
mfarbod.dds@gmail.com,"Breeze Dental",http://www.breezedentaldenver.com,Aurora,Colorado,Dentist
hsfamilydental@gmail.com,"HS FAMILY DENTAL CARE",http://www.aurorafamilydentist.com,Aurora,Colorado,"Dental clinic"
jackbeckman@comcast.net,"Buckley Dental Clinic",http://www.buckley.af.mil,Aurora,Colorado,"Dental clinic"
clinicadentallatina123@gmail.com,"Clinica Dental Latina",http://clinicadentallatina.com,Aurora,Colorado,"Dental clinic"
aurpeddent@aol.com,"Cherry Creek Pediatric Dentistry",https://cherrycreekpediatricdentistry.com,Denver,Colorado,"Paediatric Dentist"
foresthillsdentalco@gmail.com,"Forest Hills Dental Care",http://foresthillsdentalco.com,Aurora,Colorado,Dentist
uptown.pros@gmail.com,"Uptown Comprehensive Dentistry and Prosthodontics",https://www.uptownprosthodontics.com,Aurora,Colorado,Dentist
kidsdentist1@gmail.com,"Kids First Dental",http://www.kids-first-dental.com,Aurora,Colorado,Dentist
glennsmilecenter@gmail.com,"Glenn Smile Center... Dr. Falona Glenn & Dr. Gerald Glenn",http://glennsmilecenter.com,Aurora,Colorado,Dentist
pdh.eaglebend@gmail.com,"Premier Dental Health at Eagle Bend",http://www.pdhsmiles.com,Aurora,Colorado,"Cosmetic dentist"
briarwooddds1@gmail.com,"Briarwood Family Dentistry",http://www.briarwoodfamilydentistry.com,Aurora,Colorado,"Dental clinic"
sunrisefamilydentalcolorado@gmail.com,"Sunrise Family Dental Colorado",https://sunrisefamilydentalcolorado.com,Aurora,Colorado,Dentist
rmdental2@gmail.com,"Rankin & Mingle Dentistry",http://www.rmdental.com,Aurora,Colorado,"Dental clinic"
pineycreekdental@gmail.com,"Piney Creek Family Dentistry",http://www.pineycreekdental.com,Centennial,Colorado,Dentist
saddlerockdental@gmail.com,"Saddle Rock Dental",http://www.saddlerockdental.com,Centennial,Colorado,"Dental clinic"
roshanshroffdds@gmail.com,"Shroff Dental Arts",https://www.shroffdentalarts.com,Centennial,Colorado,Dentist
allendodontics@gmail.com,"Aurora Endodontics",http://www.all-endo.com,Aurora,Colorado,"Dental clinic"
gintherfamilydentistry@gmail.com,"Ginther Family Dentistry",https://gintherfamilydentistry.com,Aurora,Colorado,Dentist
rezamesmarian@gmail.com,"Kidland Dental",https://www.kidlanddental.com,Aurora,Colorado,Dentist
foxfielddental@gmail.com,"Foxfield Dental",http://foxfielddental.com,Foxfield,Colorado,Dentist
signaturesmilesparker@gmail.com,"Signature Smiles Dentistry",https://www.signaturesmilesparker.com,Parker,Colorado,Dentist
deegandodeeg@gmail.com,"Deeg Deborah K DDS",http://www.deegdentistry.com,Aurora,Colorado,Dentist
janlweigum@gmail.com,"Voytek Bobak DMD MS - Bobak Orthodontics",https://www.orthodontistlakewoodco.com,Lakewood,Colorado,Orthodontists
perioaurora@gmail.com,"Aurora Periodontics and Implant Dentistry",http://www.perioaurora.com,Centennial,Colorado,"Dental implants periodontist"
smilehifamilyden@aol.com,"Smile Hi Family Dentistry",https://smilehifamilydentistry.com,Aurora,Colorado,Dentist
lowrypdh8111@gmail.com,"Lowry Pediatric Dental Health",https://www.lowrykidsdmd.com,Denver,Colorado,"Paediatric Dentist"
rogerdruckmandds@gmail.com,"Roger Druckman DDS PC",https://www.drdruckman.com,Denver,Colorado,"Cosmetic dentist"
mainstreet.dental@comcast.net,"Mainstreet Dental",https://mainstreetdentalparker.com,Parker,Colorado,Dentist
asd.rmdp@gmail.com,"Landon V. Blatter DDS",http://bestcentennialdentist.com,Centennial,Colorado,Dentist
axiomdental@gmail.com,"Axiom Dental Group",http://www.axiomdental.com,Aurora,Colorado,Dentist
hollyballerdds@gmail.com,"Baller Dental & Orthodontics - Southlands",https://www.ballerdentalandortho.com,Aurora,Colorado,Dentist
littlerockieskidsdental@gmail.com,"Julie LeBlanc DDS",http://www.littlerockieskidsdental.com,Parker,Colorado,"Paediatric Dentist"
smilewithcaredental@gmail.com,"Smile with Care Dental of Colorado",https://www.smilewithcaredentalcolorado.com,Aurora,Colorado,Dentist
dhavener@gmail.com,"Colorado Prosthodontic Society",https://coloradoprosthodonticsociety.org,Englewood,Colorado,Dentist
oralmax4@gmail.com,"Keogh Barry S DDS MD",http://keoghoralsurg.com,Aurora,Colorado,Dentists
geisdentistry@gmail.com,"Geis Dentistry",http://geisdentistry.com,Aurora,Colorado,Dentist
dfschuler1@gmail.com,"Dr. Darrell F. Schuler",https://www.drschulerdds.com,Aurora,Colorado,"General Dentistry"
jehaberstrohdds@aol.com,"Julie E Haberstroh DDS",https://familydentistryaurora.com,Aurora,Colorado,Dentist
milehighdentist@gmail.com,"Mile High Dentistry: Brian Ley Dds",http://milehighdentistry.com,Aurora,Colorado,Dentist
spectrumdental6660@gmail.com,"Spectrum Dental Group",http://www.spectrumdent.com,Denver,Colorado,Dentists
ronesdental2@comcast.net,"Rones Jonathan DDS PC",http://www.drrones.com,Denver,Colorado,"General Dentistry"
greendentalbroomfield@gmail.com,"Green Dental",http://www.greendentalsmiles.net,Aurora,Colorado,Dentists
a2zdds@gmail.com,"Accord Dental Group",https://www.accorddentalgroup.com,Denver,Colorado,Dentist
mrk75@hotmail.com,"Southeast Denver Dental",http://www.southeastdenverdental.com,Denver,Colorado,Dentist
drteresalowery@comcast.net,"My Cherry Creek Dentist",http://mycherrycreekdentist.com,Denver,Colorado,Dentists
officeltl327@gmail.com,"Aurora Dental Associates PC",http://www.lonetreedentalassociates.com,Aurora,Colorado,Dentist
firstchoicecherrycreek@gmail.com,"First Choice Dental - Southeast Denver",http://www.firstchoicedentalco.com,Denver,Colorado,"Dental clinic"
northfieldfamilydental@gmail.com,"Northfield Family Dental",http://northfieldfamilydental.com,Denver,Colorado,Dentist
ccfd4972@gmail.com,"Commerce City Family Dental",https://www.commercecityfamilydental.com,"Commerce City",Colorado,Dentist
dewi5055@gmail.com,"Dr. Michael DeWitt DDS MA",https://www.dewda.com,Denver,Colorado,Dentist
setofamilydentistry@gmail.com,"Seto Family Dentistry",https://setofamilydentistry.com,Denver,Colorado,Dentists
dr80022@hotmail.com,"Commerce City Dental Center",https://www.commercecitydentalcenter.com,"Commerce City",Colorado,Dentist
donaldrricedds@gmail.com,"Donald R Rice DDS",http://donaldricedds.com,Denver,Colorado,"General Dentistry"
kyeleedds@gmail.com,"Hampden Family Dental",http://www.hampdenfamilydental.com,Denver,Colorado,Dentist
dochudson.dds@gmail.com,"Dale W. Hudson D. D. S",https://beautifulsmilesbydoc.com,Denver,Colorado,Dentists
bertagnollidental@gmail.com,"Bertagnolli Dental",http://www.bertagnollidental.com,Westminster,Colorado,"General Dentistry"
bferrelldds@gmail.com,"Bonnie C Ferrell DDS",https://www.drbonnieferrell.com,Denver,Colorado,"General Dentistry"
vickicpyne@gmail.com,"Thomas H Pyne DDS",http://www.tompynedds.com,Denver,Colorado,Dentists
childrensdentistrycc@gmail.com,"Children's Dentistry",http://www.childrensdentistryco.com,Glendale,Colorado,"Pediatric Dentists"
elitedentalgroup.inc@gmail.com,"Elite Dental Group",https://elitedentalcolorado.com,Aurora,Colorado,Dentists
happycanyondental@gmail.com,"Happy Canyon Dental",http://www.happycanyondental.com,Denver,Colorado,"General Dentistry"
stammdental04@gmail.com,"Stamm Dental Wellness",http://www.stammdentalwellness.com,Denver,Colorado,Dentists
wmdentalc@gmail.com,"Westminster Dental Care",http://westminsterdent.com,Westminster,Colorado,Dentists
dr.bellon@live.com,"Bellon Michael D DDS MS",http://www.drbellon.com,Denver,Colorado,Orthodontists
reiakvam@aol.com,"Southmoor Park Family Dentistry",https://www.landmarktotaldentistry.com,Denver,Colorado,"General Dentistry"
dr.frederick@gmail.com,"Frederick Dental: Dr. Christopher Frederick DMD",http://www.frederick.dental,Boulder,Colorado,Dentist
boulderrestorativedentistry@gmail.com,"Boulder Restorative Dentistry",https://www.boulderrestorativedentistry.com,Boulder,Colorado,"Cosmetic dentist"
doctmb@hotmail.com,"Thomas Bogan DDS",https://www.boganddsboulder.com,Boulder,Colorado,Dentist
alpinedentistry_1@hotmail.com,"Dr. Jason J. Atha DDS",https://www.alpinedentistry.net,Boulder,Colorado,Dentist
sunrisedentalcareboulder@gmail.com,"Sunrise Dental Care",http://www.sunrisedentalcareboulder.com,Boulder,Colorado,Dentist
drkalfas@aol.com,"Lisa Kalfas DDS",http://www.dentistboulderco.com,Boulder,Colorado,Dentist
colbertdental@hotmail.com,"Dr. Elbert L. Colbert DMD",http://colbertdentalcenter.com,Boulder,Colorado,Dentist
johannprosthetics@live.com,"Johann Prosthetics of Boulder",http://www.andrewjohannddsmspc.com,Boulder,Colorado,Dentist
drmikejones3400@gmail.com,"Associates in Pediatric Dentistry",http://www.boulderpediatricdentistry.com,Boulder,Colorado,Dentist
craiglarsondds@gmail.com,"Larson Family Dentistry",http://www.larsonfamilydentistry.com,Longmont,Colorado,Dentist
boulderperiodontics@gmail.com,"Boulder Periodontics",http://www.boulderperiodontics.com,Boulder,Colorado,"Dental implants periodontist"
boulderperio@gmail.com,"Boulder Implants & Periodontics: Jonathan C. Boynton DMD",https://www.boulderimplant.com,Boulder,Colorado,Periodontist
kenmickensdds@hotmail.com,"Mickens II Kenneth w DDS",https://www.drkenmickens.com,Boulder,Colorado,Dentist
rockpediatricdentistry@gmail.com,"Rock Pediatric Dentistry",http://www.rockpediatricdentistry.com,Boulder,Colorado,"Paediatric Dentist"
peakonepoolandspa@gmail.com,2thCleaning,http://www.peakonepoolandspa.com,Boulder,Colorado,"Dental clinic"
bouldercreekos@gmail.com,"Boulder Creek Implant & Oral Surgery",https://www.bouldercreekoralsurgery.com,Boulder,Colorado,"Oral surgeon"
drskulski@yahoo.com,"Dr. Carl C. Skulski DDS",http://www.rootcanalsareus.com,Boulder,Colorado,Dentist
longmontcompletedentistry@gmail.com,"Longmont Complete Dentistry",https://www.longmontcompletedentistry.com,Longmont,Colorado,Dentist
flatironsendodontics@gmail.com,"Flatirons Endodontics",http://flatironsendo.com,Louisville,Colorado,Endodontist
docwertz801@gmail.com,"David A Wertz D.D.S.P.C",http://www.docwertz.com,Louisville,Colorado,Dentist
dentalbynaturedds@gmail.com,"Dental By Nature - Dentist in Longmont Co",http://dentalbynature.com,Longmont,Colorado,Dentist
drgordongates@gmail.com,"Gordon N Gates DDS MSD",http://drgordongates.com,Boulder,Colorado,Dentists
thedentalshoppecolorado@gmail.com,"The Dental Shoppe",http://dentalshoppe.com,Lafayette,Colorado,Dentist
indianpeaksdental@yahoo.com,"Indian Peaks Dental",https://indianpeakdental.com,Lafayette,Colorado,Dentist
ffdentistry@hotmail.com,"Fleischmann Family Dentistry",https://www.broomfielddentistry.com,Broomfield,Colorado,"Cosmetic Dentist"
erieandmeadfamilydentistry@gmail.com,"Erie Family Dentistry",http://eriefamilydentistry.com,Erie,Colorado,Dentist
murrayfamilydentistry@gmail.com,"A Wayne Franz DDS PC",http://www.waynefranzdds.com,Superior,Colorado,Dentist
tersdds@aol.com,"Ters Martin DDS",http://www.tersfamilydentistry.cywrite.com,Louisville,Colorado,Dentist
bradburnvillagedentistry@gmail.com,"Bradburn Village Dentistry",https://www.bradburnvillagedentistry.com,Westminster,Colorado,Dentist
artisticsmiles920@outlook.com,"Artistic Smiles",https://www.artisticsmiles.org,Longmont,Colorado,Dentist
chateaux1033@gmail.com,"Chateau Family Practice",https://www.chateauxdental.com,"Suite F",Colorado,Dentist
mctuthbrush@msn.com,"Willow Run Dental",http://www.willowrundental.org,Westminster,Colorado,Dentist
retro.dental.broomfield@gmail.com,"Retro Dental Group Broomfield",https://retrodentalbroomfield.com,Broomfield,Colorado,Dentist
mvfdbrighton@gmail.com,"Mountain View Family Dental",https://www.mountainviewfamilydental.com,Westminster,Colorado,Dentist
teledentist1@yahoo.com,"Advanced Dental Arts",http://advanced-dental-arts.com,Arvada,Colorado,Dentist
mairsfamilydentistry@gmail.com,"Mairs Family Dentistry",https://www.mairsfamilydentistry.com,Arvada,Colorado,Dentist
mydentistinc1@gmail.com,"My Dentist",https://mydentistwestminster.com,"Suite A-200",Colorado,Dentist
foxcreekfamilydental@gmail.com,"Fox Creek Family Dental",http://www.foxcreekfamilydental.com,Longmont,Colorado,Dentist
matalyndondds@gmail.com,"Mata Dental Broomfield",https://www.drmatadental.com,Broomfield,Colorado,Dentist
nslab@gmail.com,"New Horizons Dental Lab",http://www.newhorizonsdentallab.com,Broomfield,Colorado,"General Dentistry"
robertkortiz19@gmail.com,"Donaghy Frederick A DDS",https://quandry-carpentry-maintenance.business.site,Boulder,Colorado,"Oral Surgeons"
jonbaumandds@comcast.net,"Riverdale Dental Centre",https://www.brightondentistco.com,Brighton,Colorado,Dentist
mark_ehrhardt@comcast.net,"Brighton Restorative Dentistry",https://www.brightonrestorativedentistry.com,Brighton,Colorado,Dentist
archibaldfamilydentistry@gmail.com,"Archibald Family Dentistry",http://www.archibaldfamilydentistry.com,"Commerce City",Colorado,Dentist
openwiiiide03@aol.com,"Fort Lupton Dental Group: Berndt Shawna G DDS",http://www.fortluptondentalgroup.com,"Fort Lupton",Colorado,Dentist
northerncodental@gmail.com,"Ascent Family Dental",https://greeleydental.com,Greeley,Colorado,Dentist
hearthsidedentistry@gmail.com,"Hearthside Dentistry",http://www.hearthsidedentistry.com,Thornton,Colorado,Dentist
deverorthopedo@gmail.com,"Patra Watana Pediatric Dentistry & Iritani Orthodontics",http://www.denverorthopedo.com,"Greenwood Village",Colorado,"Paediatric Dentist"
ntist@gmail.com,"1ST IMPRESSIONS Orthodontics",https://www.1stimpressionsortho.com,Denver,Colorado,Orthodontist
dentalcenterthornton@gmail.com,"Call Richard L DDS",https://www.thedentalcenter.us,Thornton,Colorado,Dentist
sbruggdds@gmail.com,"Bruggeman Dental",http://bruggemandental.com,Thornton,Colorado,Dentist
plattevillefamilydentistry1@gmail.com,"Platteville Family Dentistry",http://www.plattevillefamilydentistry.com,Platteville,Colorado,"Dental clinic"
broomfieldfamilydentistry@gmail.com,"Broomfield Family Dentistry",https://www.broomfieldfamilydentistry.com,Broomfield,Colorado,Dentist
dimensionsdental@hotmail.com,"Ross M Lecavalier DDS",http://www.smiledesires.com,Westminster,Colorado,Dentist
jtalbotdentistry@gmail.com,"Talbot Dentistry",https://www.talbotdentistry.com,Broomfield,Colorado,"Dental clinic"
drj6363@gmail.com,"Total Dental Health Solutions",http://www.totaldentalhealthsolutions.com,Broomfield,Colorado,Dentist
ncsandersdds@gmail.com,"Westminster Dental Arts Group",http://www.drnelsonsanders.com,Westminster,Colorado,Dentist
fhdental8@gmail.com,"Family Dentistry",http://www.federalheightsdental.com,Denver,Colorado,Dentist
mainstreetdental1@gmail.com,"Main Street Dental and Implants",https://dentalmainstreet.com,"Cañon City",Colorado,Dentist
canonfamilydental@gmail.com,"Canon Family Dental",http://canonfamilydental.com,"Cañon City",Colorado,Dentist
jmsdentist@gmail.com,"Jared M. Smith DMD",http://www.jaredsmithdmd.com,"Cañon City",Colorado,Dentist
eliciaronnypq79@gmail.com,"SoCO Smiles Orthodontics",https://socosmilesorthodontics.com,"Cañon City",Colorado,Orthodontist
dtowndentist@gmail.com,"The Downtown Dentist",http://www.thedowntowndentistcs.com,"Colorado Springs",Colorado,Dentist
jadedentalprofessionals@yahoo.com,"Jade Dental Professionals",http://www.jadedentalpros.com,"Colorado Springs",Colorado,"Dental clinic"
lowelldistrictdental@gmail.com,"Lowell District Dental - Dr. Arnold Cullum",http://www.lowelldistrictdental.com,"Colorado Springs",Colorado,Dentist
powersdental@comcast.net,"Powers Dental Group",https://www.powersdentalgroup.com,"Colorado Springs",Colorado,Dentist
frontdesk.21street@gmail.com,"21st Street Dental Group",https://grinhere.com,"Colorado Springs",Colorado,Dentist
stuartmstardental@gmail.com,"Star Dental Institute",http://www.dentalcoloradosprings.com,"Colorado Springs",Colorado,"Dental clinic"
southerncrossdentalco@gmail.com,"Southern Cross Dental: Faranak Rahimpour DDS Navid Rahimpour DDS",http://www.scdsmile.com,"Colorado Springs",Colorado,Dentist
info.brothersdental@gmail.com,"Brothers Dental",http://www.brothers-dental.com,"Colorado Springs",Colorado,Dentist
rigbydds@aol.com,"Rigby Dental PC",http://www.rigbysmile.com,"Colorado Springs",Colorado,Dentist
streeterdental@gmail.com,"Streeter Dental",https://www.streeterdental.com,"Colorado Springs",Colorado,Dentist
dentalnookcs@gmail.com,"Lucas Castillo DDS",https://dentalnook.com,"Woodland Park",Colorado,Dentist
alpinedentistrycs@gmail.com,"Alpine Dentistry: Brian Buccellato DDS",https://www.mycoloradodentist.com,"Colorado Springs",Colorado,Dentist
peregrinedental@gmail.com,"Peregrine Family Dentistry PC",http://www.peregrinefamilydentistry.com,"Colorado Springs",Colorado,Dentist
mrv1725@aol.com,"Broadmoor Lake Dental Dr. Marc Van Ness DMD",http://www.broadmoorlakedental.com,"Colorado Springs",Colorado,Dentist
bobkoff@hotmail.com,"Colorado Springs Dental Office",http://frozendentist.com,"Colorado Springs",Colorado,"Dental clinic"
cospringsdentistry@gmail.com,"Springs Family and Cosmetic Dentistry: Dr. Aruna Kuntumalla D.D.S.",http://cospringsdentistry.com,"Colorado Springs",Colorado,Dentist
lifetimedentalcolorado@gmail.com,"Lifetime Dental Colorado",http://www.lifetimedentalcolorado.com,"Colorado Springs",Colorado,Dentist
mweathersbee@icloud.com,"Todd Rogers Dental",https://www.toddrogersdentalco.com,"Colorado Springs",Colorado,Dentist
audubondental@gmail.com,"Audubon Dental PC",http://audubondentalcare.com,"Colorado Springs",Colorado,Dentist
acedentaltechnology@gmail.com,"Ace Dental Technology",https://www.acedentaltechnology.com,"Colorado Springs",Colorado,"Denture Care Centre"
nallan5125@msn.com,"Centennial Dental Group",http://www.centennialdentalgroup.com,"Colorado Springs",Colorado,Dentist
twindental@gmail.com,"Georgescu Roxy DDS",http://roxydds.com,"Colorado Springs",Colorado,Dentist
simplydentalcares@gmail.com,"Simply Dental",http://www.simplydentalcares.com,"Colorado Springs",Colorado,"Dental implants periodontist"
huskerdoc@comcast.net,"Field Dental Center",http://www.fielddentalcenter.com,"Colorado Springs",Colorado,Dentist
lorik.sdh@gmail.com,"Serene Dental Hygiene",http://www.serenedentalhygiene.com,"Colorado Springs",Colorado,Dentist
team.sfed@gmail.com,"The Studio For Exceptional Dentistry",https://www.drandrewhall.com,"Colorado Springs",Colorado,Dentist
springsdentistry@gmail.com,"Burton Matthew J DDS",http://www.drmattburton.com,"Colorado Springs",Colorado,"Cosmetic dentist"
birdwittenbergdental@gmail.com,"Bird Wittenberg Dental Partner: Bird Philip T DDS",http://www.bird-wittenbergdental.com,"Colorado Springs",Colorado,Dentist
drclintoncallahan@gmail.com,"Springs Pediatric Dental Care",http://www.springspediatricdentist.com,"Colorado Springs",Colorado,"Dental clinic"
colvintao@gmail.com,"Colvin Tao Dentistry",http://www.colvintao.com,"Colorado Springs",Colorado,Orthodontist
drbenmollner@gmail.com,"Mollner Mark Dr",http://mollnerdentistry.com,Denver,Colorado,Dentist
kilcoynedentistry@gmail.com,"Foothills Dental",https://www.foothillsdentalcos.com,"Colorado Springs",Colorado,Dentist
humphreysdds@gmail.com,"Roger L. Humphreys DDS PC",http://rogerhumphreysdds.com,"Colorado Springs",Colorado,Dentist
jpaulcavanaugh@hotmail.com,"Paul Cavanaugh DDS",https://paulcavanaughdds.com,"Colorado Springs",Colorado,Dentist
lovatodds@yahoo.com,"Matthew Lovato DDS Professional LLC",http://www.lovatodds.com,"Colorado Springs Colo",Colorado,Dentist
denisedcos@gmail.com,"TMJ Clinic of Colorado Springs: Redfern Rand L DDS",http://www.redferndds.com,"Colorado Springs",Colorado,Dentist
drhowardshort@gmail.com,"Dr. Howard Short Family Dentistry",http://www.drhowardshort.com,"Colorado Springs",Colorado,Dentist
rangewoodorthodontics@yahoo.com,"Rangewood Orthodontics Downtown",https://www.rangewoodorthodontics.com,"Colorado Springs",Colorado,Orthodontist
richardsonfamdental@gmail.com,"Richardson Family Dental",http://richardsonfamdental.com,"Colorado Springs",Colorado,Dentist
academylaserdentistry@gmail.com,"Academy Laser Dentistry Inc. P.C.",https://www.academylaserdentistry.com,"Colorado Springs",Colorado,Dentist
childrenssmilecenter@yahoo.com,"Childrens Smile Center: George Theodore DDS",http://www.childrenssmilecenter.com,"Colorado Springs",Colorado,"Dental clinic"
rosewoodfamilydental655@gmail.com,"RoseWood Family Dental",http://rosewoodfamilydentalpractice.com,"Colorado Springs",Colorado,"Dental clinic"
derdds@yahoo.com,"Dr. Diane Reck",http://www.dianereck.com,"Colorado Springs",Colorado,Dentist
orthosuter@yahoo.com,"Suter Orthodontics",http://www.suterorthodontics.com,"Colorado Springs",Colorado,Orthodontist
dentalnookatredrockcanyon@gmail.com,"Dental Nook",http://dental-nook.com,"Colorado Springs",Colorado,Dentist
arangobraces@gmail.com,"Arango Orthodontics",https://arangoorthodontics.com,"Colorado Springs",Colorado,Orthodontist
om.lanzisera@gmail.com,"Paul M. Lanzisera DMD P.C",https://lanziserasmiles.com,"Colorado Springs",Colorado,Dentist
ordahlortho@gmail.com,"Ordahl Orthodontics - Colorado Springs",https://www.ordahlortho.com,"Colorado Springs",Colorado,Orthodontist
pikespeakprosthodontics@yahoo.com,"Pikes Peak Prosthodontics",http://pikespeakprosthodo.wixsite.com,"Colorado Springs",Colorado,Dentist
discoverykidsdental@hotmail.com,"Gloss Dental Discount plan",http://glossdentaldiscountplan.com,"Colorado Springs",Colorado,"Dental clinic"
rampartdental@gmail.com,"Rampart Family Dental Center",https://rampartdental.com,"Woodland Park",Colorado,Dentist
championsmilesdds@gmail.com,"Champion Smiles Family Dentistry",https://championsmilesfamilydentistry.com,"Colorado Springs",Colorado,Dentist
uptowndental.llc@gmail.com,"Uptown Dental Associates",http://uptowndentalassociates.com,"Colorado Springs",Colorado,Dentist
choicehandpiecerepair@gmail.com,"Dentist's Choice",http://www.thedentistschoice.com,"Colorado Springs",Colorado,Dentist
gregmanndds@gmail.com,"Durango Dentistry",https://durangodentistry.com,Durango,Colorado,Dentist
junctioncreekdental@gmail.com,"Junction Creek Family Dentistry",https://durangodentist.com,Durango,Colorado,Dentist
animasdental@gmail.com,"Animas Dental Associates",https://www.animasdental.com,Durango,Colorado,Dentist
info.masonminerdds@gmail.com,"Mason O Miner DDS LLC",https://masonminerdds.com,Durango,Colorado,Dentist
uthoffdavid@gmail.com,"Dr. David C. Uthoff",https://www.bayfieldfamilydentistry.com,Bayfield,Colorado,Dentist
telluridedental@live.com,"Telluride Dental",https://www.telluridedental.com,Telluride,Colorado,Dentist
jpbayne@hotmail.com,"Jonathan P Bayne DDS",http://woodlandparkfamilydentistry.com,"Woodland Park",Colorado,Dentists
denverfamilydental@gmail.com,"Denver Family Dental",http://www.denverfamilydental.com,Denver,Colorado,Dentist
thedentistryplacedenver@gmail.com,"The Dentistry Place",http://www.thedentistryplacedenver.com,Denver,Colorado,Dentist
evzdds@yahoo.com,"Van Zytveld Eric W DDS",http://ericvanzytvelddds.com,Denver,Colorado,Dentist
retrodentalhighlands@gmail.com,"Retro Dental Highlands",https://www.retrodentaldenver.com,Denver,Colorado,Dentist
ekdental32@gmail.com,"Egert-Kreider Dental",http://denversmiledesign.com,Denver,Colorado,Dentist
primarydental@comcast.net,"Primary Dental",https://primarydental.com,Denver,Colorado,"Cosmetic dentist"
tcdodenver@gmail.com,"Kessler Brett Howar DDS",https://www.tcdo.dental,Denver,Colorado,Dentist
jessica.kosmicki@gmail.com,"Highland Dental Care",http://www.denverhighlanddental.com,Denver,Colorado,Dentist
aurariadental@aol.com,"White Kelly K DDS",http://denversdentaloasis.com,Denver,Colorado,Dentist
ismile.dental.denver@gmail.com,"iSmile Dental and Implants",https://www.denverismile.com,Denver,Colorado,"Dental clinic"
lotw2000@aol.com,"Creekview Dental",https://www.creekviewdds.com,Denver,Colorado,Dentist
altitude155@gmail.com,"Hamidi Mariam a DDS",http://www.altitudeoms.com,Denver,Colorado,Dentist
dr.nesiba@gmail.com,"Cherry Creek Oral Surgery & Dental Implants",https://www.cherrycreekoralsurgery.com,Denver,Colorado,Dentist
gurinskypractice@gmail.com,"Brian Gurinsky DDS MS PC Periodontics Implants",https://www.briangurinsky.com,Denver,Colorado,"Dental implants periodontist"
msdds2014@gmail.com,"Marc Schwartz DDS",https://marceschwartz.com,Denver,Colorado,Dentist
clarksondental@hotmail.com,"Clarkson Dental",https://www.coloradosedation.com,Englewood,Colorado,Dentist
almeidadental@aol.com,"Donald F. Almeida DDS: Almeida and Bell Aesthetic Dental Center",http://www.almeidadental.com,"Lone Tree",Colorado,"Dental clinic"
dentalwellnessdrycreek@gmail.com,"Dental Wellness at Dry Creek",https://www.dentalwellnessdc.com,Centennial,Colorado,Dentist
idealdentaldenver@gmail.com,"Ideal Dental",http://www.idealdentaldenver.com,Denver,Colorado,"Dental clinic"
adkinsdds@gmail.com,"Adkins Family Dentistry",https://www.wheatridgecodentist.com,"Wheat Ridge",Colorado,Dentist
carlsondentistry@aol.com,"Carlson Family Dentistry",http://carlsonfamilydentistry.com,Littleton,Colorado,Dentist
drscheich@gmail.com,"Scheich Family Dentistry",https://www.scheichfamilydentistry.com,"Castle Pines",Colorado,Dentist
gartlandfamilydentistry@gmail.com,"Dr. Christopher D. Gartland DDS",http://www.christophergartlanddds.com,Glendale,Colorado,Dentist
denmatch1@gmail.com,"Dental Matchmakers Inc",http://dentalmatchmakers.com,Denver,Colorado,"Dental hygienist"
poudrevalleyfamilydental@gmail.com,"Poudre Valley Family Dental",https://www.poudrevalleyfamilydental.com,"Fort Collins",Colorado,Dentist
creerfamilydentistry@live.com,"Medicaid Dental",http://littletondentist.com,Littleton,Colorado,Dentist
drbieneman@gmail.com,"Integrative Dental of Denver",https://integrativedentalofdenver.com,Littleton,Colorado,"Dental clinic"
thorntonsmiles@yahoo.com,"Thornton Family Dentistry & Orthodontics",https://www.thorntonfamilydentistry.com,Thornton,Colorado,Dentist
alohadental1@hotmail.com,"Aloha Dental",https://alohadentalco.com,"Highlands Ranch",Colorado,Dentist
dentistryathappycanyon@yahoo.com,"Dentistry At Happy Canyon",http://dentistryathappycanyon.com,"Castle Rock",Colorado,Dentist
kyleflongdds@gmail.com,"Kyle F. Long DDS",https://www.drkylelong.com,Denver,Colorado,Dentist
casementdds@yahoo.com,"Casement Kelley DDS",http://www.casementdds.com,Denver,Colorado,Dentist
5280teethwhitening@gmail.com,"5280 Teeth Whitening",https://www.5280teethwhitening.com,Denver,Colorado,"Teeth whitening service"
unserdds@gmail.com,"20th Avenue Dentistry: Michael E. Unser DDS",https://www.20thavenuedentistry.com,Lakewood,Colorado,Dentist
dentistbelmarsmiles@gmail.com,"Belmar Smiles",http://www.belmarsmiles.com,Lakewood,Colorado,"Dental clinic"
dhdds0204@gmail.com,"David R Huskey DDS",http://www.davidrhuskeydds.com,Denver,Colorado,Dentist
graceleedydentistry@gmail.com,"Grace Leana K DDS",http://www.graceleedydentistry.com,Denver,Colorado,Dentist
lfdentistry@hotmail.com,"Lakewood Family Dentistry - Lance L Long DDS",https://lakewoodfamilydentistry.com,Lakewood,Colorado,Dentist
sloansidedental@gmail.com,"Sloanside Dental",http://sloansidedental.com,Edgewater,Colorado,"Dental clinic"
daleeric@hotmail.com,"Dr. Eric A. Dale DDS",http://ericdaledds.com,Denver,Colorado,Dentist
erichamidi@comcast.net,"Dr. Michael D. Sennett DDS",http://southeastdentalarts.com,Denver,Colorado,Dentist
drheiken@outlook.com,"Heiken Jason DDS",https://jasonheikendds.com,Englewood,Colorado,Dentist
innovativedentist@hotmail.com,"Dr. Porfirio B. Sanchez DDS",https://innovativedentist.wixsite.com,Denver,Colorado,Dentist
johnsendds@comcast.net,"Curtis D Johnsen DDS FAGD",http://www.doctorjohnsen.com,Lakewood,Colorado,Dentist
alphadental2@gmail.com,"Albion Aesthetic Dentistry - Lyndsey Theriot DDS",http://albiondentistry.com,Denver,Colorado,Dentist
lakewoodcompletedentistry@gmail.com,"Lakewood Complete Dentistry",https://www.lakewoodcompletedentistry.com,Lakewood,Colorado,Dentist
toothwork@aol.com,"Alpine Dental Center",https://www.alpinedentalcenter.net,Thornton,Colorado,"Dental clinic"
denverwestdental@gmail.com,"Denver West Dental Group-Dr. Sam Kawakami",http://www.denverwestdentalgroup.com,Lakewood,Colorado,Dentist
karakoramdentistry@gmail.com,"Karakoram Dentistry",http://karakoramdentistry.com,Denver,Colorado,Dentist
aspenhilldental@yahoo.com,"Aspen Hill Dental",http://www.aspenhilldental.com,"Wheat Ridge",Colorado,Dentist
borrisdental@gmail.com,"Borris Dental at Belmar",https://www.borrisdental.com,Lakewood,Colorado,Dentist
sjzapien@yahoo.com,"Steven J Zapien DDS",http://www.wheatridgefamilydentistry.com,"Wheat Ridge",Colorado,"General Dentistry"
frontofficelakewood@gmail.com,"DeCino Family Dentistry",https://www.decinofamilydentistry.com,Lakewood,Colorado,Dentists
dentalcareofwheatridge@gmail.com,"Dental Care of Wheat Ridge",http://www.dentalcareofwheatridge.com,"Wheat Ridge",Colorado,"General Dentistry"
andrada.rdh@gmail.com,"Denver Dental Spa",http://www.denverdentalspa.com,Denver,Colorado,"Dental Hygienists"
lodoorthodontics@gmail.com,"LoDo Orthodontics",https://www.lodoorthodontics.com,Denver,Colorado,Orthodontists
dkdental95@gmail.com,"DK Dental",http://www.dkdental.net,Lakewood,Colorado,"General Dentistry"
frontdesk.mpmilausnic@gmail.com,"Milausnic Michael P DDS",https://www.lakewoodgeneraldentistry.com,Lakewood,Colorado,"General Dentistry"
fdesk.kthdds@gmail.com,"Kent T Haynes DDS",https://www.kenthaynesdds.com,Durango,Colorado,Dentist
kzesh19@gmail.com,"Hanson Keith D DDS",https://drkeithhansondds.com,Englewood,Colorado,Dentist
slapshot@gmail.com,"Swedish Medical Center: Guy Arlene P",https://www.swedish.org,Englewood,Colorado,"Paediatric Dentist"
drmjharris@aol.com,"Mark J. Harris DDS",https://www.drmarkjharris.com,Littleton,Colorado,Dentist
southbroadwaydental@gmail.com,"South Broadway Dental Care Dr. Ryan Scheidel DDS",https://southbroadwaydentalcare.com,Littleton,Colorado,"Dental clinic"
frontdesklfd@gmail.com,"Littleton Family Dental",https://www.littletonfamilydental.com,Littleton,Colorado,Dentist
centennialdentist6979@gmail.com,"Holly Family Dentistry PLLC",http://centennialdentist.com,Englewood,Colorado,Dentist
belleviewfamilydentistry@gmail.com,"Belleview Family Dentistry",https://belleviewfamilydentistry.business.site,"Greenwood Village",Colorado,"Dental clinic"
dr.bieneman@gmail.com,"Bieneman Dentistry",http://yourcoloradodentist.com,Centennial,Colorado,"Dental clinic"
joy.co@comcast.net,"Arapahoe Dental Associates",http://www.joyschindlerdds.com,Centennial,Colorado,"Dental clinic"
spfb13@aol.com,"Belmar Park Dental Care PC",http://birdeye.com,Lakewood,Colorado,"Cosmetic Dentist"
southparkdentistry120@gmail.com,"Southpark Dentistry",https://www.southparkdentistryco.com,Littleton,Colorado,Dentist
coimplantpros@gmail.com,"Colorado Center for Implant and Prosthetic Dentistry",http://www.coimplantpros.com,Centennial,Colorado,Dentists
almegi@yahoo.com,"Blue Mesa Dentistry at Southglenn",https://designersmilesofcolorado.com,Centennial,Colorado,"Cosmetic dentist"
elkridgedentistry131@gmail.com,"Elk Ridge Dentistry",http://elkridgedentalcare.com,"Estes Park",Colorado,"Dental clinic"
aspdent@aol.com,"Aspen Dental Center",https://www.williamrpike.com,"Estes Park",Colorado,Dentist
office.sherickortho@gmail.com,"Sherick Orthodontics",http://sherickorthodontics.com,"Estes Park",Colorado,Orthodontist
alpinedentaldesigns@hotmail.com,"Alpine Dental Designs",http://alpinedentaldesigns.com,Longmont,Colorado,Dentist
tropicalteeth@gmail.com,"Pediatric Dentistry Of Loveland",https://www.tropicalteeth.com,Loveland,Colorado,"Paediatric Dentist"
aftondental@gmail.com,"Afton Dental Associates",http://aftondental.com,Loveland,Colorado,Dentist
allisonlekso@gmail.com,"The Fort Collins Dentist Family & Implant Dentistry",https://www.thefortcollins.dentist,"Fort Collins",Colorado,"Cosmetic dentist"
fcsmiles@gmail.com,"Foothills Family Dental",https://www.foothillsdentalfc.com,"Fort Collins",Colorado,Dentist
drrulibarri@gmail.com,"Ulibarri Family Dentistry",https://www.dentistoffortcollins.com,"Fort Collins",Colorado,Dentist
mylongmontdentist@gmail.com,"Scheidies Cosmetic and Family Dental Care",http://www.mylongmontdentist.com,Longmont,Colorado,"Dental clinic"
ryanrushddspllc@gmail.com,"Ryan Rush DDS PLLC",https://www.familydentistfortcollins.com,"Fort Collins",Colorado,Dentist
rockymountaindental@gmail.com,"Rocky Mountain Dental Care",http://rockymountaindentalcare.com,"Fort Collins",Colorado,"General Dentistry"
laytonfamilydental@gmail.com,"Layton Family Dental Of Fort Collins",https://www.laytonfamilydental.com,"Fort Collins",Colorado,Dentist
springcreekdds@gmail.com,"Spring Creek Dental",https://mydentistfortcollins.com,"Fort Collins",Colorado,Dentist
frontrangedentalcenter@gmail.com,"Radtke Kathryn DDS",http://www.frontrangedental.com,"Fort Collins",Colorado,"Cosmetic dentist"
clearcreekdental@gmail.com,"Clear Creek Dental",https://www.clearcreekdental.com,"Fort Collins",Colorado,Dentist
drveronicaray@gmail.com,"Veronica D. Ray DDS PC",http://drveronicaray.com,"Fort Collins",Colorado,"Cosmetic dentist"
coxcolorado@hotmail.com,"Dr. Brian Cox Dentistry",http://www.briancoxsmiles.com,"Fort Collins",Colorado,Dentist
brimhallfamilydentistry@gmail.com,"Brimhall Family Dentistry",https://www.generaldentistryfortcollins.com,"Fort Collins",Colorado,Dentist
vinnanorrisdds@gmail.com,"Liley Louis DMD",http://vinnanorrisdds.com,"Fort Collins",Colorado,"General Dentistry"
murphydental@gmail.com,"Murphy Dental",http://www.murphydentalfc.com,"Fort Collins",Colorado,Dentist
bruceclarkdentistry@gmail.com,"Bruce Clark DDS",http://www.drclarkdentistry.net,"Fort Collins",Colorado,Dentist
greyrockfamilydentistry@gmail.com,"Greyrock Family Dentistry P.C.",http://greyrockfamilydentistry.com,"Fort Collins",Colorado,Dentist
allstarsmiles4kids@gmail.com,"AllStar Smiles 4 Kids",http://www.allstarsmiles4kids.com,"Fort Collins",Colorado,"Paediatric Dentist"
waltonimplants@gmail.com,"Walton Implants and Periodontics",http://waltonimplants.com,"Fort Collins",Colorado,"Dental implants periodontist"
radiantdentalhealth@gmail.com,"Radiant Dental Health",https://www.radiantdentalhealth.com,"Fort Collins",Colorado,Dentist
office.stevendilleydds@gmail.com,"Dr. Steven L. Dilley D.D.S.",http://www.stevendilley.com,"Fort Collins",Colorado,Dentist
milnortc@gmail.com,"Milnor Orthodontics",http://www.milnororthodontics.com,"Fort Collins",Colorado,Orthodontist
craneseager@gmail.com,"Crane & Seager Orthodontics",https://www.craneseagerortho.com,"Fort Collins",Colorado,Orthodontist
wellingtonteeth@gmail.com,"Wellington Family Dentistry",http://www.wellingtonfamilydentistry.net,Wellington,Colorado,Dentist
davinciteeth@hotmail.com,"Davinci Teeth Whitening",http://www.davinciteethwhiteningftcollins.com,"Fort Collins",Colorado,"Teeth whitening service"
northpeakdentalco@gmail.com,"North Peak Dental",https://northpeakdds.com,"Fort Collins",Colorado,Dentist
goingsortho1@gmail.com,"Goings Orthodontics",https://www.goingsorthodontics.com,"Fort Collins",Colorado,Orthodontists
owenorthodontics@gmail.com,"KLOwen Braces",https://klowenbraces.com,"Fort Collins",Colorado,Orthodontist
tfistaffing@gmail.com,"Temporary Fill-Ins North",http://www.temporaryfillins.com,"Fort Collins",Colorado,"Insurance agency"
psherickdds@gmail.com,"Dr. Paul Meyers Sherick",http://www.psherickdds.com,"Fort Collins",Colorado,Orthodontists
barrettfamilydentistry@gmail.com,"Barrett Family Dentistry",http://www.familydentistloveland.com,Loveland,Colorado,Dentist
jlott59@icloud.com,"Precision Dental Arts",http://precision-dental-arts.com,"Fort Collins",Colorado,"General Dentistry"
ingsmilesdental@gmail.com,"Sterling Smiles Dental",https://www.sterlingsmilesdental.com,Sterling,Colorado,Dentist
stephenbassociates@gmail.com,"S Brown & Associates Dental Group",http://www.affordabledentalgreeley.com,Greeley,Colorado,Dentist
bagleyfamilydental@gmail.com,"Bagley Family Dental",https://www.bagleyfamilydental.com,Greeley,Colorado,Dentist
eatonfamilydental@gmail.com,"Eaton Family Dental",http://eatonfamilydental.com,Eaton,Colorado,Dentist
roperdds@gmail.com,"New Castle Dental",http://nccodental.com,"New Castle",Colorado,Dentist
goldenkids1@gmail.com,"Golden Kids Dental and Orthodontics",http://www.goldenkidsdentalandorthodontics.com,Golden,Colorado,"Paediatric Dentist"
drjenmanske@gmail.com,"Manske Jennifer DDS",http://www.drjennifermanske.com,Lakewood,Colorado,Dentist
applewooddentalwr@gmail.com,"Applewood Dental",http://www.applewooddentalwheatridge.com,"Wheat Ridge",Colorado,"Dental clinic"
lakewooddentalco@gmail.com,"Lakewood Dental of Colorado: Tariq Sawaqed DDS",http://www.lakewooddentalco.com,Lakewood,Colorado,Dentist
myperiodontist@gmail.com,"Colorado Periodontal Associates",http://www.coloradoperioimplants.com,"Wheat Ridge",Colorado,Dentist
sleepsilent2night@gmail.com,"Colorado Snoring and Sleep Apnea Center",http://www.sleepsilently.com,Littleton,Colorado,Dentist
williamrburnsdds@gmail.com,"William R. Burns DDS",http://littletonfamilysmiles.com,Littleton,Colorado,Dentist
adam.myfacelocal@gmail.com,"Contemporary Family Dentistry",https://contemporaryfamilydentistry.com,Golden,Colorado,"Dental clinic"
awdcoffice2@gmail.com,"Arvada West Dental Care",https://www.lodldds.com,Arvada,Colorado,Dentist
luceteeth@aol.com,"Front Range Dental Group",http://www.luceteeth.com,"Wheat Ridge",Colorado,Dentist
rsmurphy1968@yahoo.com,"Complete Dental Care",https://arvadadentist.co,Arvada,Colorado,Dentist
frontdesk.afdental@gmail.com,"Advanced Family Dental",https://lakewoodadvancedfamilydental.com,Lakewood,Colorado,"Cosmetic Dentist"
asburydental@gmail.com,"Asbury Dental Center",http://peterqui.com,Lakewood,Colorado,Dentist
mhfamilydental@gmail.com,"Mile High Family Dental",https://www.milehighfamilydental.com,Lakewood,Colorado,"General Dentistry"
hillviewdentistry@gmail.com,"Hill View Dental",http://www.hillviewdentistry.com,Lakewood,Colorado,Dentist
petersondentistry@gmail.com,"Peterson Dentistry Arvada",https://www.petersondentistryarvada.com,"Building Ⅱ",Colorado,Dentist
dentalassociatesofgj@gmail.com,"Dental Associates of Grand Junction",https://dentalofgrandjunction.org,"Grand Junction",Colorado,Dentists
yes.dental@yahoo.com,"Yes Dental Care",http://www.yesdentalcare.com,"Grand Junction",Colorado,"Dental clinic"
dodgejacobson@hotmail.com,"Jacobson Family Dental",https://www.jacobsonfamilydental.com,"Grand Junction",Colorado,Dentist
hudsonfamilydentalgj@gmail.com,"Hudson Family Dental",https://www.hudsonfamilydentalgj.com,"Grand Junction",Colorado,Dentist
djlarsenfam@yahoo.com,"Larsen Dental",https://www.larsendental.com,"Grand Junction",Colorado,Dentist
gjsmiles@aol.com,"Dr. Carl A. Feghali DDS",http://www.gjsmiles.com,"Grand Junction",Colorado,Dentist
insuracaidgj@gmail.com,"InsuraCaid Dental- Grand Junction",http://www.insuracaid.com,"Grand Junction",Colorado,"Dental clinic"
atwoodpros@gmail.com,"Atwood Advanced Dentistry",https://www.atwoodadvanceddentistry.com,"Grand Junction",Colorado,Prosthodontist
barrfamilydentistry@gmail.com,"Barr Family Dentistry",https://barrfamilydentistry.com,"Grand Junction",Colorado,Dentist
crossroads-dental@hotmail.com,"Crossroads Dental",https://www.crossroads-dental.com,"Grand Junction",Colorado,Dentist
smiles4kidsgj@gmail.com,"Smiles 4 Kids",https://smiles4kidscolorado.com,"Grand Junction",Colorado,"Dental clinic"
coloradowestendo@gmail.com,"Colorado West Endodontics",http://cowestendo.com,"Grand Junction",Colorado,Dentist
frontdoordental@gmail.com,"Dr. Robert D. Chavez DDS",http://www.frontdoordental.com,"Grand Junction",Colorado,Dentist
monumentalsmiles1@gmail.com,"Monumental Smiles",http://www.grandjunctionbraces.com,"Grand Junction",Colorado,Orthodontist
fruitadental@gmail.com,"Fruita Canyon Dental",https://fruitacanyondental.com,Fruita,Colorado,Dentist
futiaoapp@gmail.com,"Grand Junction Orthodontics PC",http://www.gjtbraces.com,"Grand Junction",Colorado,Dentist
canyonviewdentaldds@gmail.com,"Canyon View Dental - Dr. Krehl Stegelmeier",http://www.canyonviewdentalgj.com,"Grand Junction",Colorado,Dentist
dinaday11@gmail.com,"Palisade Dental",http://palisadedental.com,Palisade,Colorado,"Dental clinic"
wsdental3483@gmail.com,"Dr. Kira Debell Funderburk",http://www.westernslopedental.com,"Grand Junction",Colorado,Dentist
yostfamilydentistry@gmail.com,"Yost Family Dentistry",https://yostfamilydentistry.com,Delta,Colorado,Dentist
greghubbard@hubbardfamilydental.comcastbiz.net,"Hubbard Family Dental Hygiene Clinic",https://www.hubbarddentalhygiene.com,Greeley,Colorado,Dentist
drjuliekav@gmail.com,"Luker Dental",http://lukerdental.com,Greeley,Colorado,"Dental clinic"
richardtwatermanddsllc@gmail.com,"Waterman Richard DDS LLC",http://www.smilesbyh2oman.com,Greeley,Colorado,"Dental clinic"
drbrad4d@aol.com,"Dr. Bradford N. Edgren DDS/MS",http://www.drbradsmiles.com,Greeley,Colorado,Orthodontist
davisfamdental@gmail.com,"Davis & Parker Family Dental",http://www.davisfamdental.com,Loveland,Colorado,"Dental clinic"
johnstownfamilydentistry@hotmail.com,"Steven L. Martin D.D.S.",http://www.johnstownfamilydentist.com,Johnstown,Colorado,"Dental clinic"
trailridgedental@gmail.com,"Trail Ridge Dental",https://trailridgedental.com,Johnstown,Colorado,Dentist
adventuredentalgreeley@hotmail.com,"Jill K Mioduski DDS",http://adventuregreeley.com,Greeley,Colorado,Dentist
dentaldepotlajunta@gmail.com,"Dental Depot",http://dentaldepotlj.com,"La Junta",Colorado,"Dental clinic"
kidzandfamily23@gmail.com,"Kidz & Family Smiles",http://www.kidzandfamilysmiles.com,"La Junta",Colorado,"Dental clinic"
kidsoffbroadway@gmail.com,"Kids off Broadway Dental",http://www.kidsoffbroadway.com,Littleton,Colorado,"Paediatric Dentist"
mylittletondentist@protonmail.com,"Blanchard & Richardson Family Dentistry",http://mylittletondentist.com,Littleton,Colorado,Dentist
tmomslittleton@gmail.com,"Tomasetti David R DDS",https://tmoms.net,Littleton,Colorado,Dentist
scottsjohnsondds@yahoo.com,"Scott S Johnson DDS",http://www.scottsjohnsondds.com,Littleton,Colorado,Dentist
secoradentistry@gmail.com,"Secora Family Dentistry-Greg Secora DDS",http://www.secoradentistry.com,Littleton,Colorado,Dentist
drmpaveldds@aol.com,"Dutch Creek Dental",https://dutchcreekdental.com,Littleton,Colorado,Dentist
highlandsranchdentist@gmail.com,"Highlands Ranch Dentist Charles N. Theobald",http://www.drtheobald.net,"Highlands Ranch",Colorado,"Cosmetic dentist"
yourdrycreekdentist@gmail.com,"Erik Palmberg DDS",http://www.yourdrycreekdentist.com,Littleton,Colorado,Dentist
dcfd1996@comcast.net,"Dry Creek Family Dentistry",http://drycreekfamilydentistry.com,Centennial,Colorado,Dentist
ryancooper9913@gmail.com,"Suncreek Dental Group",http://www.suncreekdental.com,Littleton,Colorado,Dentist
petersonortho@hotmail.com,"Peterson Orthodontics",http://petersonortho.com,Littleton,Colorado,"Dental clinic"
info.drgeck@gmail.com,"Geck David C DDS",http://www.dentistinlittleton.com,Littleton,Colorado,Dentist
flackfamilydentistry@gmail.com,"Flack Family Dentistry",https://familydentistrylittleton.com,Littleton,Colorado,Dentist
roxboroughfamilydental@gmail.com,"Roxborough Family Dental",http://www.roxboroughfamilydental.com,Littleton,Colorado,Dentist
Dr.jodilampert@gmail.com,"Jodi Lampert DDS PC",https://www.jodilampertdds.com,Littleton,Colorado,Dentist
coloradodentist@hotmail.com,"Eric T. Rysner DDS PC",http://www.rysnerdental.com,Littleton,Colorado,Dentist
myhighlandsdental@yahoo.com,"Highlands Dental: Anna Burger DDS",http://www.myhighlandsdental.com,"Highlands Ranch",Colorado,Dentist
frontdesk.dko@gmail.com,"Niepraschk Orthodontics",https://drkurtortho.com,Littleton,Colorado,Orthodontist
galencallender@gmail.com,"Galen T. Callender Orthodontist",https://galencallender.com,Littleton,Colorado,Orthodontist
jankowski6@hotmail.com,"Laser Advantage Dental",http://www.drmarksperfectsmile.com,Centennial,Colorado,Dentist
smiledesigners1246@gmail.com,"Smile Designer Family & Cosmetic Dentistry",http://www.smiledesignersteam.com,Longmont,Colorado,Dentist
tophamdental@gmail.com,"Topham Dental",http://www.tophamdental.com,Longmont,Colorado,Dentist
rockymountainled@outlook.com,"Rocky Mountain Laser Enhanced Dentistry",http://www.rockymountainled.com,Longmont,Colorado,Dentist
rjadds@gmail.com,"Ahern Robert J DDS",http://www.longmontdental.net,Longmont,Colorado,Dentist
longspeakdentistry@gmail.com,"Longs Peak Dentistry",https://www.longspeakdentistry.com,Firestone,Colorado,Dentist
onthegosmiles@gmail.com,"Smiles On the Go",http://xtramilesmiles.com,Longmont,Colorado,"Dental hygienist"
berthouddental80513@gmail.com,"Berthoud Dental Care: Dr. Keith Wolfenden - Dr. Jim Deschene",https://www.berthouddentalcare.com,Berthoud,Colorado,Dentist
hanksfamilydentistry@yahoo.com,"Hanks Family Dentistry",http://hanksfamilydentistry.blogspot.com,Longmont,Colorado,Dentist
bradcwood@hotmail.com,"Rocky Mountain Laser Enhanced Dentistry",http://longmontdentalpractice.com,Longmont,Colorado,Dentists
westlakedentalco@gmail.com,"West Lake Dental",https://www.westlakedentalco.com,Loveland,Colorado,Dentist
drshood@gmail.com,"Steven J Hood DMD",http://www.drstevehood.com,Loveland,Colorado,Dentist
drelacyjr@comcast.net,"Edward J Lacy Jr DDS",http://www.dredwardjlacyjr.com,Loveland,Colorado,Dentist
stowersortho@comcast.net,"Stowers Orthodontics",https://stowersorthodontics.com,Loveland,Colorado,Dentist
hollingperiodontics@hotmail.com,"CHAD RIGGS",http://www.hollingperiodontics.com,Loveland,Colorado,Periodontist
lovelanddentalhygiene@gmail.com,"Loveland Dental Hygiene",http://www.lovelanddentalhygiene.com,Loveland,Colorado,"Dental hygienist"
yourmontrosedentist@gmail.com,"Mountain West Smiles: Ken Cory DMD",https://www.mountainwestsmiles.com,Montrose,Colorado,Dentist
allseasonsdental@yahoo.com,"All Seasons Dental",http://www.allseasonsdentalco.com,Pueblo,Colorado,Dentist
philson.dental@gmail.com,"Dr. Matt A. Philson D.D.S. PC.",http://philsondental.org,Pueblo,Colorado,Dentist
brightsmiles@comcast.net,"Philson Dental PC - Greg A. Philson DDS",https://www.philsondental.com,Pueblo,Colorado,Dentist
downtoearthdental@comcast.net,"Down To Earth Dental",http://downtoearthdental.net,Pueblo,Colorado,Dentist
angelicamcclure@ymail.com,"Autobee Dental Center",https://autobeedental.com,Pueblo,Colorado,Dentist
pueblopediatricdentistry@gmail.com,"Pueblo Pediatric Dentistry",http://www.pueblopediatricdentistry.org,Pueblo,Colorado,"Paediatric Dentist"
pueblodentalsurgerycenter@gmail.com,"Pueblo Dental Surgery Center",http://www.pueblodentalsurgerycenter.com,Pueblo,Colorado,Dentist
nodcpenny@msn.com,"New Outlook Dental Center",http://www.newoutlookdental.com,Pueblo,Colorado,"Cosmetic dentist"
toreskovichdental@gmail.com,"Oreskovich Dental Clinic",http://www.oreskovichdentalclinic.com,Pueblo,Colorado,"Dental clinic"
info.belmont.dental@gmail.com,"Belmont Dental Center",http://www.drdavedental.com,Pueblo,Colorado,"Dental clinic"
sc.chavez@hotmail.com,"Garbiso Dental Center",http://garbisodentalcenter.com,Pueblo,Colorado,Dentist
1rpdds@gmail.com,"Sonntag Dental",https://m.sonntag-dental.com,Pueblo,Colorado,"General Dentistry"
gentledentalcare643@gmail.com,"Gentle Dental",https://gentledentalcareofpueblo.com,Pueblo,Colorado,Dentist
wohlwend.eagleridge@gmail.com,"Eagleridge Dental",https://www.pueblocodentist.com,Pueblo,Colorado,Dentist
rockymountaindentalco@gmail.com,"Rocky Mountain Dental Co.",http://www.rockymountaindentalco.com,Pueblo,Colorado,Dentist
ron.rcdds@hotmail.com,"Ron Concialdi PC: Concialdi Ronald A DDS",http://www.ronconcialdidds.com,Pueblo,Colorado,Dentist
mblaskovich@gmail.com,"Blaskovich Family Dental",http://www.pueblowestdental.com,"Pueblo West",Colorado,Dentist
housefamilydental@gmail.com,"House Family Dental DMD",http://www.housefamilydental.com,"Pueblo West",Colorado,Dentist
dsscperio@gmail.com,"Dental Specialists of Southern Colorado",http://dsscperio.com,"Pueblo West",Colorado,Periodontist
orthoal2@gmail.com,"Allan D. Weimer DDS MS",http://www.nwcoloradobraces.com,"Steamboat Springs",Colorado,Orthodontist
shellybarnesrdh@live.com,"Rocky Mountain Dental Hygiene",http://www.rmdentalhygiene.com,"Steamboat Springs",Colorado,"Dental clinic"
kremmlingdental@gmail.com,"Kremmling Dental",http://www.kremmlingdental.com,Kremmling,Colorado,Dentist
laiminger.dds@outlook.com,"Paonia Dental",https://stacey-e-laiminger-dds.business.site,Paonia,Colorado,Dentist
trinidadsmiles@comcast.net,"New Image Advanced Dental",http://www.trinidadsmiles.com,Trinidad,Colorado,"Cosmetic dentist"
legacyridgedentistry@gmail.com,"Legacy Ridge Dentistry",http://legacyridgedentistry.com,Westminster,Colorado,Dentist
borgo19@aol.com,"Northpark Dental Group",http://www.northparkdentalgroup.com,Westminster,Colorado,"Dental clinic"
fsdcolo@gmail.com,"Fresh Start Smiles—Stacey Spellman DDS Thomas Spellman DDS",http://freshstart.dental,Denver,Colorado,Dentist
smilehighdental@hotmail.com,"Smile High Dental Care",http://www.smilehighdentalcare.com,Thornton,Colorado,Dentist
pjmccluredds@comcast.net,"Patrick J. Mcclure DDS",http://mythorntondentist.com,Thornton,Colorado,Dentist
leschfamilydental@gmail.com,"Lesch Family Dental",http://www.leschfamilydental.com,Arvada,Colorado,Dentist
myarvadadentist@gmail.com,"Smiles By Design",http://www.myarvadadentist.com,Arvada,Colorado,Dentist
jeffkran@yahoo.com,"Krannawitter Jeff DDS",http://www.drjeffdds.com,Arvada,Colorado,"Dental clinic"
smilelogic@gmail.com,"SmileLogic Inc.",https://www.smile-logic.com,Broomfield,Colorado,"Dental hygienist"
mountainviewadvanced@gmail.com,"Signature Dentistry of Arvada - Dr. Michael W Woods DDS",https://www.signaturedentistryofarvada.com,Arvada,Colorado,Dentist
frontrangeomfs@gmail.com,"Front Range Oral Surgery",http://www.frontrangeoralsurgery.com,Westminster,Colorado,"Oral surgeon"
mountainoralsurgery@gmail.com,"Mountain Oral Surgery & Dental Implant Center",https://mountainoralsurgery.com,Arvada,Colorado,Dentists
