email,company,website,city,state,profession
tpp@affordablecare.com,"Affordable Dentures & Implants",https://www.affordabledentures.com,"Suite 1230",Florida,"Denture Care Centre"
lynn@agninidental.com,"Agnini Family Dental Center",https://agninidental.com,Lakeland,Florida,"Cosmetic Dentist"
jevans@officite.com,"ToothTown Pediatric Dentistry",http://www.mytoothtown.com,Wellington,Florida,"Paediatric Dentist"
shannon@shapirofamilydentistry.com,"Shapiro Family Dentistry of Boynton Beach",https://shapirofamilydentistry.com,"Boynton Beach",Florida,"Cosmetic Dentist"
parkland@tomaltydentalcare.com,"Tomalty Dental Care of West Boynton Beach",https://www.tomaltydentalcare.net,"Boynton Beach",Florida,"General Dentistry"
roberta@dentalteamfl.com,"Dental Team FL",https://www.dentalteamfl.com,Atlantis,Florida,"Dental clinic"
fldental@bellsouth.net,"Florida Dental & Denture Centers",http://www.floridadentalcenter.com,"West Palm Beach",Florida,"Dental clinic"
doctor@ferberdental.com,"Ferber Dental Group",http://www.ferberdental.com,"Delray Beach",Florida,"Dental implants periodontist"
hub@sesamecommunications.com,"Sindledecker Dentistry",https://www.mybocadentist.com,"Boca Raton",Florida,"Cosmetic dentist"
mpolin@bellsouth.net,"Polin Dental",https://www.drpolin.com,"Boca Raton",Florida,"Cosmetic dentist"
echiyembekeza@gencomhealth.org,"Genesis Community Health- Dental Boca Raton",https://www.gencomhealth.org,"Boca Raton",Florida,"Dental clinic"
drvega@vegasmilestudio.com,"Vega Smile Studio",http://vegasmilestudio.com,"Boca Raton",Florida,"Dental clinic"
drrimer@drrimer.com,"Rimer Stephen DDS",http://www.drrimer.com,"Boca Raton",Florida,"Oral surgeon"
actus@webperio.com,"Miller & Korn Periodontics and Implant Solutions",http://www.webperio.com,"Boca Raton",Florida,"Dental implants periodontist"
drherzog@implantinstructor.com,"IMPLANT INSTRUCTOR",http://implantinstructor.com,"Boca Raton",Florida,"Dental implants periodontist"
drmaria@bocadelraypd.com,"Boca Delray Pediatric Dentistry",http://www.bocadelraypd.com,"Delray Beach",Florida,"Pediatric Dentists"
braces@yoursmileclinic.com,"Smile Clinic of Coral Springs",https://yoursmileclinic.com,"Coral Springs",Florida,"General Dentistry"
corp@floridadentalcenters.com,"Florida Dental Centers",https://www.floridadentalcenters.com,Bradenton,Florida,"Dental clinic"
cortezdental@cortezdental.net,"Cortez Dental",http://www.cortezdental.net,Bradenton,Florida,"Cosmetic dentist"
carrie.magnuson@brightnow.com,"Bright Now Dental & Orthodontics",https://www.brightnow.com,Bradenton,Florida,"Dental clinic"
droneil@securedds.com,"Complete Esthetic Dentistry - Dr. Michael J. ONeil",https://completeestheticdentistry.com,Bradenton,Florida,"Cosmetic dentist"
dentist@frenchmanscala.com,"Frenchman DMD",http://www.bradentoncosmeticdentistry.com,Bradenton,Florida,"Cosmetic Dentist"
scfbradenton@bkstr.com,"Dental Hygine Clinic at State College of Florida",http://www.scf.edu,Bradenton,Florida,"Dental clinic"
cornerstone@cornerstonedental.pro,"Cornerstone Dental Lakewood Ranch",http://www.cornerstonedental.pro,"Lakewood Ranch",Florida,"Dental clinic"
drscala@lakewoodranchsmiles.com,"Lakewood Ranch Family & Cosmetic Dentistry Michelle Scala DMD PA",https://www.lakewoodranchsmiles.com,"Lakewood Ranch",Florida,"Cosmetic dentist"
dchristian@bradentonosc.com,"Bradenton Oral Surgery Center: David J. Christian DDS",https://www.bradentonosc.com,Bradenton,Florida,"Oral surgeon"
kidssmiles@kidssmiles.com,"Kids Smiles Pediatric Dentistry",https://kidssmilesdental.com,Bradenton,Florida,"Paediatric Dentist"
recruiting@westerndental.com,"Western Dental Affordable Dentistry",https://www.westerndental.com,"Cape Coral",Florida,"Dental clinic"
cape@swfl-pediatricdentistry.com,"Erin Taylor",http://www.swfl-pediatricdentistry.com,"Cape Coral",Florida,"Paediatric Dentist"
frontdeskaulino@securedds.com,"Aulino Carmen J DDS",http://www.draulino.com,"Fort Myers",Florida,"Cosmetic dentist"
communityoutreach@drverwest.com,"Pediatric Dentistry of Florida Dr. Tim Verwest DMD & Associates",https://drverwest.com,"Fort Myers",Florida,"Paediatric Dentist"
whisenantc@pacificdentalservices.com,"Pacific Dental Services",http://www.pacificdentalservices.com,"Fort Myers",Florida,"Dental clinic"
rar@implantperio.com,"Implant and Periodontal Therapy",http://www.implantperio.com,"Cape Coral",Florida,"Dental clinic"
palmvalley@gentle1.com,"Sage Dental",http://www.gentle1.com,"Fort Myers",Florida,"General Dentistry"
registration@aaoms.org,"Anderson Stephen F DDS",http://aaoms.org,"Cape Coral",Florida,"Oral Surgeons"
drrados@drrados.com,"Cosmetic Dentist",http://www.drrados.com,Clearwater,Florida,"Cosmetic dentist"
healthysmiles@brittenperio.com,"Dr. Todd M. Britten DMD M.S.",http://www.brittenperio.com,Clearwater,Florida,"Dental implants periodontist"
nicole.grunsfeld@smilebrands.com,"J. Timothy Doerner D.D.S. P.A",https://www.yourclearwaterdentist.com,Clearwater,Florida,"Paediatric Dentist"
drmaggie@drmaggiedavis.com,"Dr. Maggie Davis and Associates",https://www.drmaggiedavis.com,"Palm Harbor",Florida,"Paediatric Dentist"
tampa@tampabayos.com,"Tampa Bay Institute of Oral Surgery and Dental Implants",http://www.tampabayos.com,Tampa,Florida,"Oral surgeon"
tmerrellwilliams@verizon.net,"Implant Dentistry Periodontics & Facial Rejuvenation",https://www.tampaperio.com,Tampa,Florida,"Dental implants periodontist"
ne@baycenter.com,"Dr. Glen E. Jones DMD",http://www.baycenter.com,Largo,Florida,"Oral surgeon"
krobson@robsondentistry.com,"Robson Dentistry",http://robsondentistry.com,"Palm Harbor",Florida,"General Dentistry"
westchasedental@verizon.net,"Westchase Dental Associates",http://www.westchasedentalassociates.com,Tampa,Florida,"General Dentistry"
tampa@tampabayfamilydentist.com,"Ronald B O'Neal DMD - The Family Dentist",http://www.tampabayfamilydentist.com,"Saint Petersburg",Florida,"General Dentistry"
r.fauer@orthospecmd.com,"Davidson J Byron DO",http://www.orthospecmd.com,Clearwater,Florida,"General Dentistry"
loveyoursmile@bellsouth.net,"Love Your Smile",http://www.dentistcocoabeach.net,"Cocoa Beach",Florida,"Cosmetic dentist"
denise@davincibeautybar.com,"DaVinci Teeth Whitening Brevard County FL",http://davinciteethwhiteningsystem.com,Cocoa,Florida,"Teeth whitening service"
jasive@miracle-smile.com,"Miracle Smile Dentistry Coral Gables",https://miracle-smile.com,"Coral Gables",Florida,"Dental clinic"
coralgables@dhc.dental,"Coral Gables Dental Health Center",http://dhc.dental,"Coral Gables",Florida,"Dental clinic"
drlemus@lemusdental.com,"Lemus Dental Group",http://www.lemusdental.com,"Coral Gables",Florida,"Dental clinic"
ll@casasmiles.com,"Casa Smiles Pediatric Dentistry & Orthodontics",http://www.casasmiles.com,"Coral Gables",Florida,"Paediatric Dentist"
reservationspecialist@gablessedationdentistry.com,"Gables Sedation and Family Dentistry",https://www.gablessedationdentistry.com,Miami,Florida,"Dental clinic"
infola@mysmilelabs.com,"Smile Labs of South Florida",http://www.mysmilelabs.com,Miami,Florida,"Teeth whitening service"
pembrokepines@amayadental.com,"Amaya Dental",http://amayadental.com,Miami,Florida,"Dental clinic"
doctor@drm.center,"Dr. M Center Coral Gables",https://drm.center,"Coral Gables",Florida,"Dental clinic"
dr.schreiber@telechiropractic.org,"Fred Pedroletti DMD",http://provider.kareo.com,"Coral Gables",Florida,"Oral surgeon"
canesdds@att.net,"Sunset Dentistry",http://www.sunsetdentistry.com,"South Miami",Florida,"Oral Surgeons"
fortlauderdale@lobainadental.com,"Lobaina Dental",https://www.lobainadental.com,Miami,Florida,"Dental clinic"
littlehavana@acpediatricdentistry.com,"AC Pediatric Dentistry & Orthodontics",https://acpediatricdentistry.com,Miami,Florida,"Pediatric Dentist"
smile@teatreedental.com,"Tea Tree Dental",http://www.teatreedental.com,Miami,Florida,"General Dentistry"
dr@ormondsmiles.com,"Ormond Beach Dental Group",http://www.ormondsmiles.com,"Ormond Beach",Florida,"Dental clinic"
smiles@att.net,"Loads of Smiles",http://loadsofsmiles.org,"South Daytona",Florida,"Dental clinic"
jwheeler@hybridgeimplants.com,"Daytona Beach Hybridge",http://hybridgeimplants.com,"Ormond Beach",Florida,"Dental implants periodontist"
drganne@saioralsurgery.com,"SAI Oral Surgery PLLC",http://www.saioralsurgery.com,"Port Orange",Florida,"Oral surgeon"
emergencies@emergencydentistdaytonabeach.com,"Emergency Dentist Daytona Beach",https://emergencydentistdaytonabeach.com,"Daytona Beach",Florida,"Emergency dental service"
drbons@smileperfect.com,"SmilePerfect Deerfield",http://www.smileperfect.com,"Deerfield Beach",Florida,"Dental clinic"
jmusto@benco.com,"Benco Dental Supply Co",https://www.benco.com,"Deerfield Beach Flo",Florida,"Dental clinic"
dr@pompanobeachperiodontics.com,"Pompano Beach Periodontics",http://www.pompanobeachperiodontics.com,"Pompano Beach",Florida,"Dental clinic"
toothjock@bellsouth.net,"B & G Dentistry PA",http://bandgdentistry.com,"Pompano Beach",Florida,"Dental clinic"
checkout@drsawisch.com,"Dental Implant VIP",http://www.dentalimplantvip.com,"Pompano Beach",Florida,"Oral surgeon"
dr@pearlwhitedentistry.com,"Pearl White Dentistry",https://www.pearlwhitedentistry.com,"Fort Lauderdale",Florida,"Cosmetic dentist"
jennifer@drcrossen.com,"Sherrie L. Crossen D.D.S. M.S.D. P.A.",http://www.drcrossen.com,"Delray Beach",Florida,"Dental implants periodontist"
summer@friedmandentalgroup.com,"Friedman Dental Group",https://friedmandentalgroup.com,"Delray Beach",Florida,"Cosmetic dentist"
smile@millerpdo.com,"Miller Pediatric Dentistry & Orthodontics",https://millerpdo.com,"Boynton Beach",Florida,"Paediatric Dentist"
saveourteeth@jasonwanuckdmd.com,"Wanuck Hier & Associates",https://www.wanuckandhier.com,Jupiter,Florida,"Paediatric Dentist"
doctor@boyntonbeachdentist.net,"Comfort Care Dental",https://www.boyntonbeachdentist.net,"Boynton Beach",Florida,"Dental implants periodontist"
drg@myskydentist.com,"Sky Dental",http://www.myskydentist.com,"Boynton Beach",Florida,"General Dentistry"
tina@delrayplasticsurgery.com,"Westine John R DMD",http://delrayplasticsurgery.com,"Delray Beach",Florida,"General Dentistry"
polly@pvpdental.com,"Ponte Vedra Cosmetic Dentistry",https://www.pvpdental.com,"Ponte Vedra Beach",Florida,"Cosmetic Dentist"
coo@smiledesigndentalfl.com,"Smile Design Dental",https://www.smiledesigndentalfl.com,"Fort Lauderdale",Florida,"Dental clinic"
leticia@pdokids.com,"Pediatric Dentistry & Orthodontics",http://www.pediatricdentistryorthodontics.com,Plantation,Florida,"Paediatric Dentist"
appointments@vitaldentalcenter.com,"Dr. Martin Maya - Emergency Dentist",https://margate.affordabledentistcare.com,Margate,Florida,"Emergency dental service"
nlo@bcbsa.com,"Blue Cross Blue Shield - Health Insurance",https://www.bcbs.com,"Fort Lauderdale",Florida,"Insurance agency"
joanpag@bellsouth.net,"Davie Dental",http://www.bluthfamilydental.com,Davie,Florida,"Dental clinic"
cosmetic@drsawisch.com,"Dr. Todd Sawisch Facial Cosmetic Surgeon",http://drsawisch.com,"Fort Lauderdale",Florida,"Oral and maxillofacial surgeon"
solutions4u@fbmc.com,"Sunrise Intracoastal Dental Center",http://www.fbmc-benefits.com,"Fort Lauderdale",Florida,"General Dentistry"
jboza@boza-agency.com,"Plantation Dental Care",https://www.convivacarecenters.com,Plantation,Florida,"General Dentistry"
drb@smilesofhollywood.com,"David Bitchatchi DMD",http://www.smilesofhollywood.com,Hollywood,Florida,"Dental Hygienists"
partner@faqslibrary.com,"Frankel Robert S DMD",http://imptestrm.com,Lauderhill,Florida,"General Dentistry"
dentaldreams1@bellsouth.net,"Dental Dreams of Hollywood",https://www.dentaldreamsmiami.com,Hollywood,Florida,"General Dentistry"
andre@topdentaldesigns.com,"Dental Designs",http://www.topdentaldesigns.com,"Fort Myers",Florida,"Dental clinic"
smiles@gulfshoredental.com,"Gulfshore Dental",http://www.gulfshoredental.com,"Fort Myers",Florida,"Dental clinic"
drjenny@drsmilee.com,"smiLee Pediatric Dentistry & Orthodontics",http://www.drsmilee.com,"Fort Myers",Florida,"Paediatric Dentist"
infovero@dermodydental.com,"Dr. Rachelle A. Dermody DMD",http://www.dermodydental.com,"Port St. Lucie",Florida,"Paediatric Dentist"
sabalpalmdentures@att.net,"Sabal Palm Denture Center",https://sabalpalmdenture.com,"Fort Pierce",Florida,"Denture Care Centre"
missioncontrol@oceanoaksdental.com,"Ocean Oaks Dental Group",https://www.oceanoaksdental.com,"Vero Beach",Florida,"General Dentistry"
sherri@naborsdental.com,"NABORS Family & Cosmetic Dentistry",http://www.naborsdental.com,"Fort Walton Beach",Florida,"Dental clinic"
drkellum@paulkellumdds.com,"Paul Kellum DDS",http://www.paulkellumdds.com,Destin,Florida,"Dental clinic"
nw@kidsonlydentalplace.com,"Kids Only Dental Place",http://www.kidsonlydentalplace.com,Gainesville,Florida,"Paediatric Dentist"
audrey@piedradentistry.com,"PIEDRA DENTISTRY",http://www.piedradentistry.com,Gainesville,Florida,"Dental clinic"
lakecity@martinkidsdental.com,"Martin Kids Dental Health Team",https://www.martinkidsdental.com,Jonesville,Florida,"Dental clinic"
jbenton@acornclinic.org,"ACORN Clinic",http://acornclinic.org,Brooker,Florida,"Dental clinic"
northmiami@dentaloptionspa.com,"Dental Options - AVENTURA",http://www.dentaloptionspa.com,Aventura,Florida,"Dental clinic"
robertjcohen@bellsouth.net,"Aventura Bright Smiles - Robert J. Cohen D.D.S",http://www.aventurabrightsmiles.com,Aventura,Florida,"Dental clinic"
drfriend@michaelfriend.com,"uSmile of NMB",http://www.usmiledentalcenters.com,"North Miami Beach",Florida,"Dental clinic"
patientrelations@dentalcaregroup.net,"Dental Care Group Kids",https://www.dentalcaregroupkids.com,Aventura,Florida,"Pediatric Dentist"
smile@hialeahcitydental.com,"Florida City Dental",http://floridacitydental.com,Homestead,Florida,"Dental clinic"
palmspringdental@att.net,"Palm Springs Dental",https://palm-springs-dental-office.business.site,Hialeah,Florida,"Dental clinic"
talavera@oakspringsdental.com,"Oak Springs General & Cosmetic Family Dentistry",http://oakspringsdental.com,Hialeah,Florida,"Cosmetic dentist"
interest@blackdogdomains.com,"Affordable Cosmetic Dental Services",http://www.affordablecosmeticdental.com,Miami,Florida,"Cosmetic dentist"
kenia@vidadental.com,"VidaDental: Kenia Cuevas DDS",https://www.vidadental.com,Doral,Florida,"General Dentistry"
drallen@allendentalinc.com,"Allen Dental Inc.",http://www.allendentalinc.com,Miramar,Florida,"Dental implants periodontist"
drbrener@coopercitypediatricdentist.com,"Sandra Brener & Associates",https://coopercitypediatricdentist.com,Hollywood,Florida,"Dental clinic"
leopold@sankarainsurance.com,"dental insurance",http://www.sankarainsurance.com,Hollywood,Florida,"Insurance agency"
choover@canomed.com,"Lourdes Cano D.M.D",http://www.canomed.com,"Pembroke Pines",Florida,"General Dentistry"
agnes@cornfeldgroup.com,"Cornfeld Robert M DMD",http://www.cornfeldgroup.com,Hollywood,Florida,"General Dentistry"
drgiogonzalez@flossy-dental.com,"FLOSSY SMILES: Gio Gonzalez DMD",http://flossysmiles.com,Miami,Florida,"Dental clinic"
gtello@infinitycaredental.com,"Infinity Care Dental",https://www.infinitycaredental.com,Miami,Florida,"General Dentistry"
infopinecrest@southdixiedental.com,"South Dixie Highway",http://southdixiedental.com,Pinecrest,Florida,"Dental clinic"
admin1@beaverdental.com,"Beaver Dental Care of Jacksonville",https://beaverdental.com,Jacksonville,Florida,"Dental clinic"
drjm@kids1dentistry.com,"Kids First Dentistry",http://www.kids1dentistry.com,Jacksonville,Florida,"Paediatric Dentist"
bean@beantreepediatricdentistry.com,"Bean Tree Pediatric Dentistry",https://beantreepediatricdentistry.com,Jacksonville,Florida,"Paediatric Dentist"
southpoint@martinezdentalsolutions.com,"Martinez Dental Solutions",https://www.martinezdentalsolutions.com,Jacksonville,Florida,"Cosmetic dentist"
drrittenberg@drrittenberg.com,"Dental Implant Solutions Jacksonville FL",http://www.minidentalimplantsjacksonvillefl.com,Jacksonville,Florida,"Cosmetic dentist"
office1@larryyoungdental.com,"Larry Young Dental",https://www.larryyoungdental.com,Jacksonville,Florida,"Dental clinic"
drevens@evensfamilydental.com,"Evens Family Dental",http://www.evensfamilydental.com,Jacksonville,Florida,"Dental clinic"
southside1@fetnerandhartigan.com,"Fetner & Hartigan Periodontics and Implants",https://www.fetnerandhartigan.com,Jacksonville,Florida,"Dental implants periodontist"
prc@nfofs.com,"Gregory W. Hartley DMD",https://www.nfofs.com,Jacksonville,Florida,"Oral surgeon"
klester@setzerandcochran.com,"Setzer Cochran Soares and Hubbard Pediatric Dentistry",https://www.setzerandcochran.com,Jacksonville,Florida,"Paediatric Dentist"
drgary@tooth2tooth.com,"Myers Pediatric Dentistry & Orthodontics",https://www.tooth2tooth.com,Jacksonville,Florida,"Paediatric Dentist"
elaine@drelainemartinez.com,"Elaine S Martinez DMD PA",http://www.drelainemartinez.com,Jacksonville,Florida,"Paediatric Dentist"
drb@burgesscenter.com,"Burgess Center for Cosmetic Dentistry",https://www.burgesscenter.com,"Ponte Vedra Beach",Florida,"Cosmetic dentist"
smile@teamkailes.com,"Growing Healthy Smiles Pediatric Dentistry",https://www.drbethkailes.com,"Fleming Island",Florida,"Paediatric Dentist"
middleburg@flynndentalgroup.com,"Flynn Dental Group - Westside Office",http://www.flynndental.com,Jacksonville,Florida,"Dental clinic"
drandrew@emergencydentistsusa.com,"Easy Emergency Dentistry",https://www.emergencydentistsusa.com,Jacksonville,Florida,"Emergency dental service"
pa11110@narduccidental.com,"Town Center Dental",http://www.towncenterdentalgrp.com,Jacksonville,Florida,"General Dentistry"
stjohnsbluff@martinezdentalsolutions.com,"Southpoint Cosmetic & Implant Dentistry",http://www.southpointjaxsmiles.com,Jacksonville,Florida,"Cosmetic dentist"
ricardo.soares@ivoclar.com,"Ronald T Jackson DMD",http://ivoclarvivadent.co.uk,Jacksonville,Florida,"Oral Surgeons"
stevew@ab-financialgroup.com,"Blue Cross Blue Shield",http://www.ab-financialgroup.com,"Lake City",Florida,"Insurance agency"
maryloulakeland@verizon.net,"G.R. Sheumaker Jr. DDS",https://northlakelanddentist.net,Lakeland,Florida,"Dental clinic"
drn@makinglakelandsmile.com,"Kawveh Nofallah DMD",http://makinglakelandsmile.com,Lakeland,Florida,"Cosmetic dentist"
timbaggett@amerusfinancial.com,"Amerus Financial Group",http://amerusfinancial.com,Lakeland,Florida,"Insurance agency"
consultation@dental.inc,"PRECiDENT Center for Facial & Dental Medicine",https://precident.health,"St. Petersburg",Florida,"Oral and maxillofacial surgeon"
dpbrokers@dentalplans.com,"Florida Dental Plans Center",http://www.dpbrokers.com,Seminole,Florida,"General Dentistry"
prot@op.pl,"Valiente Ernesto DMD",http://www.dentalspecialtygroup.com,"Pinellas Park",Florida,"General Dentistry"
hss@homestudysolutions.com,"Home Study Solutions Inc",https://www.homestudysolutions.com,"Pinellas Park",Florida,"General Dentistry"
kids@pearlpediatricdental.com,"Pearl Pediatric Dental",https://pearlpediatricdental.com,Melbourne,Florida,"Paediatric Dentist"
rburns@rburnsdmd.com,"Robert L. Burns Jr DMD",https://www.rburnsdmd.com,Melbourne,Florida,"Oral surgeon"
fsc@bellsouth.net,"The Facial Surgery Center",https://www.facialsurgerycenterspacecoast.com,Melbourne,Florida,"Oral and maxillofacial surgeon"
drross@miamiperiodontist.com,"South Florida Periodontics and Dental Implants",https://www.miamiperiodontist.com,Miami,Florida,"Dental implants periodontist"
drrivas@rivasdentalcare.com,"Darys Rivas DDS",http://www.rivasdentalcare.com,Miami,Florida,"Dental clinic"
koms@kendalloralsurgery.com,"Teresa Lozano MD DDS",http://www.drteresalozano.com,Miami,Florida,"Oral surgeon"
lacasitadental@bellsouth.net,"La Casita Dental",http://lacasitadental.com,Miami,Florida,"Dental clinic"
ahjimenezdds@bellsouth.net,"A. Helena Jimenez DDS",https://ahelenajimenezdds.com,Miami,Florida,"General Dentistry"
jawsurgery@bellsouth.net,"Carlos J. Rodriguez-Feo DDS PA",http://jawsurgery.org,Miami,Florida,"Oral and maxillofacial surgeon"
ethel@askdrmongalo.com,"ask Dr. Mongalo",http://www.askdrmongalo.com,"Miami Beach",Florida,"Dental implants periodontist"
usa@fmsdental.com,"FMS INTERNATIONAL DENTAL CENTER INDIA Dental Tourism in INDIA for Dental Implants & Smile Designing",https://www.fmsdental.com,"Miami Beach",Florida,"Dental clinic"
yourdentist@beachdental.com,"Dr. Georgia Martinez Hernandez",http://www.beachdental.com,"Miami Beach",Florida,"Dental clinic"
naples@d4c.com,"Childrens Dentistry of Naples",https://www.childrensdentistryofnaples.com,Naples,Florida,"Paediatric Dentist"
mydentist@hakunakidsdentistry.com,"Hakuna Matata Pediatric Dentistry",http://www.hakunakidsdentistry.com,Naples,Florida,"Paediatric Dentist"
heather.james@myhfhc.org,"Heart Of Florida Dental",http://www.myhfhc.org,Ocala,Florida,"Dental clinic"
ocala@citrusofs.com,"Citrus Oral & Facial Surgery At Ocala",https://www.citrusofs.com,Ocala,Florida,"Oral surgeon"
smiles@hardenfamilydental.com,"Harden Family Dentistry",http://www.hardenfamilydental.com,Orlando,Florida,"Dental clinic"
oasisdental@toothemail.com,"Oasis Dental",http://www.oasisdentalfl.com,Orlando,Florida,"Dental clinic"
drmahan@orlandodentalcenter.com,"Orlando Dental Center",http://www.orlandodentalcenter.com,Orlando,Florida,"Cosmetic dentist"
fouadortho@att.net,"24 Hour Dentist",http://www.24hourdentistemergency.com,Orlando,Florida,"Dental clinic"
consulting@solution21.com,"General Dentistry Specialty Services: Dr. Marshall Gallant",http://myorlandodentistry.com,Orlando,Florida,"Dental clinic"
marygdds@securedds.com,"Frank Ward DDS",http://www.drfrankward.com,Orlando,Florida,"Dental clinic"
winegard@pdgorlando.com,"Pediatric Dental Group Lake Nona",http://www.pdgorlando.com,Orlando,Florida,"Paediatric Dentist"
dellagiodentist@heartlanddentalcare.com,"Dental Excellence At DR Phillips",http://www.orlandohotsmiles.com,Orlando,Florida,"Dentist & dental surgery"
drhodgins@dentiststudio.com,"The Dentists Studio",http://dentiststudio.com,"Winter Park",Florida,"Dental clinic"
drreyes@eastwooddental.com,"Eastwood Dental",http://www.eastwooddental.com,Orlando,Florida,"Dental clinic"
happyteeth@woodburydentistry.com,"Woodbury Family Dentistry: Diane Tran DMD",https://www.woodburydentistry.com,Orlando,Florida,"Dental clinic"
drmiranda@altamontedentist.com,"Altamonte Implant and Cosmetic Dentistry",https://www.altamontedentist.com,"Altamonte Springs",Florida,"Cosmetic dentist"
koula.sheridan@bayhillfamilydental.com,"Bay Hill Family Dental",http://www.bayhillfamilydental.com,Orlando,Florida,"Dental clinic"
stcloud@ibrushteeth.com,"Pediatric Dentistry of Central Florida",http://www.ibrushteeth.com,Maitland,Florida,"Paediatric Dentist"
smile@titusdentalwg.com,"Titus Dental Winter Garden",https://www.titusdentalwg.com,"Winter Garden",Florida,"Cosmetic dentist"
healthyteeth@winterparkdentist.com,"Lemieux Peter G DMD",http://www.winterparkfamilydentistry.com,"Winter Park",Florida,"General Dentistry"
emergencies@emergencydentistorlandofl.com,"Emergency Dentist Orlando FL",https://emergencydentistorlandofl.com,Orlando,Florida,"Emergency dental service"
lab@allaspectsdentallab.com,"All Aspects Dental Group",http://www.allaspectsdental.com,Orlando,Florida,"General Dentistry"
dentist@smilewinterpark.com,"Heidrich Paul D Jr MD",http://smilewinterpark.com,"Winter Park",Florida,"General Dentistry"
lembling@healthmarkets.com,"HealthMarkets Insurance - Kyle Lamond",https://www.healthmarkets.com,"Ormond Beach",Florida,"Insurance agency"
sjccares@sjcfl.us,"Johns County Health Department Dental Clinic",http://stjohns.floridahealth.gov,"St. Augustine",Florida,"Dental clinic"
familydentistry@adentalpartners.com,"Fleming Island Family Dentistry PA",http://drlessig.com,"Orange Park",Florida,"Dental clinic"
appointments@seasidesmiles.com,"Seaside Smiles Pediatric Dentistry",https://www.seasidesmiles.com,"Vero Beach",Florida,"Paediatric Dentist"
jgregory@roadsidemultimedia.com,"Andrew Rudnick DMD LVIF- Exceptional Dentistry",https://www.rudnickdentistry.com,"Palm Beach Gardens",Florida,"Cosmetic dentist"
bigsmile@mddmd.com,"Dr. Mark Damerau D.M.D.",http://www.mddmd.com,"Palm Beach Gardens",Florida,"Cosmetic dentist"
childrensdentistrypb@d4c.com,"Childrens Dentistry of the Palm Beaches",https://childrensdentistrypb.com,"Palm Beach Gardens",Florida,"Paediatric Dentist"
drameer@pbchildrensdentistry.com,"Palm Beach Childrens Dentistry",http://pbchildrensdentistry.com,"Royal Palm Beach",Florida,"Paediatric Dentist"
msavage@shorelineinsinc.com,"Shoreline Insurance Inc",https://shorelineinsinc.com,"Palm Beach Gardens",Florida,"Insurance agency"
email-jacinth@regalinsurancesolutions.com,"Regal Insurance Solutions Etc. LLC",http://regalinsurancesolutions.com,"Palm Beach Gardens",Florida,"Insurance agency"
smile@palmdentistrycares.com,"Palm Dentistry",https://palmdentistrycares.com,"West Palm Beach",Florida,"General Dentistry"
mherbst@appletreedental.org,"Apple Tree Dental",http://www.appletreedental.org,"Royal Palm Beach",Florida,"Dental clinic"
lakeworthmoderndentistry@smilegeneration.com,"Lake Worth Modern Dentistry",https://www.lakeworthmoderndentistry.com,"Lake Worth",Florida,"General Dentistry"
akelley@pancarefl.org,"PanCare Health",http://pancarefl.org,"Panama City",Florida,"Dental clinic"
smile@30asmiles.com,"Derek R Fleitz DDS",http://www.signaturesmiledesign.com,"Panama City",Florida,"Dentist & dental surgery"
billm@accessibleinter.net,"Oral Surgery & Dental Implant Center of Panama City",http://oralsurgerypanamacity.com,"Panama City",Florida,"Oral surgeon"
malnahhas@knology.net,"M Al-Nahhas",http://dentalcarepanamacity.com,"Panama City",Florida,"Oral Surgeons"
records@fairfielddentalcenter.com,"Fairfield Dental Center",http://fairfielddentalcenter.com,Pensacola,Florida,"Dental clinic"
westfloridaperio@att.net,"West Florida Periodontal Associates P.A.",http://www.westfloridaperio.com,Pensacola,Florida,"Dental clinic"
drbooker@jscottbookerdmd.com,"Booker J Scott DMD",http://www.jscottbookerdmd.com,"Gulf Breeze",Florida,"General Dentistry"
dliston@psychmdpa.com,"Robert A Drozd DMD",http://www.holy-cross.com,"Fort Lauderdale",Florida,"General Dentistry"
dryoung@904implant.com,"Natural Teeth Implant Center",http://www.904implant.com,Jacksonville,Florida,"Dental implants periodontist"
dimitri@smilesbytellios.com,"Dimitrios Tellios DMD",http://www.smilesbytellios.com,"St. Petersburg",Florida,"Cosmetic dentist"
rostho@gordonkrueger.com,"Gordon Krueger DDS",https://www.gordonekruegerdds.com,"St. Petersburg",Florida,"Dental implants periodontist"
smile@drreyaweeks.com,"Dr. Weeks Family Dental",http://drreyaweeks.com,Oviedo,Florida,"Dental clinic"
drdorociak@verizon.net,"Michael R. Dorociak DDS MAGD",http://sarasotafamilydental.com,Sarasota,Florida,"Cosmetic dentist"
appointmysmile@verizon.net,"Sarasota Implant",https://www.sarasotaimplant.com,Sarasota,Florida,"Dental implants periodontist"
drkoval@askdrkoval.com,"Koval & Koval Dental Associates",https://www.askdrkoval.com,Sarasota,Florida,"Cosmetic dentist"
drpeterson@drmattpeterson.com,"Matthew C Peterson DMD",http://www.drmattpeterson.com,Sarasota,Florida,"Dental implants periodontist"
tallahasseefamilydentistry@fbwebpages1.com,"Manocha McSoley & Balan",https://www.tallahasseefamilydentistry.net,Tallahassee,Florida,"Dental clinic"
dentist@dmdpjs.com,"Paul J Smith DMD",http://www.dmdpjs.com,Tallahassee,Florida,"General Dentistry"
ricardo.pena@hcahealthcare.com,"Pijut Lawrence J DDS",http://capitalregionalmedicalcenter.com,Tallahassee,Florida,"Oral surgeon"
majesty@mysmilelabs.com,"Tallahassee SmileLabs Teeth Whitening",http://www.tallahasseesmilelabs.com,Tallahassee,Florida,"Teeth whitening service"
bdc1@fairpoint.net,"Bontrager Monica DDS",http://www.bristoldentalclinic.com,Bristol,Florida,"Dental clinic"
xray@rhofs.com,"Red Hills Oral and Facial Surgery: Russell Walther DDS MD and Marcus Joy DDS",http://www.rhofs.com,Tallahassee,Florida,"Oral and maxillofacial surgeon"
dougcroleyins@dougcroleyins.com,"Doug Croley Insurance Services",http://www.dougcroleyins.com,Tallahassee,Florida,"Insurance agency"
jburns@tallyinfotech.com,"TALLAHASSEE DENTAL TECHNOLOGY",http://tallahasseedentaltechnology.com,Tallahassee,Florida,"Dental clinic"
flicra@executiveoffice.org,"Florida Rental Equipment Dealers Association",http://www.flicra.com,Tallahassee,Florida,"General Dentistry"
confirmations@tampasmiles.com,"Tampa Smiles: John L. Redd II DMD",https://www.tampasmiles.com,Tampa,Florida,"Cosmetic dentist"
drgassler@gasslerdentaltampa.com,"Michael J Horan DDS",http://downtowntampadentist.com,Tampa,Florida,"Cosmetic Dentist"
npda@northpointedental.com,"North Pointe Dental Associates",https://www.northpointedental.com,Tampa,Florida,"Cosmetic dentist"
susankingdds@verizon.net,"Dr. Susan D King Dr. Sherief Hussein & Associates P.A.",http://www.dentistryonswann.com,Tampa,Florida,"Dental clinic"
appointments@tampapedo.com,"South Tampa Pediatric Dentistry",http://www.tampapedo.com,Tampa,Florida,"Paediatric Dentist"
kernagisdental@verizon.net,"Kernagis Dental Excellence",https://www.sedationdentistrytampa.com,Tampa,Florida,"Cosmetic dentist"
drjerry@mykidsteeth.com,"Pediatric Dentistry by Dr. Jerry Copeland II",http://www.mykidsteeth.com,Tampa,Florida,"Paediatric Dentist"
drdugadrfeeney@pediatricdentisttampa.com,"Dr. Duga Dr. Feeney & Associates Pediatric Dentistry",https://www.pediatricdentisttampa.com,Tampa,Florida,"Paediatric Dentist"
gunn@fsdental.net,"Friendly Smiles Dental Care - Carrollwoord",http://www.friendlysmilesdentalcare.com,Tampa,Florida,"Emergency dental service"
carol.braxton@hcps.net,"Erwin Dental Clinic at Erwin Technical College",https://www.hillsboroughschools.org,Tampa,Florida,"Dental clinic"
scheduling@tampahappysmiles.com,"Pediatric Dentistry of New Tampa Inc",https://www.tampahappysmiles.com,Tampa,Florida,"Paediatric Dentist"
smile@dedopedo.com,"DeDomenico Pediatric Dentistry",http://www.dedomenicopedo.com,Tampa,Florida,"Paediatric Dentist"
julia@flcranio.com,"Alfred Tennant DDS",http://www.flcranio.com,Tampa,Florida,"Oral surgeon"
smile@primarytooth.com,"All Childrens Dentistry Pediatric Dental Specialists",https://www.primarytooth.com,Tampa,Florida,"Paediatric Dentist"
smile@doctorsaylor.com,"Larry Saylor Dentistry",https://doctorsaylor.com,Brandon,Florida,"Cosmetic dentist"
drricandjen@verizon.net,"Dental Excellence At FishHawk",https://www.fishhawkdentistlithia.com,Lithia,Florida,"Cosmetic dentist"
farevalo@drfranciscoarevalo.com,"Francisco E. Arevalo D.M.D.",https://www.drfranciscoarevalo.com,Tampa,Florida,"Cosmetic dentist"
smile@milestonesdentistry.com,"Milestones Children & Family Dentistry",https://www.milestonesdentistry.com,Lutz,Florida,"Paediatric Dentist"
tl4dentists@jmhassoc.com,"Term Life 4 Dentists",https://www.termlife4dentists.com,Tampa,Florida,"Insurance agency"
keystone@keystonedentalexcellence.com,"Keystone Dental Excellence",http://keystonedentalexcellence.com,Tampa,Florida,"Dental clinic"
ntpd@drbeepd.com,"New Tampa Pediatric",https://www.drbeepd.com,"Wesley Chapel",Florida,"Paediatric Dentist"
dr.dusseau@familydentalgroup.net,"Family Dental Group",https://www.familydentalgroup.net,Tampa,Florida,"Cosmetic dentist"
sfluharty@bankoftampa.com,"Hillsborough County Dental",http://hcdafla.com,Tampa,Florida,"Dental clinic"
bjurgensmeier@ameritas.com,"Ameritas Group",http://www.ameritas.com,Tampa,Florida,"Insurance agency"
ray@asbfinancial.com,"John Stockhausen",http://asbfinancial.com,"Tarpon Springs",Florida,"Insurance agency"
colong@hcdpbc.org,"Cl Brumback Dental",https://www.hcdpbc.org,Lantana,Florida,"Dental clinic"
mp@lakeworthpediatrics.net,"Shankaraiah Sreedevi DDS",http://www.lakeworthpediatrics.net,"Palm Springs",Florida,"General Dentistry"
oralsurgery@whomfs.com,"Winter Haven Oral Surgery",https://www.whomsimplants.com,"Winter Haven",Florida,"Oral surgeon"
