email,company,website,city,state,profession
aieaheights@premierdentalhi.com,"Premier Dental Group HI",https://www.premierdentalhi.com,Hilo,Hawaii,"Dental clinic"
bambi@bigislandsmiles.com,"Pine Trees Pediatric Dentistry",https://www.drmattkonakidsdentist.com,"Kailua Kona",Hawaii,"Paediatric Dentist"
sidney@landmarkdentalhawaii.com,"Ala Moana Dental Group",http://www.alamoanadental.com,Honolulu,Hawaii,"Dental clinic"
jocelyn@alohamedicalmission.org,"Aloha Medical Mission Dental Clinic",https://alohamedicalmission.org,Honolulu,Hawaii,"Dental clinic"
keikismiles@diamondheadchildrensdentistry.com,"Diamond Head Childrens Dentistry",http://diamondheadchildrensdentistry.com,Honolulu,Hawaii,"Paediatric Dentist"
gavin@bluewhaledentistry.com,"Blue Whale Childrens Dentistry of Hawaii",http://www.bluewhalehawaii.com,Honolulu,Hawaii,"Paediatric Dentist"
joseph.m.sullivan48.mil@army.mil,"Fort Shafter Dental Clinic",https://www.army.mil,Honolulu,Hawaii,"Dental clinic"
drlyle@lyleyanagihara.com,"Lyle C. Yanagihara DDS MS",http://www.lyleyanagihara.com,Honolulu,Hawaii,"Oral surgeon"
asd@alohasmilesdental.com,"Aloha Smiles Dental",http://alohasmilesdental.com,Honolulu,Hawaii,"Dental clinic"
drbassett@pdishawaii.com,"Pacific Dental & Implant Solutions",https://www.pdishawaii.com,Honolulu,Hawaii,"Dental implants periodontist"
smile@oahupediatricdentistry.com,"Oahu Pediatric Dentistry Jason Ching DDS",https://www.oahupediatricdentistry.com,"Pearl City",Hawaii,"Paediatric Dentist"
omsa@oms-hawaii.com,"Oral and Maxillofacial Surgery Associates Inc.",http://www.oms-hawaii.com,Honolulu,Hawaii,"General Dentistry"
dwong@wongguns.com,"Daryl M. Wong DDS",http://www.wongguns.com,Honolulu,Hawaii,"General Dentistry"
abby@islanddentalmaui.com,"Island Dental",https://www.islanddentalmaui.com,Kahului,Hawaii,"Dental clinic"
dcarrico96734@hawaiiantel.biz,"Carrico Howard H III DDS LLC",http://www.kailuadentist.com,Kailua,Hawaii,"General Dentistry"
