email,company,website,city,state,profession
jayfreedmandental@comcast.net,"Jay Freedman DDS & Associates PC",http://www.jayfreedmandental.com,Abington,Pennsylvania,Dentist
pdgabbington@gmail.com,"Premiere Dental of Abington",http://dentistabingtonpa.com,Abington,Pennsylvania,Dentist
mansellxray@hotmail.com,"Robert J. Mansell Dental",https://www.abingtonpadentist.com,Abington,Pennsylvania,Dentist
vibbleg@gmail.com,"Dr. Syreeta T. Mctavous DDS",http://www.amh.org,Abington,Pennsylvania,Dentist
dfrankdental@gmail.com,"Dr. Dale Frank",http://www.dfrankdental.com,Abington,Pennsylvania,Dentist
thechad628@gmail.com,"Yorktown Family Dental",http://www.drjeanmurphy.com,"Elkins Park",Pennsylvania,Dentist
junkindental@comcast.net,"Junkin Dental Associates",http://www.junkindental.com,Abington,Pennsylvania,Dentist
drcharlessireland@gmail.com,"Dr. Charles S. Ireland III P.C.",http://drcharlessireland.com,Abington,Pennsylvania,Dentist
dublinwoods@comcast.net,"Dublin Woods Family Dentistry",http://www.dublinwoods.org,Abington,Pennsylvania,Dentist
healthysmilesofabington@gmail.com,"Healthy Smiles of Abington",https://www.healthysmilesofabington.com,Abington,Pennsylvania,"Dental clinic"
mvpfamilydental@gmail.com,"Dr. Priya M. Thomas DMD",http://www.mvpfamilydental.com,Abington,Pennsylvania,Dentist
jenkintowndentalassociates@gmail.com,"Jenkintown Dental Associates",http://www.jenkintowndentalassociates.com,Jenkintown,Pennsylvania,Dentist
jays2th@aol.com,"Dental Implant Solutions of Greater Philadelphia",https://www.dentalimplantsolutionsofgreaterphiladelphia.com,Roslyn,Pennsylvania,Dentist
udfdelkinspark@gmail.com,"Upper Dublin Family Dentistry",http://www.udfd.com,"Willow Grove",Pennsylvania,Orthodontist
gnewell2217@gmail.com,"Dr. Gary Newell DDS",http://www.dentistinglenside.com,Glenside,Pennsylvania,Dentist
orthodontist4u@gmail.com,"L&M Orthodontics",http://www.orthodontist4u.com,Glenside,Pennsylvania,Orthodontist
smilesbydrazizi@aol.com,"Advanced Orthodontic Care-Glenside",http://www.aziziorthodonticsabington.com,Glenside,Pennsylvania,Orthodontist
dresherfamilydental@gmail.com,"Dresher Family Dental Care",http://www.dresherfamilydental.com,Dresher,Pennsylvania,Dentist
dresherdental@gmail.com,"Dresher Dental Drs. Farrell & Stevenson",http://www.dresherdental.com,Dresher,Pennsylvania,"Cosmetic dentist"
uppermorelanddentistry@gmail.com,"Upper Moreland Dentistry",https://doyoon-kim-xeoh.squarespace.com,"Willow Grove",Pennsylvania,Dentist
drpalakny@gmail.com,"Signature Smiles Dental LLC",https://www.signaturesmilesatglenside.com,Cheltenham,Pennsylvania,Dentists
apedicinodds@comcast.net,"Pedicino Dental",https://www.pedicinodental.com,"Huntingdon Valley",Pennsylvania,Dentist
emiclaus@hotmail.com,"Lovin Dental",http://www.lovindental.com,Rockledge,Pennsylvania,Dentist
p3dentalpc@gmail.com,"P3 Dental of Northeast Philadelphia",http://www.p3dentalpc.com,Philadelphia,Pennsylvania,Dentist
bestdentist4kids@gmail.com,"Best Dentist 4 Kids",https://www.bestdentist4kids.com,Hatboro,Pennsylvania,"Paediatric Dentist"
bahoffdentistry@yahoo.com,"Progressive Dentistry",https://progressivedmd.com,"Huntingdon Valley",Pennsylvania,"Dental clinic"
makanidds@gmail.com,"Horsham Dental Care",http://www.horshamdentalcare.com,Horsham,Pennsylvania,"Dental clinic"
drmtuman@gmail.com,"Tuman W Michael DMD",http://www.wmichaeltuman.com,Philadelphia,Pennsylvania,Dentist
thephiladelphiadentist@gmail.com,"Lee Schriftman DDS",https://www.thephiladelphiadentist.com,Philadelphia,Pennsylvania,Dentist
chsmiles9@gmail.com,"Chestnut Hill Smiles",http://www.chestnuthillsmile.com,Philadelphia,Pennsylvania,Dentist
dentalartsofchestnuthill@gmail.com,"Dental Arts of Chestnut Hill LLC",https://www.dentalartsofchestnuthill.com,Philadelphia,Pennsylvania,Dentist
add6529@gmail.com,"Advanced Dental Designs",http://www.adddentist.com,Philadelphia,Pennsylvania,Dentist
advanceddental215@gmail.com,"Advanced Dental Group",https://www.yourhealthysmileteam.com,Southampton,Pennsylvania,Dentist
meetinghousedental@comcast.net,"Meetinghouse Dental Care",https://www.meetinghousedental.com,Hatboro,Pennsylvania,Dentist
justafarmdental@comcast.net,"Justa Farm Dental Esthetics",http://www.justafarmdental.com,"Huntingdon Valley",Pennsylvania,Dentist
southamptondental@yahoo.com,"Southampton Dental Center",https://southamptondentalpa.com,Southampton,Pennsylvania,Dentist
grossandsonsdental@gmail.com,"Cerato & Mann",https://www.grossandsonsdental.com,Philadelphia,Pennsylvania,Dentist
docjovo.mendy@gmail.com,"Gregory Jovanelly DMD",http://www.jovanellymendenhalldental.com,Aliquippa,Pennsylvania,Dentist
taylorcw@gmail.com,"Timothy. Ungarean D.M.D",http://pittsburghdmd.com,Aliquippa,Pennsylvania,Dentist
dhileep.jinna@gmail.com,"Excel Dental",https://www.exceldentalpc.com,Coraopolis,Pennsylvania,Dentist
moondental2013@gmail.com,"Moon Family & Cosmetic Dental",https://www.mooncosmeticdentist.com,Coraopolis,Pennsylvania,"Cosmetic Dentist"
pamcrumrinedds@gmail.com,"Pamela Crumrine",https://www.pamcrumrinedds.com,Beaver,Pennsylvania,Dentist
cranberrydental@gmail.com,"Cranberry Dental Studio",https://www.cranberrydentalstudio.com,"Cranberry Twp",Pennsylvania,"Cosmetic dentist"
wvtoothdr@gmail.com,"Advanced Dentistry Ameredes & Associates",https://www.advanceddentistry412.com,Oakdale,Pennsylvania,"General Dentistry"
butlerdental327@gmail.com,"Butler Dental Associates-Kennedy",http://butlerdentalassociates.net,Coraopolis,Pennsylvania,Dentist
pabc1@aol.com,"Pamela Clarke DMD",http://www.robinsondentist.com,"McKees Rocks",Pennsylvania,"Cosmetic Dentist"
fairmontdental@hotmail.com,"Fairmont Dental",http://www.fairmont-dental.com,Allentown,Pennsylvania,Dentist
shoenbergerdental@yahoo.com,"Shoenberger Dental",https://www.shoenbergerdentalpa.com,Allentown,Pennsylvania,"Teeth whitening service"
advancedentalcreator@gmail.com,"Advance Smile Dental Creator LLC",http://asdentalcreator.com,Allentown,Pennsylvania,"Dental clinic"
drbgyoung@gmail.com,"Bradford Young Family & Cosmetic Dentistry",https://www.bgyoungdental.com,Allentown,Pennsylvania,Dentist
tnoumeh@hotmail.com,"East Side Family Dentistry",http://www.eastsidefamilydentistry.net,Allentown,Pennsylvania,Dentist
scdental901@gmail.com,"Smile Care Dental",https://www.smilecaredentalpa.com,Allentown,Pennsylvania,"Cosmetic dentist"
trandentalllc@gmail.com,"Tran Dental",https://www.smilesbytran.com,Allentown,Pennsylvania,Dentist
teethdocs@hotmail.com,"Dr. Maryam Sholehvar DMD",http://www.lehighprosthodontics.com,Allentown,Pennsylvania,Dentist
sumeetj78@yahoo.com,"Kaur Smiles",http://www.kaursmiles.com,Allentown,Pennsylvania,Dentist
perio3@aol.com,"Scott A. Gradwell D.M.D. F.A.G.D P.C.",http://www.lehighvalleyperiodontist.com,Allentown,Pennsylvania,Periodontist
silvendo@aol.com,"SILVAGGIO ENDODONTICS",http://silvaggioendo.com,Allentown,Pennsylvania,Dentist
niyst@hotmail.com,"Whitehall Dental Associates",http://www.whitehalldental.com,Whitehall,Pennsylvania,Dentist
ramartist@gmail.com,"Shiffman Dental",http://drmichaelschiffman.com,Allentown,Pennsylvania,Dentist
brintonpediatricdentistry@gmail.com,"Brinton Pediatric Dentistry: Phillip Brinton DDS",https://www.brintonpediatricdentistry.com,Allentown,Pennsylvania,"Paediatric Dentist"
barrondurkin@yahoo.com,"Asen & Associates",http://allentowndentalassociates.com,Allentown,Pennsylvania,"Dental clinic"
nurturedentalhealth@gmail.com,"Nurture Dental Health PC",http://nurturedentalhealth.com,Allentown,Pennsylvania,Dentist
brooksidesmiles@gmail.com,"Brookside Dental Care",http://www.brooksidesmiles.com,Allentown,Pennsylvania,Dentist
vivoendo@gmail.com,"Christopher Vivona DDS",https://vivoendo.com,Allentown,Pennsylvania,Dentist
whitehallsmiles@outlook.com,"Rodney M. Dobrowolski D.M.D P.C",http://www.whitehallsmiles.com,Whitehall,Pennsylvania,Dentist
drmarshagordon@gmail.com,"Gordon Pediatric Dental",https://www.gordonpediatricdental.com,Allentown,Pennsylvania,"Paediatric Dentist"
testsample@gmail.com,"Dr. Jason A. Pellegrino DMD",http://allentowndentist.com,Allentown,Pennsylvania,Dentist
lsands75@gmail.com,"Lehigh Valley Dental Society",http://lvdental.org,Macungie,Pennsylvania,"Dental clinic"
trexlerdental@gmail.com,"Trexler Family Dental Group",http://trexlerdental.com,Trexlertown,Pennsylvania,Dentist
lehighfamilydentist@gmail.com,"Lehigh Family Dentistry",http://www.lehighdentists.com,Schnecksville,Pennsylvania,Dentist
frielortho@gmail.com,"Friel Ortho",http://frielortho.com,Whitehall,Pennsylvania,Orthodontist
wgwertz@aol.com,"Emmaus Dental Care",http://emmausdentalcare.com,Emmaus,Pennsylvania,Dentist
whitehallfamilydentistry@yahoo.com,"Whitehall Family Dentistry",https://whitehallfamilydentistry.com,Whitehall,Pennsylvania,Dentist
drboborthodontics@gmail.com,"Dr. Bob Bryan Orthodontics - Allentown",https://drbobbryan.com,Allentown,Pennsylvania,Orthodontist
allentowndentallab@gmail.com,"Allentown Dental Lab",http://www.allentowndentallab.com,Allentown,Pennsylvania,Dentist
mjcoulterdds@yahoo.com,"Dr. Michael J Coulter DDS",http://www.mjcoulterdds.com,Emmaus,Pennsylvania,Dentist
sapphirefamilysmiles@gmail.com,"Sapphire Family Smiles",http://www.sapphirefamilysmiles.com,Bethlehem,Pennsylvania,Dentist
north.pamir@gmail.com,"James Minekime DDS",https://fr.yelp.ca,Allentown,Pennsylvania,Dentist
olv1665@gmail.com,"Orthodontics of the Lehigh Valley",https://olvonline.com,Bethlehem,Pennsylvania,Orthodontist
dentistrykeystone@gmail.com,"Keystone Dentistry",https://keystone-dentist.com,Bethlehem,Pennsylvania,Dentist
rruyak@yahoo.com,"Lasting Smiles of Bethlehem",https://www.lastingsmilespa.com,Bethlehem,Pennsylvania,"General Dentistry"
drsgschrey@gmail.com,"Baglyos Dental Care",https://baglyosdentalcare.net,Bethlehem,Pennsylvania,Dentist
drannastolfi@gmail.com,"Ann K Astolfi DMD",http://www.drastolfi.com,Bethlehem,Pennsylvania,Dentists
esmilesfamilydental@gmail.com,"Extraordinary Smiles",https://www.extraordinarysmiles.net,Schnecksville,Pennsylvania,"Cosmetic dentist"
sparkorthodonticspa@gmail.com,"Dental Health Care: Knepley James A DMD",http://www.jaknepleyorthodontist.com,York,Pennsylvania,Dentist
dewiredental@gmail.com,"DeWire Dental",https://www.dewiredental.com,Hellertown,Pennsylvania,Dentist
mantonisdental@gmail.com,"Mark A Antonis DDS",http://www.antonisdental.com,Bethlehem,Pennsylvania,Dentists
fiestasiesta777@gmail.com,"Niski Kara DMD",http://www.broadstreetdental.com,Bethlehem,Pennsylvania,"General Dentistry"
cjidmd5678@gmail.com,"Lang Lang & Lang DDS PC",http://mybethlehemdentist.com,Bethlehem,Pennsylvania,"General Dentistry"
wolfedentalpa@gmail.com,"Abe Dental PC",https://thebethlehemdds.com,Bethlehem,Pennsylvania,Dentist
colindangler@hotmail.com,"Altoona Family Dentistry",http://www.altoonafamilydentistry.com,Altoona,Pennsylvania,Dentist
biharyfamilydental@yahoo.com,"Bihary Family Dental",https://jasonbiharydmd.com,Altoona,Pennsylvania,Dentist
larrys.fisher@gmail.com,"Larry S. Fisher DDS",http://www.huntingdonpadentist.com,Huntingdon,Pennsylvania,Dentist
atw@mfdentistry.comcastbiz.net,"Wilson Robert T DDS",http://www.amodernfamilydentist.com,Huntingdon,Pennsylvania,Dentist
johnecarder@gmail.com,"Dr. John E. Carder DDS",http://www.johncarderdds.com,"State College",Pennsylvania,Dentist
valleyoralsurgeon58@gmail.com,"Valley Oral Surgeons Ltd: Del Rosario Michael L DDS",https://www.vosltd.com,Ebensburg,Pennsylvania,Dentist
cavalierorthodontics@gmail.com,"Cavalier Orthodontics",http://www.smilesbydrcavalier.com,Sidman,Pennsylvania,Orthodontist
boumerhidental@gmail.com,"Dr Pierre Boumerhi DMD LLC",https://www.boumerhidental.com,Houtzdale,Pennsylvania,Dentist
hilltopdentalpa@gmail.com,"Hilltop Dental Associates",https://srokadental.com,Johnstown,Pennsylvania,Dentist
ndd1253@gmail.com,"New Dimensions",http://newdimensionsdentistry.jimdosite.com,Johnstown,Pennsylvania,Dentist
drstevemuha3@icloud.com,"Muha Dental",http://muhadental.com,Windber,Pennsylvania,Dentist
gigliottiandwalker@gmail.com,"Smatlak & Gigliotti",http://gigliottiandwalker.com,Punxsutawney,Pennsylvania,Dentist
polidortam@hotmail.com,"Family Dentistry",http://www.alleghenysmiles.com,Imperial,Pennsylvania,"Dental clinic"
paragondentalpgh@gmail.com,"Paragon Dental",http://www.paragondentalpgh.com,Wexford,Pennsylvania,Dentist
northhillsdentalcomplex@aol.com,"North Hills Dental Complex",http://northhillsdentalcomplex.com,Pittsburgh,Pennsylvania,Dentist
daltonfamilydental@gmail.com,"Dalton Family Dental",https://daltonfamilydental.com,Pittsburgh,Pennsylvania,Dentist
northsidedentalpractice@yahoo.com,"North Side Dental",http://www.northsidedentalpractice.com,Pittsburgh,Pennsylvania,Dentist
dentistpgh@gmail.com,"Hayner Dental",https://haynerdental.com,Pittsburgh,Pennsylvania,Dentist
mjaconski@aol.com,"Michael V. Jaconski DMD",http://allisonparkdentistry.com,"Ste 1",Pennsylvania,Dentist
jfoustdds@hotmail.com,"Smile Dental Center",https://www.smilepgh.com,Gibsonia,Pennsylvania,Dentist
brightonheightsdental@yahoo.com,"Brighton Heights Dental Associates",http://www.brightonheightsdental.com,Pittsburgh,Pennsylvania,"Denture Care Centre"
southsidedentalpavilion@gmail.com,"Southside Dental Pavillion",https://southsidedental.weebly.com,Pittsburgh,Pennsylvania,Dentist
jeremiahbondradmdpc@gmail.com,"Dr. Jeremiah Bondra",https://www.drjeremiahbondra.com,Zelienople,Pennsylvania,Dentist
dmwfamilydentistry@yahoo.com,"DMW Family Dentistry Wielechowski David D MD",http://www.dmwcosmeticdentistgibsonia.com,Gibsonia,Pennsylvania,Dentist
beautiquespanails@gmail.com,"Charles H Sakai DMD",https://drcharlessakai.com,Pittsburgh,Pennsylvania,Dentist
stockfamilydentistry@gmail.com,"Stock Family Dentistry",https://www.stockfamilydentistry.com,Wexford,Pennsylvania,"Oral Surgeons"
info.zemencik@comcast.net,"Zemencik Family Dental",http://zemencik.com,Bridgeville,Pennsylvania,Dentist
evanscityreceptionist@gmail.com,"Family Dentistry of Evans City",https://www.familydentistryevanscity.com,"Evans City",Pennsylvania,Dentist
debbiemwest@gmail.com,"Palmer Family Dental",https://www.palmerfamilydentistrypittsburgh.com,Pittsburgh,Pennsylvania,Dentist
strakaperio@gmail.com,"J. Brian Straka DMD LLC",http://www.strakaperiodontics.com,Bethlehem,Pennsylvania,Dentist
dentalbeautypa@gmail.com,"S. Clarke Woodruff DMD",https://dentalbeautypa.com,Hellertown,Pennsylvania,Dentist
eastonbrightsmiles@gmail.com,"Easton Bright Smiles PC",http://eastonbrightsmiles.com,Easton,Pennsylvania,"Dental clinic"
palmerdental@outlook.com,"Palmer Dental",http://www.bachmandental.com,Easton,Pennsylvania,Dentist
haddadfamilydentistry@gmail.com,"Haddad Dental Associates",https://haddaddentalsmiles.com,Easton,Pennsylvania,Dentist
nazarethfamilydental@gmail.com,"Nazareth Family Dental",http://nazarethfamilydental.com,Nazareth,Pennsylvania,Dentist
ersdental@aol.com,"Estelle R Stein DDS",http://www.ersdental.com,Bath,Pennsylvania,Dentist
palmersmiles@gmail.com,"Palmer Smile Design of Easton",https://palmersmiles.com,Easton,Pennsylvania,Dentist
khdds2@gmail.com,"Dentist Easton",http://www.palmerdentists.com,Easton,Pennsylvania,Dentist
premierdentalofbranchburg@gmail.com,"Mohamed S. Mansour DDS",http://premierdentalofbranchburg.com,Branchburg,Pennsylvania,Dentist
ejp1125@aol.com,"Edward J Piorkowski DDS",https://www.smilesonstonescrossing.com,Easton,Pennsylvania,"Cosmetic dentist"
schiffdental@gmail.com,"The Schiff Dental Group",http://www.theschiffdentalgroup.com,Erdenheim,Pennsylvania,Dentist
1208ars@gmail.com,"Angela Schmoyer Family & Cosmetic Dentistry",https://www.schmoyerdmd.com,Easton,Pennsylvania,Dentist
roginskydental5511@outlook.com,"Dr. Thomas Roginsky",https://roginskydental.com,Northampton,Pennsylvania,Dentist
lvcd29@gmail.com,"Lehigh Valley Cosmetic Dentistry",https://www.lvcdentistry.com,Nazareth,Pennsylvania,Dentist
gdental1@aol.com,"GWYNEDD DENTAL",http://gwynedddentalandspa.com,Ambler,Pennsylvania,Dentist
radiantsmiles2009@yahoo.com,"Radiant Smiles @ Floral Vale",http://radiant-smiles.com,Yardley,Pennsylvania,Dentist
rereichardorthodontics@gmail.com,"Rachel E Reichard Orthodontics",https://reichardorthodontics.com,Bloomsburg,Pennsylvania,Orthodontist
jrnorthumberland1@gmail.com,"Rinehart Marr & Murdock Dental PC",http://www.rinehartdentist.com,Danville,Pennsylvania,"Dental clinic"
mintsmilespc@gmail.com,"Schuylkill Dental Medicine",https://www.schuylkilldental.com,Minersville,Pennsylvania,Dentist
dustinsnyd@gmail.com,"Brookpark Dental Arts",https://www.brookparkdentalarts.com,Lewisburg,Pennsylvania,Dentist
borandentalassociates@gmail.com,"Boran Dental Associates PC",https://www.borandentalassociates.com,Minersville,Pennsylvania,Dentist
buehnerdental@gmail.com,"Buehner Family Dental Care",http://www.buehnerdental.com,Minersville,Pennsylvania,Dentist
tammy.dcdental@gmail.com,"Della Croce Dental Care",https://dellacrocedentalcare.com,Freeland,Pennsylvania,Dentist
bennecoff@aol.com,"David Hirsch",https://www.drywallcontractornewcumberlandpa.com,"Mount Carmel",Pennsylvania,Dentist
bjohnstondds@comcast.net,"Family & Implant Dentistry",http://www.brianjohnstondds.com,Chambersburg,Pennsylvania,Dentist
chbgfamilydentistry@gmail.com,"Chambersburg Family Dentistry",http://www.chambersburgfamilydentistry.com,Chambersburg,Pennsylvania,Dentist
adamsondentistry@gmail.com,"Adamson Family Dentistry",http://www.adamsondentistry.com,Chambersburg,Pennsylvania,Dentist
franklinorthodontics@gmail.com,"Franklin Orthodontics",http://www.franklinorthodontics.com,Chambersburg,Pennsylvania,Orthodontist
jolie0707@hotmail.com,"Denture Center",http://denturecenterofcentralpa.com,Chambersburg,Pennsylvania,"Denture Care Centre"
mfdentistry@comcast.net,"Mercersburg Family Dentistry",https://www.mercersburgfamilydentistry.com,Mercersburg,Pennsylvania,"Dental clinic"
smiledesignbysisler@gmail.com,"Smile Design by Sisler",http://www.drsisler.com,Shippensburg,Pennsylvania,"Cosmetic dentist"
btmcbeth@comcast.net,"BMC Dentistry",https://www.bettinamcbethdmd.com,Gardners,Pennsylvania,Dentist
mandpdentaldesk@gmail.com,"Park Dentistry.",https://www.maffettparkdentistry.com,Hanover,Pennsylvania,Dentist
saltzdentalcenter@gmail.com,"Dr. Ashvinkumar H. Dhruva D.D.S.",http://www.saltzdentalcenter.com,Chester,Pennsylvania,Dentist
completecaredentalpa@gmail.com,"Complete Care Dental",http://www.delcodentistccd.com,Woodlyn,Pennsylvania,"Emergency dental service"
brookhavendentistry@gmail.com,"Anvar Mohammadh DMD - Dentist Chester Brook haven",http://brookhavendentistry.com,Brookhaven,Pennsylvania,Dentist
drexelhill@gmail.com,"Center for Dentistry",http://www.fordentistry.com,Brookhaven,Pennsylvania,"Dental clinic"
aplusdentistry@gmail.com,"A-Plus Dental Care",http://www.aplusdentalservices.com,Brookhaven,Pennsylvania,Dentist
shoresnyderdental@gmail.com,"Shore Jeffrey M DDS",http://www.shoresnyderdental.com,Norwood,Pennsylvania,Dentist
chichesterdental2019@gmail.com,"Chichester Dental",http://www.chichesterdental.net,Linwood,Pennsylvania,Dentist
swarthmoredentalassociates@gmail.com,"Swarthmore Dental Associates",https://swarthmoredentalassociates.com,Swarthmore,Pennsylvania,Dentist
welcomedental@gmail.com,"Welcome Dental",http://welcomedental.com,"West Chester",Pennsylvania,Dentist
restorativedental@msn.com,"Thakkar Dental",https://thakkardental.com,"West Chester",Pennsylvania,Dentist
eastbradforddental@gmail.com,"East Bradford Dental",http://www.ebdent.com,"West Chester",Pennsylvania,Dentist
sorgefamilydentistry@comcast.net,"Mary Jo Massaro DMD PLLC",http://massarofamilydentistry.com,"West Chester",Pennsylvania,"Cosmetic dentist"
norwooddental@gmail.com,"Norwood Family Dentistry",https://dentalnorwood.com,Norwood,Pennsylvania,Dentist
familydentistryofwc@gmail.com,"Family Dentistry of West Chester",https://www.familydentistryofwc.com,"West Chester",Pennsylvania,Dentist
ccdcwc@gmail.com,"The Orthodontic Group of Chester County",https://www.chestercountyorthodontics.com,"West Chester",Pennsylvania,Orthodontist
thekreativelab@yahoo.com,"Smith Dental Laboratory",http://thekreativelabllc.com,Aston,Pennsylvania,Dentist
luminousdentistry@gmail.com,"Luminous Smiles",http://luminousdentistry.com,Glenolden,Pennsylvania,Dentist
pbrittdds@gmail.com,"Britt Paul w DDS",https://brittfamilydentistry.com,"West Chester",Pennsylvania,Dentist
dentist.7922@gmail.com,"Yefim Aranbayev DDS - Dental Clinic in Philadelphia",https://yefimaranbayevdds.com,"Upper Darby",Pennsylvania,Dentist
bootway.dental@gmail.com,"Bootway Dental",https://www.bootway.dental,"West Chester",Pennsylvania,Dentist
bachsteindental@gmail.com,"Bachstein Dental Esthetics LLC",http://www.bachsteindental.com,"Newtown Square",Pennsylvania,"Cosmetic dentist"
maedots@yahoo.com,"Garnet Valley Dental",http://garnetvalleydentist.com,"Chadds Ford",Pennsylvania,Dentist
gdhdental@gmail.com,"Allen P Seltzer DDS and David P Stocker DDS PC",http://goshendentalhealth.com,"West Chester",Pennsylvania,Dentist
pdmullicahill@gmail.com,"Dr. Marc Albano",https://www.kidsdentistgloucestercounty.com,"West Chester",Pennsylvania,"Pediatric dentist"
glenmillsdentistry@gmail.com,"Opal Family Dental",https://www.opalfamilydental.com,"Glen Mills",Pennsylvania,Dentist
ddswiz@comcast.net,"Sander I. White DDS",https://www.drwhitesmile.com,Broomall,Pennsylvania,Dentist
72e@gmail.com,"Smile Care Family Dental",http://www.smilecarefamilydental.com,"Chester Springs",Pennsylvania,Dentist
dkudental@aol.com,"Dental Society-Chester County",http://chesdeldentalsoc.org,Paoli,Pennsylvania,Dentist
starcaredental@gmail.com,"Star Care Dental",https://starcaredental.com,"Glen Mills",Pennsylvania,Dentist
eaglefamilysmiles@gmail.com,"Eagle Family Smiles",https://www.eaglefamilysmiles.com,"Chester Springs",Pennsylvania,Dentist
brightdental@hotmail.com,"Bright Family Dental",http://www.brightdentalatchestersprings.com,"Chester Springs",Pennsylvania,Dentist
dfreilich429@gmail.com,"Family & Cosmetic Dentistry: David Freilich DMD",http://www.cliftonheightsdentists.com,"Clifton Heights",Pennsylvania,Dentist
chesterspringsdental@gmail.com,"Richard G. Gross DMD - Chester Springs Dental",http://www.chesterspringsdental.com,Exton,Pennsylvania,Dentist
dhcaexton@gmail.com,"Dental Health Care Associates",http://dhcaexton.com,Exton,Pennsylvania,Dentist
comfortdentalcares@gmail.com,"Comfort Dental Care",https://www.extoncomfortdentalcare.com,Exton,Pennsylvania,Dentist
springchick54@aol.com,"DeProphetis Alfred DDS",http://www.dralfreddeprophetis.com,Media,Pennsylvania,Dentist
drtomw1@aol.com,"Dr. Tom C. Watson DMD",http://bdhpc.com,Broomall,Pennsylvania,Dentist
brightdentalcare917@gmail.com,"Bright Dental Care",http://www.mybrightdentalcare.com,Collingdale,Pennsylvania,"Dental clinic"
goldbergddsexton@gmail.com,"Eric Goldberg DDS",https://www.ericgoldbergdds.net,Exton,Pennsylvania,Dentist
leadingdentaljv@gmail.com,"Leading Dental Solutions",https://www.lansdalecosmeticdentist.com,Lansdale,Pennsylvania,Dentist
drteethfront@gmail.com,"Exeter Family & Cosmetic Dentistry",http://exeterdentistry.com,Reading,Pennsylvania,Dentists
daynightdental2018@gmail.com,"Day and Night Dental",http://www.dndentalcare.com,Paoli,Pennsylvania,Dentist
wardiusdental@comcast.net,"Wardius Dental",http://wardiusdental.com,Ogden,Pennsylvania,Dentist
sweettoothaston@gmail.com,"Sweet Tooth Family Dentistry",https://www.sweettoothfamilydentist.com,Aston,Pennsylvania,Dentist
mariaacap@aol.com,"Dr. Maria A. Capacio DMD",http://www.havertownfamilydentistry.com,Havertown,Pennsylvania,Dentist
cda.pamela@comcast.net,"Chesterbrook Dental Associates",https://www.chesterbrookdental.com,Berwyn,Pennsylvania,Dentist
chestercoendo@gmail.com,"Chester County Endodontics",http://www.chestercoendo.com,"Kennett Square",Pennsylvania,Endodontist
mediadentistry@hotmail.com,"Media Dentistry Dr Katerina Sioutis DMD",http://www.mediadentistry.com,Media,Pennsylvania,Dentist
cmbdentistry@gmail.com,"CMB Family Dentistry",https://cmbdental.com,Broomall,Pennsylvania,Dentist
civillicofamilydentistry@gmail.com,"Civillico Family Denistry",http://civillicofamilydentistry.com,"Upper Darby",Pennsylvania,"Cosmetic dentist"
gentledentistry5139@gmail.com,"Long Lane Dental",http://www.gentledentistrygroup.com,"Upper Darby",Pennsylvania,"Dental clinic"
caredentalllc@gmail.com,"Care Dental LLC",https://www.caredentalllc.com,"Upper Darby",Pennsylvania,Dentist
jjpricedentistry@gmail.com,"Jeffrey J. Price DMD",https://jeffreyjpricedmd.com,"Newtown Square",Pennsylvania,Dentist
hiteshs245@gmail.com,"Media Family Dentistry",https://www.mediafamilydentistry.com,Media,Pennsylvania,Dentist
dentistglenolden@gmail.com,"Stephen Family Dentistry",https://www.stephendentist.com,Glenolden,Pennsylvania,Dentist
cdental224@gmail.com,"Collingdale Dental Associates",https://www.collingdaledentalassociates.com,Collingdale,Pennsylvania,Dentist
dr.tjbrosnan@gmail.com,"Brosnan Dental",https://brosnandental.com,Broomall,Pennsylvania,"Cosmetic Dentist"
radomiledental@msn.com,"Radomile Family Dental Care",https://radomilefamilydental.com,"Drexel Hill",Pennsylvania,Dentist
dentistsonthesquarepllc@gmail.com,"Dentists on the Square",https://www.dentistsonthesquare.com,Philadelphia,Pennsylvania,Dentist
smilescometrue@gmail.com,"SMILE CITY DENTISTRY",http://mysmilesdentistry.com,"Drexel Hill",Pennsylvania,Dentist
ctdentalassoc@gmail.com,"Dr. Derrick J. Turner DMD",http://www.colemanandturner.com,Philadelphia,Pennsylvania,Dentist
havercrown@gmail.com,"Dr. Iraj Shafagh",http://www.havercrowndental.com,Havertown,Pennsylvania,Dentist
dentistryinphiladelphia@gmail.com,"Dentistry in Philadelphia",https://dentistryinphiladelphia.com,Philadelphia,Pennsylvania,Dentist
fandentistry@gmail.com,"9th Street Family Dentistry",https://www.fandentistry.com,Philadelphia,Pennsylvania,Dentist
childrensdental123@gmail.com,"Children's Dental and Orthodontic Associates",http://www.kiddy2th.com,Philadelphia,Pennsylvania,Dentist
dentistsofwc@gmail.com,"Dentists on Washington",https://dentistsonwashington.com,Philadelphia,Pennsylvania,Dentist
dentwhitman@gmail.com,"Whitman Dental Center",https://www.whitmandental.com,Philadelphia,Pennsylvania,Dentist
dentistry1818@gmail.com,"1818 Market Street",https://centercitydentist.com,Philadelphia,Pennsylvania,Dentist
aspdentistry@gmail.com,"Angel Smiles Pediatric Dentistry",https://www.aspdentistry.com,"Newtown Square",Pennsylvania,"Dental clinic"
drjonimarcus@gmail.com,"Total Dental Care: Joni Marcus DMD",https://www.215dentist.com,Philadelphia,Pennsylvania,Dentist
dentistryonthehill@gmail.com,"Ufberg Dental",https://ufbergdental.com,Berwyn,Pennsylvania,"General Dentistry"
jennyc499@gmail.com,"Jenny Chen Pediatric and Family Dentistry",https://www.smilesinpa.com,"West Grove",Pennsylvania,"Pediatric Dentist"
ngfdentistry@gmail.com,"New Garden Family Dentistry",http://www.newgardenfamilydentistry.com,Landenberg,Pennsylvania,"Cosmetic Dentist"
dfilidore@yahoo.com,"Concordville Town Centre Dental",http://www.concordvilledental.com,"Glen Mills",Pennsylvania,Dentists
dcdental5mngr@gmail.com,"Smile Center Dental",https://www.smilecenterdentalgroup.com,Philadelphia,Pennsylvania,Dentist
drzyskowski@gmail.com,"Dr. Kathleen A. Zyskowski DDS PC",http://www.zyskowskidental.com,Easton,Pennsylvania,Dentist
warringtondentalassociates@gmail.com,"Dental Associates of Warrington",http://warringtonfamilydental.com,Warrington,Pennsylvania,Dentist
fdw201@gmail.com,"Partha B. Patel D.D.S. P.C.",http://ppateldds.com,Warrington,Pennsylvania,Dentist
bluevalleydentalgp@hotmail.com,"Blue Valley Dental",http://bluevalleydentalgroup.com,"Pen Argyl",Pennsylvania,Dentist
warringtondental1380@gmail.com,"Warrington Dental PC",https://www.warringtondental.com,Warrington,Pennsylvania,Dentist
info.rfdentistry@gmail.com,"Larry Rakowsky D.M.D. Rakowsky Family Dentistry",http://rakowskyfamilydentistry.com,Ottsville,Pennsylvania,"Dental clinic"
hadiyyahchelle73@yahoo.com,"David w Wedell LLC",https://hadiyyahsboutique.com,"Willow Grove",Pennsylvania,Dentist
rinaldifamilydentistry@gmail.com,"Randy J Heard DDS",http://rinaldidental.com,Bangor,Pennsylvania,Dentist
dshapter@gmail.com,"Shapter David E",http://www.kidssmiledoc.com,Erie,Pennsylvania,Dentist
drrosannepalermo@aol.com,"Rosanne Palermo D.M.D.",http://www.drrosannepalermo.com,Erie,Pennsylvania,Dentist
cherbanfamilydentistry@yahoo.com,"Cherban Family Dentistry",http://cherbandentistry.com,Erie,Pennsylvania,Dentist
minichelli@live.com,"Dr. Mark Richard Minichelli",http://minichellidentistry.com,Erie,Pennsylvania,"General Dentistry"
vandamiadental@gmail.com,"Vandamia Eric DMD PC",https://www.vandamiadental.com,Erie,Pennsylvania,Dentist
smilemanortho@gmail.com,"Orthodontic Associates of Erie: C.Ted Forsberg D.D.S.",http://orthodonticassociatesoferie.com,Erie,Pennsylvania,Dentist
eriedentalsleep@gmail.com,"Erie Dental Sleep Therapy",http://www.eriedentalsleeptherapy.com,Erie,Pennsylvania,Dentist
wilcko.orthodontics@gmail.com,"Wilcko Orthodontics",http://www.drwilcko.com,Erie,Pennsylvania,Dentist
rosinskyfamilydentistry@protonmail.com,"Rosinsky Family Dentistry",https://www.rosinskyfamilydentistry.com,Edinboro,Pennsylvania,Dentist
greatereriedental@gmail.com,"Greater Erie Dental Associates",http://greatereriedental.com,Edinboro,Pennsylvania,Dentist
zaleskiandprucknercorry@yahoo.com,"Family Dentistry",http://www.familydentistrycorryuc.com,"Union City",Pennsylvania,Dentist
schdent@aol.com,"James R Schmitt DMD",https://jschmittfamilydental.com,Edinboro,Pennsylvania,Dentist
eriepaving@gmail.com,"Lentz Brian E DDS",http://eriepaving.com,Waterford,Pennsylvania,Dentist
gettysburghiring@gmail.com,"Gettysburg Dental Associates",http://gettysburgdentalassociates.com,Gettysburg,Pennsylvania,Dentist
allchirowell@gmail.com,"Soliday Keith DDS",https://www.allchirowell.com,Gettysburg,Pennsylvania,Dentist
drmstrickler@comcast.net,"Littlestown Dental Associates",http://www.littlestowndental.com,Littlestown,Pennsylvania,Dentist
fewgoodmen007@hotmail.com,"Greene & Hart Family Dentistry",http://www.hanovergettysburgdental.com,Hanover,Pennsylvania,"Dental clinic"
singhsikander@hotmail.com,"Aesthetic Dental Arts PC",http://www.aestheticdentalarts.com,York,Pennsylvania,Dentist
drs.agapis@gmail.com,"York Sedation Dentists",http://www.yorksedationdentist.com,York,Pennsylvania,Dentist
drvince123@aol.com,"Freedom Dental Center",https://www.freedomdentalcenter.com,Ligonier,Pennsylvania,"Dental clinic"
abrahamandgill@gmail.com,"Abraham & Gill DMD LLC",http://www.abrahamandgillsmiles.com,Greensburg,Pennsylvania,"Paediatric Dentist"
drmarchionno@gmail.com,"Anthony Marchionno D.M.D.",https://www.anthonymarchionno.com,Greensburg,Pennsylvania,"Dental implants periodontist"
mvdental109@gmail.com,"Mountain View Dental Carl F. Hutcherson DMD MAGD MAAFO FICOI",http://www.mvdent.com,Greensburg,Pennsylvania,Dentist
kgportho@gmail.com,"LaRue Family Orthodontics",http://www.purvisortho.com,Greensburg,Pennsylvania,Orthodontist
demariafamilyorthodontics@comcast.net,"DeMaria Family Orthodontics",http://www.creatingstellarsmiles.com,Greensburg,Pennsylvania,Orthodontist
drdenard@comcast.net,"Dr. Marcel Denard",http://drdenard.com,Greensburg,Pennsylvania,Dentist
altierdental@outlook.com,"Aesthetic Family Dental Center",https://drfrankaltier.com,"Harrison City",Pennsylvania,Dentist
oakhilldental@hotmail.com,"Oak Hill Dental",https://oakhilldentalpa.com,Rillton,Pennsylvania,Dentist
holtwebdesignllc@gmail.com,"The Dental Implant Professionals",http://thedentalimplantprofessionals.com,Irwin,Pennsylvania,Dentist
primedentalpa@gmail.com,"Prime Dental",http://primedentalpa.com,"Mount Pleasant",Pennsylvania,Dentist
goldenmiledental@gmail.com,"Golden Mile Dental Center",http://goldenmiledentalcenter.com,Pittsburgh,Pennsylvania,Dentist
smilesforeverfamilydentistry@gmail.com,"Smiles Forever Family Dentistry",https://www.smilesforeverpgh.com,Pittsburgh,Pennsylvania,Dentist
412dental@gmail.com,"412 Dental",https://www.412dental.com,Monroeville,Pennsylvania,Dentist
lfonas0@gmail.com,"Dentists Forest Hills",https://www.lisafonasdmd.com,Pittsburgh,Pennsylvania,Dentist
wmlopez@hbgdental.comcastbiz.net,"Harrisburg Dental Health Associates",http://www.williamlopezdmd.com,Harrisburg,Pennsylvania,Dentist
yogiparikh999@gmail.com,"Uptown Family Dentistry",https://www.uptownfamilydentistryhbg.com,Harrisburg,Pennsylvania,"Dental clinic"
juanjoseab@gmail.com,"Ferguson Kevin DDS",http://www.hamiltonhealthcenter.com,Harrisburg,Pennsylvania,Dentist
rteramae@aol.com,"Teramae Robert R DDS",https://www.teramaedds.com,Harrisburg,Pennsylvania,Dentist
ksd4002@gmail.com,"Shirley & Ditty Family and Cosmetic Dentistry",http://www.itsallaboutyoursmile.com,Harrisburg,Pennsylvania,Dentist
cdgbashar@gmail.com,"Colonial Dental Group",http://www.cdgwellness.com,Harrisburg,Pennsylvania,Periodontist
paxtonfamilydental@gmail.com,"Paxton Family Dental",http://paxtonfamilydental.com,Harrisburg,Pennsylvania,Dentist
toothguys@gmail.com,"McElwee Family Dentistry",http://www.mcelweefamilydentistry.com,Enola,Pennsylvania,Dentists
rhooddds2013@gmail.com,"Rodney D. Hood D.D.S.",http://www.drrodneydhood.com,Harrisburg,Pennsylvania,"Dental implants periodontist"
smilenowfamilydental@gmail.com,"Smile Now Family Dental",http://www.smilenowfamilydental.com,Harrisburg,Pennsylvania,Dentist
higginsdentistry06@gmail.com,"Higgins Eric J DMD",http://www.higginsfamilydentistry.com,Harrisburg,Pennsylvania,Dentist
susdentjf@comcast.net,"Susquehanna Dental East",http://susquehannadentaleast.com,Harrisburg,Pennsylvania,Dentist
harrisburgareadentalsociety@gmail.com,"Harrisburg Area Dental Society",https://hads.org,Harrisburg,Pennsylvania,Dentist
gkleindds@gmail.com,"Klein Family Dentistry",https://www.kleinfamilydentistry.com,Harrisburg,Pennsylvania,Dentist
sauvedental@gmail.com,"Sauve Family Dentistry",http://www.sauvefamilydentistry.com,"Camp Hill",Pennsylvania,Dentist
hersheydental@gmail.com,"Hershey Dental Associates LLC",http://www.hersheydental.com,Hummelstown,Pennsylvania,"Dental clinic"
detwil@hotmail.com,"Clougherty Marianna DDS",http://www.eastshoredental.com,Harrisburg,Pennsylvania,"Cosmetic dentist"
pbmsdental@gmail.com,"Art of Dentistry: Peter R. Brown DMD",http://www.mechanicsburgdentistry.com,Mechanicsburg,Pennsylvania,Dentist
sselch@aol.com,"Selcher Dental",http://selcherdental.com,Middletown,Pennsylvania,Dentist
queensgatedental1@gmail.com,"Queensgate Family Dentistry",http://queensgatefamilydentistry.com,York,Pennsylvania,Dentist
healthysmiles@yahoo.com,"Roger Gibbon Dentist",https://rogergibbondentist.com,Lancaster,Pennsylvania,Dentist
dra2800@aol.com,"Ankita H. Desai DDS",http://hersheydentalgroup.com,Hershey,Pennsylvania,Dentist
pcd882000@yahoo.com,"Robert Hench",http://www.bobhench.pa.net,"New Bloomfield",Pennsylvania,Dentist
charlesanonye@comcast.net,"Heritage Dental Studio: Anonye Charles DDS",http://dentistofyorkpa.com,York,Pennsylvania,Dentist
brockiedentaldrz@gmail.com,"Brockie Dental",http://brockiedental.com,York,Pennsylvania,Dentist
drgbellpa@comcast.net,"York Dental Sleep Therapy",http://sleepapneahallam.com,Hallam,Pennsylvania,"Dental clinic"
hpmeyers-cpoms@comcast.net,"Central PA Oral & Maxillofacial Surgeons",http://www.centralpa-cpoms.com,Mechanicsburg,Pennsylvania,"Oral Surgeons"
esnepa@gmail.com,"Endodontic Specialists of NEPA - Pranav Vohra D.M.D.",http://www.neparootcanal.com,"Hazle Township",Pennsylvania,Endodontist
denturefairy@hotmail.com,"Shen Linda DDS",http://www.shensmiles.net,Drums,Pennsylvania,Dentist
hjzfamilydentistry@gmail.com,"Zielinski Family Dentistry",http://hjzdental.com,Plains,Pennsylvania,Dentist
centurydentaldf@outlook.com,"Century Dental Scranton",http://centurydentalsmiles.com,Scranton,Pennsylvania,Dentist
biscottinorth@gmail.com,"Thomas J Biscotti DMD",https://www.drbiscotti.com,"Mountain Top",Pennsylvania,Dentist
dentechaux@gmail.com,"Den-Tech Auxiliaries",https://dentechaux.com,"Jim Thorpe",Pennsylvania,Dentist
pittellidental@aol.com,"Anthony F Pittelli DMD",http://pittellidental.com,Kingston,Pennsylvania,Dentist
thesewoods@aol.com,"Allen G Woods DMD Dental",http://www.allenwoodsdental.com,Kingston,Pennsylvania,Dentist
drpaczewski@comcast.net,"DR. TODD PACZEWSKI",http://www.ourbestsmiles.com,Wilkes-Barre,Pennsylvania,Dentist
modernsmiledentistry@gmail.com,"Modern Smile",http://modernsmiledentistry.com,Hazleton,Pennsylvania,Dentist
shemodental@aol.com,"David M. Shemo D.M.D.",http://www.drdavidshemo.com,Wilkes-Barre,Pennsylvania,Dentist
jtfamilydentistry@gmail.com,"Jim Thorpe Family Dentistry",http://www.jimthorpefamilydentistry.com,"Jim Thorpe",Pennsylvania,Dentist
lf233dentistry@gmail.com,"Lehighton Family Dentistry",https://lehightondentistry.com,Lehighton,Pennsylvania,Dentist
drwmessersmith@gmail.com,"Messersmith Keller & Sicher Family Dentistry",http://www.drbilldmd.com,Kutztown,Pennsylvania,"Cosmetic dentist"
pottsvilledental@comcast.net,"Pottsville Dental Center",http://pottsville-center.jany.io,Pottsville,Pennsylvania,"Dental clinic"
hlinn060@gmail.com,"Linn Orthodontics",http://www.bracesbylinnpa.com,Berwick,Pennsylvania,Dentist
westsidedental489@gmail.com,"Dental Office",http://westsidedentalworks.com,Kingston,Pennsylvania,"Dental clinic"
drtoddsmileon@comcast.net,"Kresge Ronald R Dentist",https://www.drtoddsmileon.com,Kingston,Pennsylvania,Dentist
wesdds1036@comcast.net,"Wesley R. Davis DDS",https://www.wesdavisdds.com,Hershey,Pennsylvania,Dentist
eastchocolatedental@gmail.com,"East Chocolate Dental",http://www.eastchocolatedental.net,Hershey,Pennsylvania,"Dental clinic"
mosesbraces@gmail.com,"Smiles By Moses Orthodontics: Richard J Moses III DMD PC",http://www.smilesbymoses.com,Hershey,Pennsylvania,Orthodontist
hummelstowndentistry@gmail.com,"Hummelstown Dentistry",https://www.hummelstowndentistry.com,Hummelstown,Pennsylvania,Dentist
cramerorthodontics@comcast.net,"Rick Cramer DDS MS Orthodontist",http://cramerortho.com,Hershey,Pennsylvania,Orthodontist
dr.moses@hotmail.com,"Terry J. Moses D.M.D.",http://terryjmosesdmd.weebly.com,Palmyra,Pennsylvania,Dentist
calverttree@gmail.com,"Swetter Russell P DDS",https://calverttree.wixsite.com,Clifford,Pennsylvania,Dentist
painlessdentalconsulting@gmail.com,"Brown Charles B DDS",https://painless-dental-consulting.ueniweb.com,Carbondale,Pennsylvania,Dentist
kstampiendental@gmail.com,"Kimberly R Stampien DMD",https://www.kimberlyrstampiendmd.com,Scranton,Pennsylvania,Dentist
umerich77@gmail.com,"Michael J Umerich DMD",http://umerichdentistry.com,"Dickson City",Pennsylvania,Dentist
drteeth2@comcast.net,"Cimini John DMD",http://www.drjohncimini.com,Blakely,Pennsylvania,Dentist
abingtoncenter@gmail.com,"Abington Center",https://www.abingtoncenter.com,"Clarks Summit",Pennsylvania,Dentist
stephenrebardds@gmail.com,"DR. RYAN REBAR",https://www.rebardental.com,Olyphant,Pennsylvania,Dentist
aestheticfamilydental@gmail.com,"Aesthetic Family Dental: Dr. Michael Hansen",http://www.aestheticfamilydentalcenter.com,"Harrison City",Pennsylvania,Dentist
barrionuevoc51@yahoo.com,"Mondock David J DDS",https://www.roofingcontractorpittsburghpa.com,Youngwood,Pennsylvania,Dentist
penncenterdzubandental@hotmail.com,"Dr. David P. Dzuban DDS",http://www.dzubandental.com,Pittsburgh,Pennsylvania,Dentist
suherdental@hotmail.com,"Elite Dentistry of Monroeville (formerly Dr Larry Suher & Assoc)",https://www.elitedentistrymonroeville.com,"Ste LI",Pennsylvania,Dentist
101orthodontics@gmail.com,"Richard M Newton DDS",http://101dental.com,Nesquehoning,Pennsylvania,"Dental implants periodontist"
percoskydental@gmail.com,"Kathy Percosky DDS MBA MHA PC",http://www.drkathypercoskysgentledentistry.com,Johnstown,Pennsylvania,Dentist
rrobbinsortho@gmail.com,"Robbins Orthodontics",http://www.rrobbinsortho.com,Johnstown,Pennsylvania,Dentist
mooredentistry111@gmail.com,"Dr. James C. Moore DMD",https://www.mooredentistryjohnstown.com,Johnstown,Pennsylvania,Dentist
emfdindiana@gmail.com,"East Market Family Dental PLLC",http://www.emfamilydental.com,Indiana,Pennsylvania,Dentist
drstachowicz@hotmail.com,"Dr. Ray Norman Wise",http://www.lebdental.com,Lebanon,Pennsylvania,Dentists
brightersmilesdental@gmail.com,"Brighter Smiles Family Dental",https://www.brightersmilesfamilydental.com,Lebanon,Pennsylvania,Dentist
cornwallfamilydentistry@gmail.com,"Cornwall Family Dentistry",https://www.cornwallfd.com,Lebanon,Pennsylvania,Dentist
kaila.arnold@gmail.com,"5th Avenue Dental",http://www.5thavenuedental.com,Lebanon,Pennsylvania,Dentist
advanceddenturecarecenter@yahoo.com,"Advanced Denture Care",http://advanceddenturecarecenter.com,Lebanon,Pennsylvania,"Denture Care Centre"
gvdental93@gmail.com,"Green Valley Dental",http://www.gvdentalfamily.com,Robesonia,Pennsylvania,Dentist
jatoothy@yahoo.com,"Asuncion Dental",https://www.asunciondentalmtjoy.com,"Mount Joy",Pennsylvania,Dentist
mjpfamilydental@gmail.com,"MJP Family Dental- Dr. Katz DMD",https://www.mjpfamilydental.com,"Mount Joy",Pennsylvania,Dentist
oakcrestsmiles@gmail.com,"Oakcrest Esthetic Dentistry",http://oakcrestsmiles.com,Lititz,Pennsylvania,"General dentist"
michael.bandbassociates@gmail.com,"Benko & Benko Associates",http://www.benkodental.com,Middletown,Pennsylvania,Dentist
cfdental@gmail.com,"Centerville Family Dental.",https://www.cenfamdental.com,Lancaster,Pennsylvania,Dentist
feddockfamilydentistry@comcast.net,"Feddock Family Dentistry - Todd J. Feddock DMD -",http://www.toddjfeddock.com,Lancaster,Pennsylvania,Dentist
readingfamilydentalcenter@gmail.com,"Reading Family Dental Center",http://readingfamilydentalcenter.net,Wyomissing,Pennsylvania,Dentist
penncom202@comcast.net,"Penn's Commons Dental Group",https://www.pennscommonsdental.com,Wyomissing,Pennsylvania,"Cosmetic Dentist"
nusmilefamilydentistry@gmail.com,"Nu Smile Family Dentistry",http://nusmilepa.com,Lancaster,Pennsylvania,"Dental clinic"
gdfamilydentistry@hotmail.com,"Gurski & D'agostino Family Dentistry",http://www.berksfamilydentistry.com,Reading,Pennsylvania,"Cosmetic Dentist"
annettek1901@gmail.com,"Dental Health Services",https://www.dhswyomissing.com,Wyomissing,Pennsylvania,Dentist
wfdc.patty@yahoo.com,"Willowood Dental",https://www.willowooddental.com,Levittown,Pennsylvania,Dentist
lfdawork@gmail.com,"Levittown Family Dental Associates",https://levittownfamilydental.com,Levittown,Pennsylvania,Dentist
bcperio@gmail.com,"Bensalem Dental Group",http://bensalemdentalgroup.com,Bensalem,Pennsylvania,"Cosmetic dentist"
levittown-dentist@hotmail.com,"New Falls Family Dentistry",https://www.levittown-dentist.com,Levittown,Pennsylvania,Dentist
dralper@comcast.net,"Cheryl Alper DMD",http://www.drcherylalperdmd.com,Levittown,Pennsylvania,Dentist
lakesidedentist@aol.com,"Lakeside Family Dentist",http://lakesidefamilydentist.godaddysites.com,Levittown,Pennsylvania,Dentist
oxfordden1@aol.com,"Oxford Crossing Family & Cosmetic Dentistry",http://www.oxfordcrossingdentists.com,"Fairless Hills",Pennsylvania,Dentist
oxfordlaserdentistry@gmail.com,"Oxford Laser Dentistry Dr Bharat a shah dds",http://oxfordlaserdentistry.com,Langhorne,Pennsylvania,"Dental clinic"
thefamilydentist@thefamilydentist.comcastbiz.net,"The Family Dentist",http://www.drmathurfamilydentist.com,"Fairless Hills",Pennsylvania,"Emergency dental service"
tranquilitydentalcare1@gmail.com,"General & Implant Dentistry",https://tranquilitydentalcare.com,Langhorne,Pennsylvania,Dentist
gracesbraces@protonmail.com,"Graces Braces",https://rxw167.wixsite.com,Levittown,Pennsylvania,Orthodontist
endolimited1@comcast.net,"Buck Jared T DDS",http://www.endodonticslimitedpc.com,Langhorne,Pennsylvania,Dentist
seethetopdoc@gmail.com,"Jeffrey N Goldstein DDS",http://thetopdocdmd.com,Penndel,Pennsylvania,Dentist
buckscountysmiles@gmail.com,"Bucks County Smiles",http://www.buckscountysmiles.com,Yardley,Pennsylvania,Dentist
allrightdental@yahoo.com,"ALLRIGHT DENTAL",http://www.allrightdental.com,Morrisville,Pennsylvania,Dentist
jkdental415@gmail.com,"Cornerstone Dental",http://www.cornerstonedentalpa.com,Yardley,Pennsylvania,Dentist
kaloch12@comcast.net,"Jennifer J. Kalochie DMD P.C.",https://www.kalochiesmiles.com,Yardley,Pennsylvania,Dentist
bristodental1@gmail.com,"Bristol Dental Group",http://www.bristol-dentalgroup.com,Bristol,Pennsylvania,"Dental clinic"
glamourwhitesmile@gmail.com,"Dental Implant and Periodontal Surgeons P.C.",http://glamourwhitesmile.com,Morrisville,Pennsylvania,Dentist
asmilespc@gmail.com,"ADVANCED SMILES PC",http://advancedsmilespc.com,Croydon,Pennsylvania,"Cosmetic dentist"
drdrewshulman@comcast.net,"Drew A. Shulman DMD MAGD",https://www.cosmeticdentistphiladelphia.com,Philadelphia,Pennsylvania,Dentist
willowooddental@gmail.com,"Dentist Levit Townpa",http://www.dentistlevittownpa.com,Levittown,Pennsylvania,Dentist
drb4kids@gmail.com,"Bechtloff Russel T DDS",http://www.drb4kids.com,Langhorne,Pennsylvania,"Paediatric Dentist"
thedoc2121@gmail.com,"Big Oak Family Dentistry",http://www.bigoakfamilydentistry.com,Morrisville,Pennsylvania,"Dental clinic"
idealsmile3200@gmail.com,"Ideal Smile Dental - Bensalem",https://www.createidealsmile.com,Bensalem,Pennsylvania,"Dental clinic"
504kids@comcast.net,"Newtown Dentistry for Adults",https://homefordentalcare.com,Newtown,Pennsylvania,Dentist
alwaysgentledental@gmail.com,"Always Genial Dental",https://alwaysgenialdental.com,Langhorne,Pennsylvania,Dentist
thedentistsofnewtown@gmail.com,"The Dentists of Newtown",https://dentistsofnewtown.com,Newtown,Pennsylvania,Dentist
dr.daniels@comcast.net,"Family & Cosmetic Dentistry",http://robertdanielsdmd.com,"Feasterville Trevose",Pennsylvania,Dentist
drpauldmd1@gmail.com,"Feasterville Family Dentistry",http://feastervillefamilydentistry.com,Feasterville-Trevose,Pennsylvania,Dentist
weinerdental@gmail.com,"Weiner Dental",https://weinerdental.com,Philadelphia,Pennsylvania,Dentist
jchecchiodds@comcast.net,"Comprehensive Dental Care",https://comprehensivedentalcare.com,Bensalem,Pennsylvania,Dentist
gnackdds@gmail.com,"Gary Nack DDS",https://gnackdds.com,Holland,Pennsylvania,Dentist
meshreeddds@comcast.net,"Meshkov-Reed Dental Association PC",http://www.meshkovreed.com,Philadelphia,Pennsylvania,"General Dentistry"
compdentcare1@gmail.com,"Joseph A Checchio DDS - Comprehensive Dental Care",http://www.josephchecchiodds.com,Newtown,Pennsylvania,Dentist
warminster.dental@comcast.net,"Warminster Dental Associates",https://www.warminsterdental.com,Warminster,Pennsylvania,Dentist
drdavecurtis@gmail.com,"David R Curtis DMD",http://www.drdavidcurtis.com,"State College",Pennsylvania,Dentist
212kenleedental@gmail.com,"Nicole Carnicella DMD",https://centredentalcare.com,Bellefonte,Pennsylvania,Dentist
cccdentalclinic@gmail.com,"Clinton County Community Dental Clinic",http://www.clintoncountyinfo.com,"Mill Hall",Pennsylvania,"Dental clinic"
gauntfamilydentistry@comcast.net,"Jay R Gaunt DDS",http://www.gauntfamilydentistry.com,Avis,Pennsylvania,"Dental clinic"
digiallorenzo@aol.com,"Lanap & Implant Center of Pennsylvania",https://perioimplants.us,"South Williamsport",Pennsylvania,Periodontist
hayesortho@comcast.net,"Hayes & Hayes LLC",https://hayesandhayesortho.com,Williamsport,Pennsylvania,Orthodontist
rhfdds@comcast.net,"Robert H. Fredrickson DDS",http://roberthfredricksondds.com,Williamsport,Pennsylvania,Dentist
smilesonbridgetown@gmail.com,"Arnold Pfannenstiel DDS",http://www.buckscountydentist.com,"Feasterville Trevose",Pennsylvania,Dentist
viktorydental@aol.com,"Dr. Olga Lipskaya",http://www.viktorydental.com,Feasterville-Trevose,Pennsylvania,Dentist
dentalsmile16@yahoo.com,"Smile Maker",http://www.smilemakerpa.com,Philadelphia,Pennsylvania,Dentist
2ndstreetdental@gmail.com,"2nd Street Pike Family Dental",http://www.secondstreetpikedental.com,Southampton,Pennsylvania,"Dental clinic"
dannindental@yahoo.com,"Dr. Steven L. Dannin DDS",http://www.dannindental.com,Holland,Pennsylvania,Dentist
patrick.falcojr@gmail.com,"Myriam Cerezo DMD Pediatric Dentist",http://www.smiling-kids.com,Holland,Pennsylvania,"Paediatric Dentist"
irina19116@gmail.com,"Modern Dentistry and Cosmetology Center",http://moderndentistrypa.com,Philadelphia,Pennsylvania,Dentist
drhabbel@hotmail.com,"Dr. Harry Habbel DDS",https://www.drhabbel.com,Southampton,Pennsylvania,Dentist
drbrock47@aol.com,"Bensalem Family Dentistry",http://www.bensalemdentistry.com,Bensalem,Pennsylvania,Dentist
drbarrywills@gmail.com,"Wills Barry DDS",http://www.drbarrywills.com,Philadelphia,Pennsylvania,Dentist
rdhomeinteriors@gmail.com,"Cornerstone Dental",http://cornerstonedir.com,"Huntingdon Valley",Pennsylvania,"Dental clinic"
bustletondentex@gmail.com,"Dr. Margarita Levites DDS",http://www.dentexgroup.com,Philadelphia,Pennsylvania,Dentist
davincidentals@gmail.com,"Da Vinci Dental Specialists Philadelphia",http://davincidentals.com,Philadelphia,Pennsylvania,"Dental implants periodontist"
toothdr5080@gmail.com,"Family & Cosmetic Dentistry: Rosen Scott J DMD",http://www.drscottjrosen.com,Richboro,Pennsylvania,Dentist
appelorthodontics@gmail.com,"Appel Orthodontics",https://appelortho.com,Philadelphia,Pennsylvania,Orthodontist
trevosedental@aol.com,"Dr. Michael Kenneth Kaner",http://www.trevosedental.com,"Feasterville Trevose",Pennsylvania,Dentist
dr.lazlo@hotmail.com,"Janet L Lazarus DMD",http://janetlazarusdentistry.com,McKeesport,Pennsylvania,Dentist
rose_piovesan@yahoo.com,"Piovesan Patrick J DDS",http://www.drpiovesan.com,"White Oak",Pennsylvania,Dentist
diasfamilydentistry@gmail.com,"Dias Family Dentistry",http://www.diasfamilydentistry.com,McKeesport,Pennsylvania,"Dental clinic"
smoovsautodetailing@gmail.com,"West Mifflin Dentist",https://workingharder.ecwid.com,"West Mifflin",Pennsylvania,Dentist
air@gmail.com,"Urgent Denture Repair LLC",http://urgentdenturerepair.com,McKeesport,Pennsylvania,"Denture Care Centre"
newyoudental1@yahoo.com,"New You Dental LLC",https://newyoudentalllc.com,Dravosburg,Pennsylvania,"Oral surgeon"
drdannygrey@gmail.com,"Grey & Associates Family Dentistry",http://www.pittsburghdental.net,"West Mifflin",Pennsylvania,Dentist
meliberatidds@comcast.net,"Mark Liberati DDS",https://www.liberatidds.com,Homestead,Pennsylvania,Dentists
premierfdbaldwin@gmail.com,"Premier Family Dentistry",https://www.premierfamilydentistryofpittsburgh.com,Pittsburgh,Pennsylvania,Dentist
drjoedalesio@comcast.net,"Steel Valley Smiles",http://www.steelvalleysmiles.com,Munhall,Pennsylvania,"General Dentistry"
craighend@aol.com,"Henderson Dental",http://www.craigbhendersondmd.com,Pittsburgh,Pennsylvania,Dentist
mcmurraydental1@gmail.com,"Manalo Family Dentistry",http://www.mcmurray-manalodental.com,"Bethel Park",Pennsylvania,Dentist
smileo@msn.com,"W B Boak DDS",http://www.fivestardentistrypittsburgh.com,Pittsburgh,Pennsylvania,"Cosmetic Dentist"
jcmeluccidds@comcast.net,"John C Melucci DDS",http://www.meluccidds.com,"Castle Shannon",Pennsylvania,Dentist
elevatedois@comcast.net,"Hess Dental",http://www.elevatedoralsurgery.com,"Castle Shannon",Pennsylvania,Dentist
manalosmiles@aol.com,"88 Dental",https://www.manalosmiles.com,Pittsburgh,Pennsylvania,Dentist
mcicchini@comcast.net,"Cicchini Dental",http://cicchinidental.com,Pittsburgh,Pennsylvania,Dentist
jamie.nutradentist@gmail.com,NutraDentist,https://www.nutradentist.com,"Bethel Park",Pennsylvania,Dentist
oaklandaestheticdentistry@gmail.com,"Oakland Aesthetic Dentistry",https://www.oaklandaestheticdentistry.com,Pittsburgh,Pennsylvania,Dentist
gentledentalcarepgh@gmail.com,"Gentle Dental Care",http://www.pittsburghpennsylvaniadentist.com,Pittsburgh,Pennsylvania,Dentist
thomasfamilydental1@gmail.com,"Thomas Family Dental",http://www.thomasfamilydental.net,Finleyville,Pennsylvania,Dentist
kaurdentalpgh@gmail.com,"Seneca Dental Center",https://kaurdentalpgh.com,Verona,Pennsylvania,Dentist
drbettyjo@comcast.net,"Betty J. Hirschfield Louik DMD",http://www.uptown.dental,Pittsburgh,Pennsylvania,Dentist
drvoller@comcast.com,"Voller Dentistry",https://www.vollersmiles.com,Pittsburgh,Pennsylvania,Dentist
rsoxman@aol.com,"Defazio Robert DMD PC",http://defaziodental.com,Aspinwall,Pennsylvania,Dentist
dormontdental@gmail.com,"Dormont Dental",http://www.dormontdental.com,Pittsburgh,Pennsylvania,Dentist
pfdofpgh@gmail.com,"Premier Family Dentistry",https://www.pfdofpgh.com,Pittsburgh,Pennsylvania,Dentist
smartsmilefamilydentistry@gmail.com,"Smart Smile Family Dentistry",http://plumdentist.com,Plum,Pennsylvania,Dentist
selectdental@hotmail.com,"Select Dental LLC",https://www.select-dental.com,Pittsburgh,Pennsylvania,"General Dentistry"
hartledental@gmail.com,"Ryan T Hartle DMD",http://www.hartledental.com,Franklin,Pennsylvania,Dentist
drspadafora@yahoo.com,"Dale F. Spadafora DMD MAGD",http://www.drspadafora.com,Hermitage,Pennsylvania,Dentist
thomasdentistry2@gmail.com,"Thomas Family Dentistry",https://www.shenangovalleydentist.com,Hermitage,Pennsylvania,"Cosmetic dentist"
lombardismiles@gmail.com,"Donald R Mccamant DMD",http://www.lombardismiles.com,Sharpsville,Pennsylvania,Dentist
dentalartsofpittsburgh@hotmail.com,"Dental Arts of Pittsburgh - Paulette Paulin D.M.D.",http://dentalartsofpittsburgh.com,Pittsburgh,Pennsylvania,Dentist
gloyacona@gmail.com,"Gerald T Loyacona DMD",http://www.loyaconaortho.com,Pittsburgh,Pennsylvania,Dentist
npearceorthodontics@gmail.com,"Nandita Pearce DMDMSMSD",http://www.pearceorthodontics.com,Pittsburgh,Pennsylvania,Dentist
drgarylib@gmail.com,"Dr. Gary R. Liberati DMD",https://www.liberatidentistry.com,Pittsburgh,Pennsylvania,Dentist
whitakerdentist@gmail.com,"Complete Dental Care",http://www.whitakerdentalcare.com,Homestead,Pennsylvania,Dentist
laruefamilydental@gmail.com,"Larue Family Dental",https://laruefamilydental.com,Pittsburgh,Pennsylvania,Dentist
monahandds4760@gmail.com,"Bloomfield Dental - Dana M. Monahan DDS LLC",http://www.drdanamonahan.com,Pittsburgh,Pennsylvania,Dentist
drteradepaoli@gmail.com,"DePaoli Dentistry",http://depaoli-dentistry.com,Aspinwall,Pennsylvania,Dentist
stephenmmiller663@gmail.com,"Stephen M. Miller",https://www.stephenmmiller.com,Pittsburgh,Pennsylvania,Dentist
ortho750@gmail.com,"Karnavas Orthodontics",https://gentlebraces.com,Oakmont,Pennsylvania,Orthodontist
drlawrencedental1@gmail.com,"Lawrence Dental Group",https://www.drlawrencedental.com,Kingston,Pennsylvania,Dentist
cbrcdent@comcast.net,"Coslett Richard",http://www.brandcoslettfamilydentistry.com,Shavertown,Pennsylvania,"Dental clinic"
braceplace@comcast.net,"Brace Place Orthodontics",http://braceplaceorthodontics.com,"Forty Fort",Pennsylvania,Orthodontist
docmendel@yahoo.com,"George J Mendel DMD",https://www.georgejmendel.com,"New Castle",Pennsylvania,Dentist
newcastleendo@comcast.net,"Dr. Patrick N. Boyle DMD",https://www.newcastleendodontics.com,"New Castle",Pennsylvania,Dentist
pjhdmd64@gmail.com,"Joseph Family Dental",http://josephfamilydental.net,"New Castle",Pennsylvania,Dentist
dmzjr51@gmail.com,"Keelan Dental",https://www.keelandentalbutlerpa.com,Butler,Pennsylvania,Dentist
avalonorthodontics@gmail.com,"Dahar Richard J DDS",http://www.smilesbydahar.com,Zelienople,Pennsylvania,Dentist
brianpatsytaylor@comcast.net,"Taylor Made Smiles",http://www.taylormadesmiles.biz,"New Kensington",Pennsylvania,Dentist
ufloss3@gmail.com,"Dennis L Co DDS",https://www.oakmontfamilydentistry.com,Oakmont,Pennsylvania,"Dental hygienist"
vpaul3818@gmail.com,"Valerie E Paul DMD",http://dentistrybyvalerie.com,"Natrona Heights",Pennsylvania,Dentist
rivervuedental6@gmail.com,"Rivervue Dental",http://www.rivervuedentaloakmont.com,Oakmont,Pennsylvania,Dentists
drmock315@gmail.com,"David Mock DMD",http://www.drmock.net,Springdale,Pennsylvania,Dentist
carpdmd1325@gmail.com,"Carp Dental",https://www.carpdental.com,Norristown,Pennsylvania,Dentist
topdentalinc@gmail.com,"Top Dental - Dr. Yasaman Kamali",http://www.topdentalinc.com,Norristown,Pennsylvania,Dentist
ryanbaekdental@hotmail.com,"Ryan Baek Dental",http://www.ryanbaekdental.com,Norristown,Pennsylvania,Dentist
smorrisdmd22@comcast.net,"Scott J Morris D.M.D. - Family & Cosmetic Dentistry",https://www.scottjmorrisdmd.com,Norristown,Pennsylvania,Dentist
ddgroup299@gmail.com,"Designer Dental Group- Aakash Mudaliar DMD",http://www.ddg299.com,"East Norriton",Pennsylvania,Dentist
wahlersfamilydentistry@gmail.com,"Wahlers Family Dentistry",http://www.wahlersfamilydentistry.com,Norristown,Pennsylvania,"Cosmetic dentist"
albandar.dental@gmail.com,"Albandar Dental",http://www.albandar-dental.com,Norristown,Pennsylvania,"Dental clinic"
bluebelldental@gmail.com,"Blue Bell Dental Associates",http://bluebelldental.com,"Blue Bell",Pennsylvania,Dentist
valleydellvintage@gmail.com,"Dr. Eric Paster",http://www.theroyersforddentist.com,Royersford,Pennsylvania,Dentist
ajh2thdoc@comcast.net,"Allan J. Horowitz DMD",http://www.allanjhorowitzdmd.com,"King of Prussia",Pennsylvania,Dentist
bluebelldentists@gmail.com,"Blue Bell Family Dentistry",http://www.bluebelldentist.com,"Blue Bell",Pennsylvania,Dentist
dr.baldassano@gmail.com,"Dr. William V. Baldassano DMD",http://drbaldassano.com,"Blue Bell",Pennsylvania,Dentist
egyptroaddental@gmail.com,"Egypt Road Dental Associates",http://www.egyptroaddental.com,Eagleville,Pennsylvania,Dentist
cfddrs3140@yahoo.com,"Dr. Linh Nguyen DDS",https://www.cosmeticfamilydentistrypa.com,Eagleville,Pennsylvania,Dentist
nycetolleylorenzo@yahoo.com,"Tolley & Lorenzo Family Dentistry",http://www.nycetolleylorenzo.com,Lansdale,Pennsylvania,Dentist
a1dental@aol.com,"A-One Dental Care",http://a1dentalcare.wordpress.com,Norristown,Pennsylvania,Dentist
creativedentalpc@gmail.com,"Creative Dental",http://www.creativedentalpa.com,"Blue Bell",Pennsylvania,Dentist
jreese1201@gmail.com,"James D. Reese DMD PC",http://www.conshohockendentist.com,Conshohocken,Pennsylvania,Dentist
harmonydentalhealth@gmail.com,"Harmony Dental Health",http://www.harmonydentalhealth.com,"Fort Washington",Pennsylvania,Dentist
gentle-dentist@comcast.net,"The Gentle Dentist",https://www.collegevillegentledentist.com,Trappe,Pennsylvania,Dentist
levybrunodental@yahoo.com,"Levy and Bruno Family Dentistry",http://levybrunodental.weebly.com,Lansdale,Pennsylvania,Dentist
lafayettehillfamilydentistry@gmail.com,"Lafayette Hill Family Dentistry",https://lafayettehilldental.com,"Lafayette Hill",Pennsylvania,Dentist
serangdental@gmail.com,"Serang Dental Associates",https://serangdentalassociates.com,Philadelphia,Pennsylvania,Dentist
aonepro.cred@gmail.com,"Best Dental Care PC",http://www.bestdentalcare.net,"North Wales",Pennsylvania,Dentist
dentalteam6@yahoo.com,"Dental Team",https://dentalteam.net,Philadelphia,Pennsylvania,Dentist
kmarjana@gmail.com,"Esthetic Dental Care",http://estheticdentalcareofcollegeville.com,Collegeville,Pennsylvania,Dentist
chinhdo@gmail.com,"Dr. Nhat-Khai Nguyen Do",http://www.kimbertondental.com,Phoenixville,Pennsylvania,"Cosmetic dentist"
afamdentistry@gmail.com,"A Family & Cosmetic Dentistry",http://abdelkaderdds.com,Philadelphia,Pennsylvania,Dentist
lakeviewdentalpc@outlook.com,"Lakeview Dental Horsham",http://www.mylakeviewsmile.com,Horsham,Pennsylvania,Dentist
mainlinedental@aol.com,"Main Line Dental Health Associates",https://www.mainlinedentistry.com,Wynnewood,Pennsylvania,Dentist
ogontzdental@aol.com,"Ogontz Dental Center",http://www.ogontzdental.com,Philadelphia,Pennsylvania,Dentist
lenkerdental@gmail.com,"Lenker Dental",http://www.lenkerdental.com,Paoli,Pennsylvania,Dentist
bloomingsmilesdental@comcast.net,"Blooming Smiles Dental",http://bloomingsmilesdentalpa.com,Lansdale,Pennsylvania,Dentist
bradfordplasha@gmail.com,"The Dental Spot",http://thedentalspotpa.com,Collegeville,Pennsylvania,Dentist
championdentistry@yahoo.com,"Champion Dentistry",https://championdentistry.org,Philadelphia,Pennsylvania,Dentist
bersondental@yahoo.com,"Berson Dental Health Care",http://bersondental.com,"Bala Cynwyd",Pennsylvania,"Cosmetic Dentist"
advdentistry@gmail.com,"Advanced Dentistry",http://advanceddentistry.com,Philadelphia,Pennsylvania,Dentist
lexdentist686@gmail.com,"Advanced Dental Arts",http://advanceddentalartsnyc.com,Wayne,Pennsylvania,Dentist
guptondds@gmail.com,"Fort Washington Dental Lab",http://www.sallyguptonortho.com,"Fort Washington",Pennsylvania,Orthodontist
endodudes@aol.com,"Endodontic Specialists PC",https://endodonticspecialists.com,Wayne,Pennsylvania,Endodontist
svdental@comcast.net,"Vila Carlos E DDS",http://www.svdental.com,Paoli,Pennsylvania,Dentist
straight-teeth@comcast.net,"Moore Orthodontics",https://moore-orthodontics.com,Philadelphia,Pennsylvania,Orthodontist
karthik6677@gmail.com,"PAUL GILMORE",http://audubonfamilydental.com,Audubon,Pennsylvania,Dentist
somersdentistry.om@gmail.com,"Somers Dentistry LLC",https://somersdentistry.com,Seneca,Pennsylvania,"General Dentistry"
pattiswest@comcast.net,"Clarion Dental Care",https://clariondentalcare.com,Clarion,Pennsylvania,Dentist
swartdentistry@gmail.com,"Dr. Aletta Swart DMD Gentle Family Dentistry",https://www.swartdentistry.com,Butler,Pennsylvania,Dentist
pearldentistryb@gmail.com,"Pearl Dentistry of Butler",https://www.dentistbutler.com,Butler,Pennsylvania,Dentist
philadelphiadentalassociates@gmail.com,"Philadelphia Dental Associates",https://www.philadelphiadentalassociates.com,Philadelphia,Pennsylvania,Dentist
cornerdentistryphilly@gmail.com,"Corner Dentistry",http://www.cornerdentistryphilly.com,Philadelphia,Pennsylvania,"Dental clinic"
dentalspaphilly@gmail.com,"The Dental Spa - Philadelphia",http://www.phillydentalspa.com,Philadelphia,Pennsylvania,"Cosmetic dentist"
2020dentistry@gmail.com,"20/20 dentistry",https://www.2020-dentistry.com,Philadelphia,Pennsylvania,Dentist
yurovskydental@gmail.com,"Dr. Renee Yurovsky DDS",https://www.yurovskydental.com,Philadelphia,Pennsylvania,Dentist
citylineorthopedo@gmail.com,"Childrens Dentistry",http://www.drsolow.com,Philadelphia,Pennsylvania,"Paediatric Dentist"
fbadineva@gmail.com,"Esthetique Dental Group",https://www.esthetiquedentalgrouppc.com,Philadelphia,Pennsylvania,Dentist
smilesatthesquare@gmail.com,"DR Nancy Harris",http://nancyharrisdmd.com,Philadelphia,Pennsylvania,Dentist
dr.gerald_regni@yahoo.com,"Dr. Gerald Regni DMD",https://www.philly-dentist.com,Philadelphia,Pennsylvania,Dentist
rosielopez11@gmail.com,"Love Dental",http://lovedentalphilly.com,Philadelphia,Pennsylvania,Dentist
tecoskydental@gmail.com,"David A. Tecosky DMD",http://tecoskydmd.com,Philadelphia,Pennsylvania,Dentist
drmestichelli@gmail.com,"Mestichelli Barnes Dental Associates",http://www.southbroaddental.com,Philadelphia,Pennsylvania,"Dental clinic"
alfredo592@outlook.com,"West Park Dental",http://alfredoalexanderbrightsmiles.com,Philadelphia,Pennsylvania,Dentist
wanselandgretal@gmail.com,"Prestige Dental",http://www.prestigedentalphilly.com,Philadelphia,Pennsylvania,Dentist
sonrisa210@comcast.net,"Sonrisa Old City Dental",http://www.sonrisaoldcitydentalarts.com,Philadelphia,Pennsylvania,Dentist
drchaedental@gmail.com,"Jae Chae DMD",http://www.drchaedental.com,Philadelphia,Pennsylvania,Dentist
462-6229aftondental@gmail.com,"Zalavadia Nikunj DDS",http://www.aftondental.com,Philadelphia,Pennsylvania,Dentist
youngsmilesphilly@gmail.com,"Young Smiles Family Dentistry",http://www.youngsmilesphilly.com,Philadelphia,Pennsylvania,Dentist
southphillydental@gmail.com,"South Philadelphia Dental Associates: Hong Steve DDS",https://www.southphillydental.net,Philadelphia,Pennsylvania,Dentist
aramingodental@yahoo.com,"Aramingo Family Dentistry",http://aramingodentist.com,Philadelphia,Pennsylvania,Dentist
frankfordc@aol.com,"Frankford Dental Care",https://frankforddentalcare.com,Philadelphia,Pennsylvania,Dentist
patients5201@comcast.net,"Irvin Debra V DDS",http://www.debrairvin.com,Philadelphia,Pennsylvania,"Dental clinic"
morrierosen@comcast.net,"Kaiser & Rosen Dental Associates",http://www.kaiserrosendental.com,Philadelphia,Pennsylvania,"Dental implants periodontist"
andorradental@gmail.com,"Andorra Family Dentistry",https://www.andorradental.com,Philadelphia,Pennsylvania,Dentist
wipss@aol.com,"Williams Edward D Dr",http://www.dentalimplantsreconstruction.com,Philadelphia,Pennsylvania,"Dental clinic"
drjosephbreitman@aol.com,"Prosthodontics Limited PC",https://www.prosthodonticslimitedpc.com,Philadelphia,Pennsylvania,Dentist
everestdentalwz@gmail.com,"Everest Dental LLC",http://everestdentalwz.com,Philadelphia,Pennsylvania,Dentist
ykumardental@gmail.com,"Yashodhara Kumar DMD FAGD",http://www.kumardentalpa.com,Philadelphia,Pennsylvania,Dentist
jmillandental@gmail.com,"Jerome L. Millan D.M.D.",https://www.millandental.com,Philadelphia,Pennsylvania,Dentist
denise0904@aol.com,"The Office of Dr. Bellisario",https://www.drbellisario.com,Ardmore,Pennsylvania,Dentist
6412mayfair@gmail.com,"Mayfair Dental Center",https://www.mayfairdentalcenter.com,Philadelphia,Pennsylvania,"Dental clinic"
reception1pc@comcast.net,"Dr. Stanley M. Porter DDS",http://nephillyfamilydentist.com,Philadelphia,Pennsylvania,Dentist
abbouddent@comcast.net,"Dental Arts Of Drexel Hill",https://www.dentalartsofdrexelhill.com,"Drexel Hill",Pennsylvania,Dentist
castordentist@gmail.com,"Castor Dental Care",http://castordentalcare.com,Philadelphia,Pennsylvania,"Cosmetic dentist"
jstallerdds@gmail.com,"Drs. Staller & Gandel",http://www.stallerandgandeldds.com,Philadelphia,Pennsylvania,"Cosmetic dentist"
centercityortho@gmail.com,"Center City Orthodontics",http://www.centercityortho.com,Philadelphia,Pennsylvania,Orthodontist
mainlinedentalhealth@comcast.net,"Main Line Center For Dental Excellence",http://mainlinedentalhealth.com,Narberth,Pennsylvania,Dentist
dentistryatsuburbansquare@gmail.com,"Dentistry At Suburban Square: Michael I. Wollock DMD",https://www.dentistryatsuburbansquare.com,Ardmore,Pennsylvania,"Cosmetic dentist"
saltendds@comcast.net,"Alten Steven B DDS",http://www.stevenaltendds.com,Philadelphia,Pennsylvania,Dentist
periodontalconsultants@gmail.com,"Periodontal Consultants",https://www.periodontalconsultants.com,Philadelphia,Pennsylvania,Periodontist
jaylackman4@gmail.com,"Dr.Jay Lackman Dmd LLC",http://drjaylackman.com,"Bala Cynwyd",Pennsylvania,Dentist
pdllanap2017@gmail.com,"Philadelphia Dental Laser & Cosmetic Dentistry LLC",http://philadelphiadentallaser.com,"Drexel Hill",Pennsylvania,"Cosmetic dentist"
alleghenydental1@yahoo.com,"Allegheny Dental 1",http://allegheny-dental-1.slue.io,Philadelphia,Pennsylvania,"Dental implants periodontist"
dentalwizardgpc@gmail.com,"Paradise Dental",https://dentalparadisefamily.com,Philadelphia,Pennsylvania,Dentist
personalcaredentistry@gmail.com,"Personal Care Dentistry",http://mypersonalcaredentistry.com,Philadelphia,Pennsylvania,"Cosmetic dentist"
shapiroappointments@gmail.com,"Shapiro Allen P DDS",http://www.shapirodentists.com,Philadelphia,Pennsylvania,Dentist
donsdent@aol.com,"Dons Dental Lab - Dentures & Repairs",http://www.donsdenturerepairphilapa.com,Philadelphia,Pennsylvania,"Denture Care Centre"
360dentalpc@gmail.com,"360 Dental PC",http://360dentalpc.com,Philadelphia,Pennsylvania,"Dental clinic"
lesliestonehirsh@gmail.com,"Stone Hirsh Leslie DDS",http://www.drlesliestonehirsh.com,Philadelphia,Pennsylvania,Prosthodontist
essexdental106@gmail.com,"Kazuko NishisakiDDS",https://www.essexdentalcare.com,Narberth,Pennsylvania,"Dental clinic"
jsundental@yahoo.com,"Sun Dental & Orthodontics",http://www.sundentalorthodontics.com,Philadelphia,Pennsylvania,Dentist
phillypediatricdental@gmail.com,"Philadelphia Pediatric Dentistry",https://www.phillypediatricdental.com,Philadelphia,Pennsylvania,"Paediatric Dentist"
drgreco_phila@comcast.net,"Greco Orthodontics",http://www.drgrecoortho.com,Philadelphia,Pennsylvania,Orthodontist
bracebusters@gmail.com,"Brace Busters",http://www.bracebusters.com,Philadelphia,Pennsylvania,Orthodontist
amjad.dental@gmail.com,"Amjad Dental Associates Inc.",https://www.amjaddental.com,Philadelphia,Pennsylvania,Dentist
candice.lyles@yahoo.com,"Alfonso Clark DDS",https://alfonsoclarkdds.com,Philadelphia,Pennsylvania,Dentist
kdentalllc@gmail.com,"K Dental LLC",https://kdentalllc.com,Philadelphia,Pennsylvania,Dentist
firsttooth20@gmail.com,"Phoenixville Pediatric Dentistry",http://www.drmissyb.com,Phoenixville,Pennsylvania,Dentist
excelinstituteoflearning01@gmail.com,"Advanced Dentistry of Collegeville",https://collegevilledentistry.com,Collegeville,Pennsylvania,Dentist
igor_zavalny@hotmail.com,"Collegeville Dental Center",http://www.555dental.com,Collegeville,Pennsylvania,Dentist
arossis513@yahoo.com,"Dental Arts of Great Valley",https://www.dentalartsofgv.com,Malvern,Pennsylvania,Dentist
charlestowndental19355@gmail.com,"Charlestown Dental",https://www.charlestowndental.org,Malvern,Pennsylvania,"Dental clinic"
pottstowndentist@comcast.net,"Patel Family Dentistry",http://pottstowndentist.com,Pottstown,Pennsylvania,"Paediatric Dentist"
highstreetdentist@gmail.com,"Cohen Marvin J DDS",http://www.pottstownpadentist.com,Pottstown,Pennsylvania,Dentist
odendental@yahoo.com,"Boden Dental Associates",http://bodendentalassociates.com,Exton,Pennsylvania,Dentist
extonfamily6070@comcast.net,"Exton Family Dentistry",https://extonfamilydentistry.com,Exton,Pennsylvania,Dentist
pearlywhitedental@gmail.com,"Pearly Whites Dental Center",http://www.mypearlywhite.com,Wayne,Pennsylvania,"Dental clinic"
boyertowndental@gmail.com,"Boyetown Family Dental",https://www.boyertownfamilydental.com,Boyertown,Pennsylvania,Dentist
smiledesignassociates@comcast.net,"Smile Design Associates",https://www.smiledesignassoc.com,Exton,Pennsylvania,Dentist
heritagedental811@gmail.com,"DR. JEFFREY SAMEROFF",http://www.heritagedentalpottstown.com,Pottstown,Pennsylvania,Dentist
adriennesaltik@gmail.com,"John R Bush DMD",https://www.johnbushdentistpittsburgh.com,Pittsburgh,Pennsylvania,Dentist
westlibertydentistry@gmail.com,"David W May DMD",http://davidmaydental.com,Pittsburgh,Pennsylvania,Dentist
thejuljul@yahoo.com,"Juliette A Murcko DMD",http://www.pghfirstimpression.com,Pittsburgh,Pennsylvania,Dentist
erinpawlos@yahoo.com,"Allegheny Dental Sleep",http://alleghenydentalsleep.com,Pittsburgh,Pennsylvania,Dentist
clintonrunco@gmail.com,"Clinton W Runco DMD",http://drcwruncosquirrelhill.com,Pittsburgh,Pennsylvania,Dentist
mattlanz1@gmail.com,"Lanz Associates in Dentistry",https://www.lanzassociatesindentistry.com,Pittsburgh,Pennsylvania,Dentist
pittdds@comcast.net,"Shadyside Smiles Christina R SchmelerDDS",http://www.shadysidesmilespgh.com,Pittsburgh,Pennsylvania,Dentist
lamstar62@gmail.com,"Dr. Harvey M. Block DMD",http://docblockdmd.com,Pittsburgh,Pennsylvania,Dentist
farazahsan7@yahoo.com,"Shannon Passineau Cosmetic & Family Dentistry PLLC",http://pghsmile.com,Pittsburgh,Pennsylvania,Dentist
mydentist2879@gmail.com,"My Dentist",https://www.mydentistpittsburgh.com,Pittsburgh,Pennsylvania,Dentist
mangieri800@gmail.com,"Gary C Mangieri DMD",http://www.mangieridental.com,Pittsburgh,Pennsylvania,Dentist
pediatricdentistrysouth@gmail.com,"Pediatric Dentistry South",https://www.pediatricdentalsouth.com,Pittsburgh,Pennsylvania,"Paediatric Dentist"
kelli.bergdental@gmail.com,"Berg Dental",http://www.bergdentaldmd.com,Pittsburgh,Pennsylvania,Dentist
dibartoladental@hotmail.com,"DiBartola Dental",https://dentistbridgevillepa.com,Bridgeville,Pennsylvania,Dentist
bobdmd1@gmail.com,"Rosswog Robert E DMD",http://www.drrobertrosswog.com,Pittsburgh,Pennsylvania,Dentist
hartwodbb@gmail.com,"Hartwood Dental Associates",https://www.hartwooddentalassociates.com,Glenshaw,Pennsylvania,Dentist
drkimmonda@gmail.com,"Monda & Weiss Family Dentistry",https://drkimberlemonda.com,Bellevue,Pennsylvania,Dentist
darcie12@comcast.net,"Elevated Oral & Implant Surgery P.C.",https://www.oralsurgeonpittsburghpa.com,Pittsburgh,Pennsylvania,"Oral surgeon"
dornindental@gmail.com,"Dornin Dental Center",http://www.dornindentalcenter.com,Coraopolis,Pennsylvania,Dentist
drsciulli@aol.com,"Sciulli Bruno a DDS",http://www.drbrunosciulli.com,Pittsburgh,Pennsylvania,Dentist
raniibuzzattodental@comcast.net,"Ranii & Buzzatto Dental",https://www.raniiandbuzzattodental.com,Pittsburgh,Pennsylvania,Dentist
associatesindentistry@hotmail.com,"Associates In Dentistry: Gregory A. Nairn DMD",https://mytoothdr.com,Washington,Pennsylvania,Dentist
adamsfeuer@gmail.com,"Three Rivers Endodontics",http://3riversendo.com,Pittsburgh,Pennsylvania,Endodontist
mmaslo@comcast.net,"Dr. Anthony Maslo",https://www.drmaslo.com,Pittsburgh,Pennsylvania,Dentist
gmcarmassi@yahoo.com,"Carmassi Gary M DDS",https://www.garycarmassidmd.com,Pittsburgh,Pennsylvania,Dentist
marsdntl@gmail.com,"Dr. Jennifer L. Pacella DMD",http://www.marsdentalspecialists.com,Mars,Pennsylvania,"Paediatric Dentist"
airdentalplex@gmail.com,"Dr. Brian Borodaty",https://www.sedationdentistpittsburgh.com,Pittsburgh,Pennsylvania,Dentist
markhagarman@gmail.com,"Hagarman Mark a DDS",https://www.hagarmandental.com,Pittsburgh,Pennsylvania,Dentist
steliotes@comcast.net,"Steliotes Dental Spa",http://www.steliotesdentalspa.com,McMurray,Pennsylvania,Dentist
drfredericksams53@gmail.com,"Dental Medicine Institute - Dr. Frederick Sams",https://dentalmedicineinstitute.org,Pittsburgh,Pennsylvania,Dentist
bhisabela@aol.com,"Shadyside Orthodontist",https://www.shadysideorthodontics.com,Pittsburgh,Pennsylvania,Orthodontist
mbiancodmd88@comcast.net,"Bianco Michael M DMD",http://drmichaelbianco.com,Pittsburgh,Pennsylvania,"General Dentistry"
docdyer24@comcast.net,"Robert L Dyer DMD",http://docdyer.com,Canonsburg,Pennsylvania,Dentists
drbethanis@comcast.net,"Anistranski Elizabeth DMD",http://anistranskidmd.com,Pittsburgh,Pennsylvania,"General Dentistry"
douglassvilledentalassociates@gmail.com,"Douglassville Family Dental",http://www.diedraalstondds.com,Douglassville,Pennsylvania,Dentist
odayortho@yahoo.com,"Montgomery Bucks Dental Society",https://mbds.org,Perkiomenville,Pennsylvania,Dentist
kotuladental@yahoo.com,"Kotula Dental",https://kotuladental.com,Reading,Pennsylvania,Dentist
healthyyoungsmiles@gmail.com,"Healthy Young Smiles",https://www.healthyyoungsmiles.com,Exton,Pennsylvania,"Pediatric Dentist"
malvernteeth@gmail.com,"Koup Family Dental. No",https://koupfamilydental.com,Paoli,Pennsylvania,Dentist
mdadmd1@gmail.com,"Muhlenberg Dental Associates",https://muhlenbergdental.com,Reading,Pennsylvania,Dentist
ckbhagat@gmail.com,"Whiteland Dental Associates",https://www.whiteland-dental.com,"Commons at Oaklands",Pennsylvania,Dentist
jimchengdentist@gmail.com,"Coatesville Dental Center",http://www.coatesvilledental.com,Coatesville,Pennsylvania,Dentist
barrerandwhite@gmail.com,"Barrer & White Orthodontists",http://www.barrerandwhite.com,"West Reading",Pennsylvania,Orthodontist
robert.kallos12@gmail.com,"Wyomissing Family Dentistry",https://wyomissingfamilydentistry.com,Wyomissing,Pennsylvania,Dentist
bluestonedental@gmail.com,"Eric C Bluestone DMD - Bluestone Dental",http://www.bluestonedental.com,Reading,Pennsylvania,Dentists
loveyoursmile01@gmail.com,"Hassler Family Dentistry",http://hasslerdentistry.net,Wyomissing,Pennsylvania,Dentist
gaulenbach@gmail.com,"Aulenbach Gregory S DDS",http://www.gregaulenbachdmd.com,Reading,Pennsylvania,Dentist
drblackburn@comcast.net,"Joseph E Blackburn DMD",http://www.wyomissingdentistry.com,Wyomissing,Pennsylvania,Dentist
davidcausa.dds@gmail.com,"David M Causa DDS",http://www.causadds.com,"West Lawn",Pennsylvania,Dentist
deiblerdental@yahoo.com,"Deibler Dental - Valerie S. Deibler DDS Ltd.",http://deiblerdental.com,Wyomissing,Pennsylvania,Dentist
randwdental@gmail.com,"R & W Dental Associates",https://www.randwdental.com,Wyomissing,Pennsylvania,Dentist
endotx@comcast.net,"Berks Endodontics",https://www.berksendodontics.com,Wyomissing,Pennsylvania,Endodontist
oleyvalleyfd@gmail.com,"Oley Valley Family Dentistry",https://ovfamilydental.com,Oley,Pennsylvania,Dentist
drecarter4health@gmail.com,"Carter Edward M DMD",http://www.cartersmiles.com,Topton,Pennsylvania,"Cosmetic dentist"
mgudarzi@yahoo.com,"Hamburg Family Dental",http://www.hamburgfamilydental.com,Hamburg,Pennsylvania,Dentist
centralberksdental@live.com,"Central Berks Dental Center",https://centralberksdental.com,Leesport,Pennsylvania,Dentist
compassionendo@gmail.com,"Compassion Endodontics",http://www.compassionendodontics.com,"West Lawn",Pennsylvania,Endodontist
smilemakers1192@gmail.com,"Smile Makers",http://smilemakersdentistrypa.com,Womelsdorf,Pennsylvania,Dentist
arafernandez62@gmail.com,"Mini Dental Implants Scranton PA",https://scrantonminidentalimplants.com,Scranton,Pennsylvania,"Cosmetic dentist"
scrantonkidsdds@gmail.com,"Nancy E. Willis DDS Childrens Dentistry",http://www.scrantonkidsdds.com,Scranton,Pennsylvania,"Paediatric Dentist"
caoressey@yahoo.com,"A.l.f. Family Dentistry",http://www.alffamilydentistry.com,Scranton,Pennsylvania,Dentist
burdyndentistry@outlook.com,"William E. Burdyn D.M.D.",http://burdyndentistry.com,"Dickson City",Pennsylvania,"Cosmetic dentist"
dtaylor108@yahoo.com,"Taylor Family Dental - Dr. Andrew Taylor and Dr. Aldan Lori",http://www.taylor-family-dental.com,"Clarks Summit",Pennsylvania,Dentist
michael.salvia315@gmail.com,"Dr. Michael Salvia DMD",http://www.michaelsalviadmd.com,Jessup,Pennsylvania,Dentist
drkellyjr@gmail.com,"Third District Dental Society",https://www.thirddistrictdentalsociety.org,Scranton,Pennsylvania,"Dentist & Dental Office"
drjeanettesmiles@gmail.com,"Experience Dentistry",https://www.drjeanettesmiles.com,Scranton,Pennsylvania,"Teeth whitening service"
pinnacleoms1@gmail.com,"Pinnacle Oral & Maxillofacial Surgery Associates",http://pinnacleoms.com,"South Abington Township",Pennsylvania,"General Dentistry"
sceneryparkdental@gmail.com,"Scenery Park Dental Associates: Brian Christian DMD and Cheri Basco DMD",https://www.sceneryparkdental.com,"State College",Pennsylvania,Dentist
oral.max@comcast.net,"Oral & Maxillofacial Inc",http://www.omfsi.com,"State College",Pennsylvania,Dentist
bellandlongdental@gmail.com,"David A Bell DMD PC",http://www.bellandlongdental.com,Clearfield,Pennsylvania,Dentist
invisapp@gmail.com,OrthoApp,http://www.orthoappmobile.com,"State College",Pennsylvania,Dentist
biffenfamilydentistry@gmail.com,"Biffen Family Dentistry",http://www.biffenfamilydentistry.com,"East Stroudsburg",Pennsylvania,Dentist
tjcentric@yahoo.com,"Pocono Dental Associates",https://poconodental.com,Stroudsburg,Pennsylvania,Dentist
bairpediatricdentistry@gmail.com,"Bair Pediatric Dentistry",http://www.bairpediatricdentistry.com,Stroudsburg,Pennsylvania,"Paediatric Dentist"
bairorthodontics@gmail.com,"Dr. Justin Bair D.M.D.",http://www.bairorthodontics.com,Stroudsburg,Pennsylvania,Orthodontist
stroudsburgfamilydental@gmail.com,"Stroudsburg Family Dental",https://www.stroudsburgfamilydental.com,Stroudsburg,Pennsylvania,"Dental clinic"
lainysda@gmail.com,"Stroudsburg Dental Associates",http://www.stroudsburgdentalassociates.com,Stroudsburg,Pennsylvania,Dentist
susqortho@gmail.com,"Susquehanna Orthodontics",http://www.susqortho.com,Selinsgrove,Pennsylvania,Orthodontist
davidvitunac@yahoo.com,"Richard Paul Vidunas",http://www.vidunasdental.com,Mifflinburg,Pennsylvania,"Dental clinic"
daleyoms@gmail.com,"Daley Oral And Maxillofacial Surgery Associates",http://www.daleyoms.com,Springfield,Pennsylvania,Dentist
mediabritesmile@gmail.com,"Media Brite Smile",http://www.mediabritesmile.com,Media,Pennsylvania,Dentist
lavendersmilesglenolden@gmail.com,"Lavender Smiles",http://www.lavendersmiles.com,Glenolden,Pennsylvania,Dentist
cherrytreedentalcenter@gmail.com,"Jonathan P. Krizner DDS Jennifer Harr DDS and Joslyn Bilitski DDS",http://www.cherrytreedentalcenter.com,Uniontown,Pennsylvania,Dentist
mckeefamilydental@gmail.com,"McKee Family Dental PLLC",http://www.mckeefamilydental.com,Uniontown,Pennsylvania,Dentist
wergumz@gmail.com,"Laurel Highlands Family Dentistry",http://ident.ws,Connellsville,Pennsylvania,Dentist
mccloyfamilydentistry@yahoo.com,"McCloy Family Dentistry",http://mccloyfamilydentistry.com,"Mount Pleasant",Pennsylvania,Dentist
webdboa@aol.com,"Christopher Munn",http://mycompletedentalcare.com,"Belle Vernon",Pennsylvania,Dentist
bennardibarberio@comcast.net,"Bennardi Barberio & Bennardi",http://www.bennardibarberio.com,Muncy,Pennsylvania,Dentist
ollockdental@gmail.com,"Ollock Dental Group",https://ollockdentalgroup1.com,Blossburg,Pennsylvania,"General Dentistry"
sbranton1@gmail.com,"Branton Dental",http://brantondental.com,Williamsport,Pennsylvania,Dentist
fourfisch.inc@gmail.com,"John F. Fisch DDS",https://www.johnfischdds.com,York,Pennsylvania,Dentist
trihilldentistry@gmail.com,"Tri-Hill Family Dentistry",http://www.trihillfamilydentistry.net,York,Pennsylvania,Dentist
drjmarcin@comcast.net,"Market Street Dental PC",http://www.marketstreetdentalpc.com,"East York",Pennsylvania,Dentist
hoffmaster.dental@gmail.com,"Hoffmaster Dental",https://www.hoffmasterdental.com,York,Pennsylvania,Dentist
n.yorkdental@gmail.com,"North York Family Dental",http://www.drpaluch.com,York,Pennsylvania,Dentist
seitzmcgannon@comcast.net,"Todd E Seitz DMD - Seitz & McGannon Oral Maxillofacial Surgery",https://www.seitzmcgannonoms.com,York,Pennsylvania,"Oral Surgeons"
cdayorkpa@gmail.com,"Comfort Dental Arts",http://comfortdentalarts.com,York,Pennsylvania,Dentist
admin.advdent@gmail.com,"Advanced Arts Denture Center",http://www.advancedartsdentures.com,York,Pennsylvania,"Denture Care Centre"
jbreiter@comcast.net,"Dr. Joel B. Reiter DMD",http://www.applehilldentistry.com,York,Pennsylvania,Dentist
ultradental17402@gmail.com,"Ultra Dental - Dr. Singh",https://www.ultradentalfamilydentistry.com,York,Pennsylvania,Dentist
ordasoft@gmail.com,"Gentle Dental",http://gentledentalyork.com,York,Pennsylvania,Dentist
docthomas@comcast.net,"Brian Thomas DMD",http://www.brianthomasdmd.com,York,Pennsylvania,Dentist
hollisdds@hotmail.com,"Dr Kelly Hollis DDS PC",http://www.hollisdds.com,Dover,Pennsylvania,Dentist
nedental@hotmail.com,"Northeastern Dental Associates LLC: Mc Elwian Starr",https://www.northeasterndental.net,"Mt Wolf",Pennsylvania,Dentist
keystoneorthodontics@gmail.com,"Keystone Orthodontics",http://www.keystoneorthodontics.com,Shrewsbury,Pennsylvania,"Dental clinic"
susanryan3221@gmail.com,"Lancaster Pediatric Dental Associates",https://www.lpdakids.com,Lancaster,Pennsylvania,"Paediatric Dentist"
mhkayepavilion@hotmail.com,"The Family Dentist",http://www.mhkfamilydentist.com,Lancaster,Pennsylvania,Dentist
kapadiakk@yahoo.com,"Dr. Kaushal P. Kapadia DMD",http://www.whiterosefamilydental.com,York,Pennsylvania,Dentist
allcarefamilydentist@gmail.com,"Allcare Family Dentist",https://allcarefamilydentist.com,Shrewsbury,Pennsylvania,Dentist
newcreation1200@gmail.com,"John J Blevins DDS",http://www.docblevins.com,"York New Salem",Pennsylvania,"Oral Surgeons"
