email,company,website,city,state,profession
kami@facialandoralsurgery.com,"Oral Surgery Specialists of Idaho Dental Implants & Wisdom Teeth",https://facialandoralsurgery.com,Blackfoot,Idaho,"Oral surgeon"
blackfoot@idahokidsdental.com,"Smiles 4 Kids",https://www.smiles4kidsblackfoot.com,Blackfoot,Idaho,"Paediatric Dentist"
www.rockindental@cableone.net,"Ward Michelle - West River Dental",http://www.sweet2thdental.com,"Idaho Falls",Idaho,"Dental clinic"
ammon@idahokidsdental.com,"Kid's Dental",https://www.kidsdentalammon.com,Ammon,Idaho,"Paediatric Dentist"
donna@lrblaisdelldds.com,"Blaisdell Family Dentistry",https://www.blaisdellfamilydentistry.com,Boise,Idaho,"Cosmetic dentist"
recruiting@boisetoothtown.com,"Boise Tooth Town",http://www.boisetoothtown.com,Boise,Idaho,"Dental clinic"
smile@boisechildrensdentistry.com,"Dr. Alexis Phillips Kids Dentist",https://www.drpkidsdentist.com,Boise,Idaho,"Paediatric Dentist"
jblanco@trhs.org,"Terry Reilly Health Services - Boise Dental",http://www.trhs.org,Boise,Idaho,"Dental clinic"
front1@boisedentistsmiles.com,"Scott E. Hayhurst Family and Cosmetic Dentistry",http://www.boisedentistsmiles.com,Boise,Idaho,"Dental clinic"
bristolheights@mydentalmail.com,"Bristol Heights Dental",http://www.bristolheightsdental.com,Boise,Idaho,"Cosmetic dentist"
drrogers@tvpdsmiles.com,"Treasure Valley Pediatric Dentistry",http://www.tvpdsmiles.com,Boise,Idaho,"Dental clinic"
gvoffic@carterdmd.com,"Carter Dental",http://carterdmd.com,Boise,Idaho,"Dental clinic"
olalekan.okynuga@affordabledentures.com,"Affordable Dentures & Implants",https://www.affordabledentures.com,Boise,Idaho,"Denture Care Centre"
m.tuft@copperstonedental.com,"Copperstone Dental: Tuft Matthew DDS",http://www.copperstonedental.com,Meridian,Idaho,"Dental clinic"
woodriver@whitewatersurgery.com,"Whitewater Oral Surgery Group",https://whitewatersurgery.com,Boise,Idaho,"Oral surgeon"
khilvers@cableone.net,"ISU Family Dentistry",https://www.isu.edu,Meridian,Idaho,"Dental clinic"
dmurray@deltadentalid.com,"Delta Dental of Idaho",https://www.deltadentalid.com,Boise,Idaho,"Insurance agency"
christina@drbaby2th.com,"Dental Care For Kids",https://drbaby2th.com,Meridian,Idaho,"Paediatric Dentist"
abby@mykidsdmd.com,"Idaho Kids Dentistry & Orthodontics",https://www.idahokidsdentistry.com,Meridian,Idaho,"Paediatric Dentist"
smiles@boisedentalchair.com,"Boise Dental Chair",https://boisedentalchair.com,Boise,Idaho,"Dental clinic"
recruiting@cherrylanekidsdentistry.com,"Cherry Lane Kids Dentistry",http://www.cherrylanekidsdentistry.com,Meridian,Idaho,"Paediatric Dentist"
kids@happycamperspd.com,"Toby Merriman  DMD",http://www.drtobympd.com,Meridian,Idaho,"Pediatric Dentists"
smile@boisechildrens.com,"ALEXIS PHILLIPS",http://www.boisechildrensdentistry.com,Boise,Idaho,"Pediatric Dentists"
carol@dentalconceptsandorthodontics.com,"Dental Concepts",http://dentalconceptsandorthodontics.com,Boise,Idaho,"Cosmetic dentist"
kamden@mysmilelabs.com,"Smile Labs of Boise",http://www.mysmilelabs.com,Boise,Idaho,"Teeth whitening service"
reviews@smiledirectclub.com,"Smile Direct Club",https://smiledirectclub.com,Meridian,Idaho,"Teeth Whitening"
dr.elliottwp@me.com,"Elliott Korth B DDS",http://elliottdentistry.com,Boise,Idaho,"Oral Surgeons"
kenboake@findatopdoc.com,"Lowry F Brion",https://www.findatopdoc.com,Boise,Idaho,"General Dentistry"
smile@gentledentistrystgeorge.com,"Crystal Canyon Family Dental",http://crystalcanyonfamilydental.com,Caldwell,Idaho,"Dental clinic"
josh@newsmile4me.com,"New Smile Dentures",https://newsmile4me.com,Caldwell,Idaho,"Denture Care Centre"
jillrambo@ericasaydds.com,"Asay Dr. Eric S",http://www.ericasaydds.com,Nampa,Idaho,"Dental clinic"
ksperry@idfbins.com,"Farm Bureau Insurance",https://www.idahofarmbureauinsurance.com,Caldwell,Idaho,"Insurance agency"
askfarmers@farmersinsurance.com,"Hyndman Insurance - Farmers Insurance",https://agents.farmers.com,Middleton,Idaho,"Insurance agency"
angie@schinidentistry.com,"Schini Family Dentistry",https://www.schinidentistry.com,"Coeur dAlene",Idaho,"Dental clinic"
madison@clubhousepd.com,"Clubhouse Pediatric Dentistry of Idaho Falls",https://www.clubhousepd.com,"Idaho Falls",Idaho,"Paediatric Dentist"
brettp@directionmd.com,"DMD Dental",http://dmddental.com,"Idaho Falls",Idaho,"Dental clinic"
ryan@idahoinsuranceplans.com,"Anderson Insurance Agency",http://idahoinsuranceplans.com,"Idaho Falls",Idaho,"Insurance agency"
spokane@completedentalnw.com,"Complete Dental Care",https://completedentalnw.com,Kellogg,Idaho,"Dental clinic"
kellogg@completedentalnw.com,"Rinaldi Steve DDS",http://birdfamilydental.net,Kellogg,Idaho,"General Dentistry"
nprp@chas.org,"CHAS Latah Dental Clinic",https://chas.org,Moscow,Idaho,"Dental clinic"
ceramic@mccluredentallabdesign.com,"McClure Dental Lab Design",http://www.mccluredentallab.com,Meridian,Idaho,"Cosmetic Dentists"
lgertsen@familydentalcenter.org,"Family Dental Center",http://www.familydentalcenter.org,Nampa,Idaho,"General Dentistry"
6027931627@t-mobile.com,"Sutton D Porter Dentist",https://www.t-mobile.com,Pocatello,Idaho,"General Dentistry"
smiles@drlonpeckham.com,"Smile Miracles Project",http://smilemiracles.org,"Priest River",Idaho,"Dental clinic"
om@toothtimedentistry.com,"Tooth Time Dentistry for Kids",https://www.toothtimedentistry.com,Rexburg,Idaho,"Paediatric Dentist"
vividteethwhiteningrexburg@gamil.com,"Vivid Teeth Whitening",https://rexburgteethwhitening.com,Rexburg,Idaho,"Teeth whitening service"
burley@smiles4kidsidaho.com,"Smiles 4 Kids: Dentistry for Children",http://www.smiles4kidsidaho.com,"Twin Falls",Idaho,"Paediatric Dentist"
cphillips@fhsid.org,"Family Health Services",http://www.fhsid.org,"Twin Falls",Idaho,"Dental clinic"
infinitydental@infinitydental.net,"Infinity Dental PLLC",http://www.infinitydental.net,Kimberly,Idaho,"Dental clinic"
tybodily@seasonsdental.com,"Seasons Dental",http://www.burleyiddentist.com,Burley,Idaho,"Dental clinic"
allen.parrish@americannational.com,"Rob Wilson Insurance Agency representing American National Insurance",https://www.americannational.com,"Twin Falls",Idaho,"Insurance agency"
siu@aflac.com,"Aflac Regional Office",http://www.aflac.com,"Twin Falls",Idaho,"Insurance agency"
damian-petty@leavitt.com,"Leavitt Group - Starley-Leavitt Insurance Agency",https://www.leavitt.com,"Twin Falls",Idaho,"Insurance agency"
caxenty@idfbins.com,"Farm Bureau Insurance",https://www.idfbins.com,"Twin Falls",Idaho,"Insurance agency"
foundation@lfg.com,"Lincoln Financial Group",http://lfg.com,"Twin Falls",Idaho,"Insurance agency"
