email,company,website,city,state,profession
blackfootsmiles@gmail.com,"Blackfoot Smiles",http://www.blackfootsmiles.com,Blackfoot,Idaho,"Dental clinic"
drpaulhansen@msn.com,"Dr. Paul L. Hansen DDS",http://www.drpaulhansendds.com,Blackfoot,Idaho,Dentist
armstrongdental@yahoo.com,"Armstrong Dental",https://www.damonarmstrongdds.com,Blackfoot,Idaho,Dentist
blackfootdentist@hotmail.com,"Blackfoot Family Dentistry",http://www.blackfootfamilydentistry.us,Blackfoot,Idaho,"Dental clinic"
vonkunz@gmail.com,"Kunz Family Dentistry",https://kunzdental.com,Blackfoot,Idaho,Dentist
medalistcleaning@gmail.com,"Simpson Dental Offices",http://medalistcleaning.com,Blackfoot,Idaho,Dentist
just4kidds@gmail.com,"Just 4 kiDDS Dentistry For Children",https://www.just4kiddsdentistry.com,Pocatello,Idaho,"Paediatric Dentist"
portneufvalleydental@gmail.com,"Portneuf Valley Dental",https://portneufvalleydental.com,Pocatello,Idaho,Dentist
stoneridgedental@gmail.com,"Stone Ridge Dental",https://www.astoneridgesmile.com,Shelley,Idaho,Dentist
cdop4fun@hotmail.com,"Children's Dentistry of Pocatello",https://pocatellochildrensdentistry.com,Pocatello,Idaho,Dentist
leavittdentistry@gmail.com,"Leavitt Dentistry",https://www.leavittdentistry.com,Pocatello,Idaho,Dentist
dentalexcellence1525@gmail.com,"Dental Excellence",http://www.pocatellodentalexcellence.com,Pocatello,Idaho,Dentist
riverwestdental@gmail.com,"West River Dental",http://freeipaddentist.com,"Idaho Falls",Idaho,"Dental clinic"
carecreekdental@live.com,"Dr. Paul Gagnon",http://dentist-dentistry-dental.com,Pocatello,Idaho,"Dental clinic"
smilemakerspocatello@gmail.com,"SmileMakers Dental",https://www.smpdentist.com,Pocatello,Idaho,Dentist
idahofallsidahodentist@gmail.com,"Bird Family Dental",http://www.idahofallsidahodentist.com,"Idaho Falls",Idaho,"Cosmetic Dentist"
choicedentalif@gmail.com,"Choice Dental : Trent Kelly  DDS",https://www.choicedentalif.com,"Idaho Falls",Idaho,Dentist
brant.olson@outlook.com,"Brant N Olson DDS PA",http://www.brantolsondds.com,"Idaho Falls",Idaho,Dentist
atwoodfamilydentistry@yahoo.com,"Atwood Family Dentistry",https://www.atwoodsmiles.com,"Idaho Falls",Idaho,Dentist
idahosmilemaker@gmail.com,"Davis Dental Studio",http://www.cosmeticdentistryofidaho.com,Pocatello,Idaho,Dentist
frontdesk.kikdental@gmail.com,"KIK Dental",http://www.morrelldental.com,Boise,Idaho,Dentist
idahostreetdental@gmail.com,"Idaho Street Dental",http://idahostreetdental.com,Boise,Idaho,Dentist
riverviewsmiles@gmail.com,"Riverview Dental",http://www.boiseriverviewdental.com,Boise,Idaho,Dentist
parkwaydentaleagle@gmail.com,"Parkway Dental",http://boiseparkwaydental.com,Boise,Idaho,Dentist
www.hiddencreekdental@gmail.com,"Hidden Creek Dental",http://www.hiddencreekdental.com,Boise,Idaho,"Dental clinic"
eastboisedental@gmail.com,"East Boise Dental",http://www.eastboisedental.com,Boise,Idaho,"Dental clinic"
ccdboise@gmail.com,"Osterkamp Family Dental",http://osterkampfamilydental.com,Boise,Idaho,Dentist
davegreendds@gmail.com,"Dental Care Center",https://dentalcarecenterofboise.com,Boise,Idaho,Dentist
broadwayparkdental@gmail.com,"Broadway Park Dental- Payne Ryan M DMD",http://www.broadwayparkdental.com,Boise,Idaho,"Dental clinic"
lambfamilydental@gmail.com,"Lamb Family Dental",http://dentalboise.com,Boise,Idaho,Dentist
victorydentalboise@gmail.com,"Victory Dental",http://www.victory-dental.com,Boise,Idaho,Dentist
wvndentistry@gmail.com,"West Valley Natural Dentistry",https://awinningsmile.net,Boise,Idaho,"Cosmetic dentist"
dentalcarewestnampa@gmail.com,"Dental Care West",http://www.dentalcarewestidaho.com,Nampa,Idaho,"Dental clinic"
dayleydental@gmail.com,"Dayley Dental Cosmetic & Family Dentistry",http://dayleydental.com,Boise,Idaho,Dentist
atlantisdentalcare2016@gmail.com,"Atlantis Dental Care: David Cantwell DDS",https://www.atlantisdental.com,Boise,Idaho,Dentist
smilesonstate@hotmail.com,"Smiles on State Street",http://smilesonstatestreet.com,"Garden City",Idaho,Dentist
dentalpartnersboise2@gmail.com,"Towne Square Dental South",https://townesquaredentalsouth.com,Boise,Idaho,Dentist
cdcpatriot1@gmail.com,"Centennial Dental",https://www.centennialdentalcenter.com,Boise,Idaho,Dentist
brbird2@gmail.com,"Bird Family Dental",https://www.birdfamilydental.com,Boise,Idaho,Dentist
fjstillings@aol.com,"Dr. Fred Stillings DMD",https://www.fredstillings.com,Meridian,Idaho,Dentist
09powell@yahoo.com,"Dr. Pamela A. Powell DMD",http://www.drpamelapowell.com,Boise,Idaho,Dentist
wilsondental@hotmail.com,"Wilson Dental- Wilson Gregg A DDS",http://www.brightersmiles.com,Boise,Idaho,"Dental clinic"
barneydds@gmail.com,"Brookdale Dental",https://brookdaledentalboise.com,Boise,Idaho,"Cosmetic dentist"
annie10200@gmail.com,"Ackerman Family Dentistry",https://www.ackermanfamilydentistryboise.com,Boise,Idaho,Dentist
mooncreekdental@gmail.com,"Moon Stacy J DDS",http://moondentistry.com,Boise,Idaho,Dentist
drclaibornedds@gmail.com,"Dr. Wayne L. Claiborne D.D.S.",http://claiborne-wayne-l-dds.business.site,"Garverdale Ct %23 902",Idaho,Dentist
idahoperio@gmail.com,"IDAHO PERIO. Center for Dental Implants and Laser Periodontal Therapy.",http://www.idahoperio.com,Boise,Idaho,"Dental implants periodontist"
highdesertdentalboise@gmail.com,"High Desert Dental",https://www.highdesertdds.com,Boise,Idaho,Dentist
office.austincreekdental@gmail.com,"Austin Creek Dental",http://www.austincreekdental.com,Meridian,Idaho,Dentist
premierdentistryofeagle@gmail.com,"Premier Dentistry of Eagle - Shane S. Porter DMD",https://www.premierdentistryofeagle.com,Eagle,Idaho,Dentist
aestheticsmiles@hotmail.com,"Aesthetic Smiles: Pilling Wade DMD",http://www.loveyoursmileidaho.com,Meridian,Idaho,Dentist
europeandenture@gmail.com,"European Denture Center - Boise",https://eurodenture.com,Boise,Idaho,"Denture Care Centre"
idahomesmilesboise@gmail.com,"Idahome Smiles",https://www.idahomesmiles.com,Boise,Idaho,"Teeth whitening service"
swanfallsfamilydentistry@gmail.com,"Swan Falls Family Dentistry",http://www.swanfallsfamilydentistry.com,Meridian,Idaho,Dentist
drmikedolby@gmail.com,"Cottonwood Creek Dental / Dr. Michael Dolby",http://www.cottonwoodcreek-dental.com,Eagle,Idaho,"Cosmetic dentist"
dentalpartners12@gmail.com,"Klint R Keller DDS",http://www.todaysdentists.com,Nampa,Idaho,Dentist
treasurevalleyfamilydentistry@gmail.com,"Treasure Valley Family Dentistry",http://www.treasurevalleyfamilydentistry.com,Meridian,Idaho,Dentist
allisonkaren@gmail.com,"Oral History Center",http://www.oralhistory.org,Boise,Idaho,Dentist
shannonlove99@gmail.com,"Castlebury Dental - Meridian & Eagle Dentist",https://castleburydental.com,Eagle,Idaho,Dentist
smileworks8847@gmail.com,"Smile Works",http://www.smileworksmeridian.com,Meridian,Idaho,"Dental clinic"
lighthouse.lhd@gmail.com,"Lighthouse Dental",https://lighthousedentaleagle.com,Eagle,Idaho,Dentist
ormedentistry@gmail.com,"Orme Family & Implant Dentistry",http://meridianidahodentist.com,Meridian,Idaho,Dentist
aspencreekdental@gmail.com,"Aspen Creek Dental",https://myaspencreekdental.com,Nampa,Idaho,Dentist
cascadedentalid@gmail.com,"Cascade Dental",http://www.cascadedentalid.com,Cascade,Idaho,"Dental clinic"
steinerfamilydentistry@gmail.com,"Steiner Family Dentistry",https://www.steinerfamilydental.com,Meridian,Idaho,Dentist
blueherondentalboise@gmail.com,"Blue Heron Dental Boise",http://www.blueherondentalboise.com,Boise,Idaho,Dentist
stardental9890@gmail.com,"Star Dental",http://www.stardentalidaho.com,Star,Idaho,Dentist
nwteethwhitening@gmail.com,"North West Teeth Whitening $99",https://northwestteethwhitening.business.site,Boise,Idaho,"Teeth Whitening"
dentalpartners6@gmail.com,"Mountain View Pointe Dental",https://mvpdental.com,Meridian,Idaho,Dentist
gregdavisdds@gmail.com,"Davis Greg R DDS State Street Dental",http://eaglerivershoredental.com,"Garden City",Idaho,Dentist
drdaronlind@gmail.com,"Smith Mark E DDS",http://smileworksboise.com,Boise,Idaho,Dentist
idahoendo@gmail.com,"Idaho Endodontics",https://idahoendodontics.com,Boise,Idaho,Dentist
allsmilesboise@gmail.com,"All Smiles Dentistry",http://www.allsmilesidaho.com,Boise,Idaho,"Cosmetic Dentist"
hi5dental@gmail.com,"Hi 5 Dental Dentistry for",http://www.hi5dental.com,Boise,Idaho,"Paediatric Dentist"
boisevalleyorthofront@gmail.com,"Boise Valley Orthodontics - Boise",https://boisevalleyortho.com,Boise,Idaho,Orthodontist
signaturesmiles1@gmail.com,"Kenyon Oyler DDS",http://yoursignaturesmile.com,Meridian,Idaho,Dentists
hankwillisdds@gmail.com,"Hank Willis Dentistry",http://www.hankwillisdds.com,"Bonners Ferry",Idaho,Dentist
caldwellfamilydentistry@gmail.com,"Caldwell Family Dentistry",https://caldwellfamilydentistry.com,Caldwell,Idaho,Dentist
dentalpartnerscaldwell@gmail.com,"Todays Dentistry Caldwell",http://dentistcaldwellidaho.com,Caldwell,Idaho,Dentist
clendenondental@gmail.com,"Clendenon Kirby DDS",http://www.successfulsmiles.com,Caldwell,Idaho,Dentist
clocktowerorthodontics@gmail.com,"Clock Tower Orthodontics",http://www.clocktowerortho.com,Caldwell,Idaho,Orthodontist
tvdental@gmail.com,"Modern Smiles Nampa",https://www.nampaidahodentist.com,Nampa,Idaho,"Dental clinic"
bradfordfisherdds@hotmail.com,"Fisher Dentistry",https://drfishersoffice.com,Nampa,Idaho,Dentist
cunningtonfamilydentistry@gmail.com,"Cunnington Family Dentistry",https://www.cunningtonfamilydentistry.com,Nampa,Idaho,Dentist
lewiston.tworivers@gmail.com,"Two Rivers Family Dentistry",https://www.lewistontworiversdentistry.com,Lewiston,Idaho,Dentist
tristangallowayddspllc@gmail.com,"Tristan Galloway DDS",http://www.tristangallowaydds.com,Nampa,Idaho,"Dental clinic"
trailridgefamilydental@gmail.com,"Trailridge Family Dental",http://parmaidahodentist.com,Parma,Idaho,Dentist
morningstardental@yahoo.com,"Morning Star Dental PA",http://www.mystardentist.com,Star,Idaho,Dentist
elkinsdental@hotmail.com,"Elkins Dental",http://www.elkinsdental.com,Emmett,Idaho,"Dental clinic"
gentledentalidaho@gmail.com,"Dr. Thomas D. Deppe DDS",http://skinfullygood.biz,Nampa,Idaho,Dentist
nampafamilydental@yahoo.com,"Family Dental Center - Scott R. Gardner DDS",https://www.yourfamilydentalcenter.com,Nampa,Idaho,Dentist
clearwaterdental@gmail.com,"Clearwater Dental",http://www.clearwaterdentalnampa.com,Nampa,Idaho,Dentist
reina.allegro@gmail.com,"Allegro Dental Group",http://www.allegrodental.com,Meridian,Idaho,Dentist
wellpointcherryln@gmail.com,"Wellpoint Dental",http://www.wellpointdentalcare.com,Meridian,Idaho,"General Dentistry"
cdafamilydentistry@gmail.com,"Coeur d Alene Family Dentistry",http://www.coeur-d-alene-family-dentistry.net,"Coeur dAlene",Idaho,Dentist
lakeviewdentalpros@gmail.com,"Lakeview Dental Clinic",https://lakeviewdentalclinic.com,"Coeur dAlene",Idaho,Dentist
scholesfamilydental@gmail.com,"Scholes Family Dental",https://www.coeurdaleneiddentist.com,"Coeur dAlene",Idaho,Dentist
elementdentalcda@gmail.com,"Dr. Rachel Fehling",http://www.elementdentalcda.com,"Coeur dAlene",Idaho,Dentist
coeurdalenedental@yahoo.com,"Mountainside Oral Implantology & Prosthetics",https://www.mountainsideoralcare.com,"Coeur dAlene",Idaho,Dentist
nwnaturaldentistry@gmail.com,"Northwest Natural Dentistry",https://www.nwnaturaldentistry.com,Hayden,Idaho,Dentist
dancedentistry@gmail.com,"Dance Dentistry for Kids",http://www.dancedentistry.com,Hayden,Idaho,"Paediatric Dentist"
ryongschofieddds@gmail.com,"Ryon G. Schofield D.D.S",http://www.schofielddental.com,Hayden,Idaho,Dentist
frontdeskhintz@aol.com,"Kevin Hintz Family Dentistry",http://doctorhintz.com,"Post Falls",Idaho,Dentist
cdadentureclinic@gmail.com,"Coeur dAlene Denture Clinic",https://www.cdadenture.com,"Coeur dAlene",Idaho,"Denture Care Centre"
rathdrumdentist@live.com,"McNamara Family Dentistry",http://rathdrumdentist.com,Rathdrum,Idaho,Dentist
smileatwoodland@gmail.com,"Woodland Family Dental",https://www.smileatwoodland.com,"Post Falls",Idaho,Dentist
hintzbraces@gmail.com,"John K Hintz DDS",http://www.hintzbraces.com,Hayden,Idaho,Orthodontist
wergumz@gmail.com,"Bayfair Dental Care",http://ident.ws,Boise,Idaho,"Dental implants periodontist"
oxforddentalidahofalls@gmail.com,"Oxford Dental Care of Idaho Falls",https://www.oxforddentalidahofalls.com,"Idaho Falls",Idaho,Dentist
sandcreekdentist@gmail.com,"Sandcreek Dental",https://www.sandcreekdentist.com,"Idaho Falls",Idaho,Dentist
idahofallssmiles@gmail.com,"Idaho Falls Smiles David M Heninger DDS and Justin G Frandsen DDS",http://www.idahofallssmiles.com,"Idaho Falls",Idaho,"Cosmetic dentist"
machenfamilydentistry@gmail.com,"Machen Family Dentistry",https://machenfamilydentistry.com,"Idaho Falls",Idaho,"Dental clinic"
creeksidedds@gmail.com,"Creekside Dental",http://www.mycreeksidedental.com,"Idaho Falls",Idaho,Dentist
legacydentalif@gmail.com,"Legacy Dental",https://www.drlegacy.com,"Idaho Falls",Idaho,"Dental clinic"
elitedental.if@gmail.com,"Elite Dental Care",https://www.ifelitedentalcare.com,"Idaho Falls",Idaho,Dentist
boylefamilydental@gmail.com,"Boyle Family Dental",http://www.idahofallsboyledentist.com,"Idaho Falls",Idaho,"Dental clinic"
stokerdental@gmail.com,"Stoker Family Dental",http://www.stokerfamilydental.com,"Idaho Falls",Idaho,"Dental clinic"
moosortho@gmail.com,"Mooso Orthodontics",http://www.drmooso.com,"Idaho Falls",Idaho,Orthodontist
denturesupplies@gmail.com,"Dentures By Design",http://www.denturesbydesignnampa.com,Nampa,Idaho,"Cosmetic Dentists"
mcgee.ifofs@gmail.com,"Idaho Falls Oral & Facial Surgery",https://ifofs.com,"Idaho Falls",Idaho,"Oral surgeon"
hillamorthodontics@gmail.com,"Hillam Orthodontics - Board Certified",http://www.hillamorthodontics.com,"Idaho Falls",Idaho,Orthodontist
elisonortho06@gmail.com,"Elison & Wood Orthodontics",http://idahofallsorthodontics.com,"Idaho Falls",Idaho,Orthodontist
davidhillfamilydentistry@gmail.com,"David J Hill DDS Family Practice",http://www.davidhilldds.com,"Idaho Falls",Idaho,Dentist
ccmadisondental@gmail.com,"Madison Park Dental Center",https://www.madisonparkdental.com,Rexburg,Idaho,Dentist
rigbydentistry@gmail.com,"Rigby Dental",http://www.rigbydentistry.com,Rigby,Idaho,"Dental clinic"
americanfallsdental@gmail.com,"Falls Dental",http://americanfallsdental.com,"American Falls",Idaho,Dentist
owendental@yahoo.com,"Owen Dental",http://owendental.blogspot.fr,"Idaho Falls",Idaho,Dentist
gillbraces@gmail.com,"Gill Orthodontics",http://www.gillbraces.com,"Idaho Falls",Idaho,Orthodontist
beckymrivers@gmail.com,"Teeth Whitening By Becky",http://luminancesmile.com,"Idaho Falls",Idaho,"Teeth Whitening"
pattendental@gmail.com,"Patten Family Dentistry: Dr. Jeffrey M. Patten DDS",http://www.pattenfamilydentistry.com,Moscow,Idaho,Dentist
drpeterson1138@gmail.com,"Wayne Peterson DMD",https://drwaynepeterson.com,Moscow,Idaho,Dentist
0a2rdgrangeville@gmail.com,"Randy Lee Sorensen DDS",http://www.sorensendmd.com,Lewiston,Idaho,Dentist
qualitycanda@gmail.com,"Dr. Ammon Michael Pitt",http://www.qualitycanda.com,Potlatch,Idaho,Dentist
idahobraces@gmail.com,"Orthodontics At BridgeTower: Michael D. Payne DMD",http://www.idahobraces.com,Meridian,Idaho,Orthodontist
netttie.wrs@gmail.com,"My Smile Labs",http://nampa.mysmilelabs.com,Nampa,Idaho,"Teeth whitening service"
smilespanampa@gmail.com,"Smile Spa Teeth Whitening",http://www.smilespateethwhitening.com,Nampa,Idaho,"Teeth whitening service"
illuminateteethwhitening@gmail.com,"Illuminate Teeth Whitening",https://illuminateteethwhitening.com,Meridian,Idaho,"Teeth whitening service"
southernspringsdental@yahoo.com,"Southern Springs Dental",http://www.southernspringsdental.com,Meridian,Idaho,Dentist
choicehandpiecerepair@gmail.com,"The Dentist's Choice",http://www.thedentistschoice.com,Nampa,Idaho,Dentist
fowlerorthodontics@gmail.com,"Fowler Orthodontics",https://www.drfowlerortho.com,Meridian,Idaho,Orthodontists
idahopremierdentures@gmail.com,"Premier Dentures",http://www.idahopremierdentures.com,Meridian,Idaho,Prosthodontists
dent4kids@hotmail.com,"Tooth Town Dentistry For Kids",https://toothtowndentistryforkids.com,Pocatello,Idaho,Dentist
just4kiddspocatello@gmail.com,"Just 4 kiDDS Dentistry For Children",https://www.just4kiddspocatello.com,Pocatello,Idaho,"Paediatric Dentist"
j.mauseth.dds@hotmail.com,"Mauseth Jason DDS",https://mausethdds.com,Pocatello,Idaho,Dentist
mvdentalclinic1@gmail.com,"Mountain View Dental Clinic Dr Jerry Walker",http://mountainviewdentalclinic.com,"Soda Springs",Idaho,"Dental clinic"
endeavordentalid@gmail.com,"Endeavor Dental Group",https://endeavor-dental.com,Pocatello,Idaho,Dentist
drdabell@gmail.com,"Idaho Center for Oral & Facial Surgery",https://www.drdabell.com,Pocatello,Idaho,"Oral surgeon"
sandycenterdental1@gmail.com,"Endeavor Dental Group",https://endeavordentalgroupofpocatello.com,Pocatello,Idaho,Dentist
driscolldental@gmail.com,"Driscoll Dental",http://www.driscolldental.com,Aberdeen,Idaho,Dentist
smilemiracles59@gmail.com,"Lon Peckham DMD - Liberty Dental Associates",http://reallyaffordabledentures.com,"Priest River",Idaho,Dentists
spiritlakedental@gmail.com,"Spirit Lake Family Dental",http://www.spiritlakefamilydental.com,"Spirit Lake",Idaho,"General Dentistry"
csdental2016@gmail.com,"Cornerstone Dental",https://www.cornerstonedentalrexburg.com,Rexburg,Idaho,Dentist
rexburgappletreedental@live.com,"Apple Tree Dental - Rexburg Dentist",http://www.rexburgappletreedental.com,Rexburg,Idaho,Dentist
docthomason@gmail.com,"North Fork Dental Care",http://www.rexburgsmiles.com,Rexburg,Idaho,"Dental clinic"
rockhousedentistry@hotmail.com,"Rockhouse Dentistry",http://www.rockhousedentistry.com,Rexburg,Idaho,Dentist
dstrobeldentistry@gmail.com,"Dirk Strobel DDS",http://www.rexburgidahodentist.com,Rexburg,Idaho,Dentist
aspenridgerexburg@gmail.com,"Aspen Ridge Dental Health Center",https://dentistrexburg.com,Rexburg,Idaho,"Dental clinic"
thedentalhealthcenter@gmail.com,"Smith Ryan D DDS",http://rexburgdentist.com,Rexburg,Idaho,"Dental clinic"
ccdental00@yahoo.com,"Cedar Creek Dental",https://www.cedarcreekdentist.com,Rigby,Idaho,Dentist
tbodental@gmail.com,"Dr. John R. Toenjes DDS",https://www.tbodental.com,"St Anthony",Idaho,Dentist
dansiedental@hotmail.com,"Brightside Dental",http://www.dansiedental.com,Rigby,Idaho,Dentist
heyrae.artistry@gmail.com,"Hey Rae Artistry",http://heyraeartistry.com,Rexburg,Idaho,"Teeth whitening service"
mdentinc2007@yahoo.com,"Mike Merrell Dentistry",https://www.mikemerrelldentistrydds.com,Rexburg,Idaho,Dentist
skihilldental@gmail.com,"Ski Hill Dental",https://www.skihilldental.com,Driggs,Idaho,Dentist
poppletonfamilydentistry@hotmail.com,"Poppleton Kyle D. DDS",http://poppletondental.com,"Twin Falls",Idaho,Dentist
oothdental@yahoo.com,"Sawtooth Dental",http://sawtoothdental.com,"Twin Falls",Idaho,Dentist
tingeydental@hotmail.com,"Tingey Dental",http://www.tingeydental.com,"Twin Falls",Idaho,Dentist
riverrockdentistry@gmail.com,"River Rock Dental",http://www.riverrockdentistry.com,"Twin Falls",Idaho,Dentist
tfdentist@gmail.com,"Mark W. Wright DDS PA",https://www.markwrightdds.com,"Twin Falls",Idaho,Dentist
northcollegedental@gmail.com,"North College Dental PC - Dr. Mark Lambert DMD",https://northcollegedental.com,"Twin Falls",Idaho,Dentist
newhorizondental1@gmail.com,"New Horizon Dental PLLC - Daniel E. Wood D.M.D",https://www.newhorizondentaltwinfalls.com,"Twin Falls",Idaho,Dentist
romriellpros@gmail.com,"First Choice Denture & Implant Center",https://myfirstchoicedental.com,"Twin Falls",Idaho,"Denture Care Centre"
hughesdentalpllc@gmail.com,"Hughes Dental",https://hughesdentalpllc.com,"Twin Falls",Idaho,"Dental clinic"
joelnewtondds@gmail.com,"Joel Newton D.D.S. P.A",http://southernidahoperiodontist.com,"Twin Falls",Idaho,"Dental implants periodontist"
cressdentaltf@gmail.com,"Cress Dental",https://www.cressdental.com,"Twin Falls",Idaho,Dentist
twinelko@hotmail.com,"Dr. Shane L. Schvaneveldt DDS MClD Orthodontist",http://www.twinfallsorthodontics.com,"Twin Falls",Idaho,Orthodontist
elisondentistry@gmail.com,"Elison Newell T DDS",http://elisondentistry.com,Jerome,Idaho,Dentist
valgarndds@hotmail.com,"Val Garn D.D.S.",http://burleyfamilydentist.com,Burley,Idaho,Dentist
jaredjohnsondds@gmail.com,"Jared C Johnson DDS",https://jaredjohnsondds.com,Burley,Idaho,Dentist
clovercreekdental@gmail.com,"Mclaughlin John DDS",http://www.clovercreekdental.com,Gooding,Idaho,Dentist
newclearvision4@gmail.com,"Dr. Steve P. Garn DDS",https://loyaltybeauty-toys.ueniweb.com,Burley,Idaho,Dentist
lifestyledentures@gmail.com,"Lifestyle Dentures",http://lifestyledenturesid.com,Buhl,Idaho,"Denture Care Centre"
gturnerdds@gmail.com,"Twin Falls Co1",http://www.twinfallsdental.com,"Twin Falls",Idaho,Dentists
