email,company_name,website,city,state,profession
gsolis@laclinica.org,"La Clinica Fruitvale Dental",https://www.laclinica.org,Oakland,California,"Dental clinic"
drwilliams@emergencydentalservice.com,"Emergency Dentist Oakland CA",https://www.emergencydentalservice.com,Oakland,California,"Emergency dental service"
office.dballendds@sbcglobal.net,"Uptown Pediatric Dentistry Denise Bass Allen DDSINC",http://www.denisebassallendds.com,Oakland,California,"Paediatric Dentist"
fujinaka@fujiperio.com,"Glenn M Fujinaka DDS",http://www.fujinakaperio.com,Oakland,California,"Dental implants periodontist"
annarda@griggsorthodontics.com,"Griggs Orthodontics: Reginald Griggs DDS",https://www.griggsorthodontics.com,"Castro Valley",California,"Cosmetic dentist"
smile@florestaplazadental.com,"Floresta Plaza Dental",http://www.florestaplazadental.com,"San Leandro",California,"General Dentistry"
implants@perio.org,"Contemporary Periodontics & Dental Implants",http://www.yuriveber.com,Berkeley,California,"Dental implants periodontist"
appointments@smilebritedentistry.com,"Smile Brite Dental",https://www.smilebritedentistry.com,Anaheim,California,"Cosmetic dentist"
ramesh@ddsgowda.com,"Golden State Dental Group: Gowda Ramesh DDS",http://www.ddsgowda.com,Anaheim,California,"Dental implants periodontist"
ahpediatricdentist@att.net,"Anaheim Hills Pediatric Dental Practice",https://www.anaheimhillspediatricdentistry.com,Anaheim,California,"Paediatric Dentist"
superking@superkingmarket.com,"FUNLAND DENTAL",https://superkingmarkets.com,Anaheim,California,"Dental clinic"
drrobertgo@gofamilydental.com,"Go Family Dental",http://www.gofamilydental.com,Anaheim,California,"Dental clinic"
mykidsdentistanaheimhills@smilegeneration.com,"My Kids Dentist & Orthodontics",https://www.mykidsdentistanaheimhills.com,Anaheim,California,"Paediatric Dentist"
beausoares@att.net,"Anaheim Hills Oral Maxillofacial & Implant Surgery",http://anaheimhillsoralsurgery.com,Anaheim,California,"Oral surgeon"
drbeap@tustinpediatricdentistry.com,"Pediatric Dentistry",http://www.tustinpediatricdentistry.com,Tustin,California,"Paediatric Dentist"
tustin@bakerpediatricdentalcare.com,"Ryan B. Baker DMD - Pediatric Dentistry",http://www.bakerpediatricdentalcare.com,Tustin,California,"Paediatric Dentist"
pohri@healthysmilesoc.org,"Healthy Smiles For Kids of Orange County",http://www.healthysmilesoc.org,"Garden Grove",California,"Dental clinic"
drsoboh@sobohdental.com,"Soboh Liswi Dental",http://www.sobohliswidental.com,Pomona,California,"Dental clinic"
implants-na-programs@dentsplysirona.com,"Providence Prosthodontics Dental Group",http://guichetdental.com,Orange,California,"Dental implants periodontist"
dentist@joycekahngdds.com,"Joyce Kahng DDS",http://www.joycekahngdds.com,"Costa Mesa",California,"Cosmetic dentist"
smile@lollipopdental.com,"Lollipop Dental - Placentia",https://lollipopdental.com,Placentia,California,"Paediatric Dentist"
drfahmy@buenaparksmiles.com,"Buena Park Dental Center",http://www.buenaparksmiles.com,"Buena Park",California,"Dental clinic"
smohs@carecredit.com,"Grand Dental",https://www.carecredit.com,Anaheim,California,"Dental clinic"
clovis@aavadental.com,"Aava Dental",http://aavadental.com,Fullerton,California,"Dental clinic"
orange@goldcoastdental.com,"Orange Dental Care",https://orangesmiles.com,Orange,California,"Dental clinic"
tustin@mycreativesmiles.com,"Dr. Amit Shah DDS / Dentist: Tustin",https://www.tustinsmile.com,Tustin,California,"Dental implants periodontist"
njcarden5114@att.net,"Kevin K Tanaka DDS",https://findadentist.ada.org,Orange,California,"General Dentistry"
925-754-5551mydentist@smilelinedentistry.com,"Smile Line Dentistry",http://www.smilelinedentistry.com,Antioch,California,"Cosmetic dentist"
drgoyal@northshorekidsdental.com,"North Shore Kids Dental",http://www.northshorekidsdental.com,Antioch,California,"Dental clinic"
drnassiri@vivodental.com,"Vivo Dental",http://www.vivodental.com,Antioch,California,"Dental clinic"
zulay@loftindental.com,"Loftin Dental Family and Cosmetic Dentistry",http://www.loftindental.com,Concord,California,"Dental clinic"
naz@moragadentalcare.com,"Moraga Dental Care",https://www.moragadentalcare.com,Moraga,California,"Cosmetic dentist"
referrals@mychildrenschoice.com,"Childrens Choice Dental Care",http://www.mychildrenschoice.com,Antioch,California,"Paediatric Dentist"
brentwood@orcharddentist.com,"Orchard Dentistry+Orthodontics",http://www.orcharddentist.com,Brentwood,California,"Dental clinic"
danville@kidstoothdoctor.com,"Pediatric Dentistry",https://www.kidstoothdoctor.com,Concord,California,"Paediatric Dentist"
drchang@cd-wc.com,"Children's Dentistry of Walnut Creek",http://www.cd-wc.com,"Walnut Creek",California,"Pediatric Dentist"
jake@brentwoodpress.com,"Alameda Pediatric Dentistry - Brentwood",https://www.thepress.net,Brentwood,California,"Pediatric Dentist"
drperez@afivestarsmile.com,"Ricardo M Perez DDS",https://afivestarsmile.com,"Pleasant Hill",California,"Cosmetic dentist"
appointments@popedental.com,"Pope Dental",https://popedental.com,"Walnut Creek",California,"Cosmetic Dentist"
scott@dradishian.com,"Adishian Scott R DDS Inc",http://www.cosmeticdentistrypalmdesert.com,"Palm Desert",California,"Cosmetic Dentist"
eddieso@arcadiachildrendentist.com,"Arcadia Pediatric Dental Practice & Orthodontics",https://www.arcadiachildrendentist.com,Monrovia,California,"Paediatric Dentist"
r.camacho@sunsetdentalprofessionals.com,"Sunset Dental Professionals",http://www.sunsetdentalprofessionals.com,"West Covina",California,"Dental clinic"
info1@pasadenachildrensdentistry.com,"Pasadena Childrens Dentistry & Orthodontics",https://pasadenachildrensdentistry.com,Pasadena,California,"Paediatric Dentist"
letran@emilyletrandds.com,"Foothill Dental Center",http://www.emilyletrandds.com,Monrovia,California,"General Dentistry"
smile@frankdds.com,"Thomas Frank DDS",http://www.frankdds.com,Bakersfield,California,"Cosmetic dentist"
bakersfieldkidsdentistry@smilegeneration.com,"Bakersfield Kids Dentistry and Orthodontics",https://www.bakersfieldkidsdentistry.com,Bakersfield,California,"Paediatric Dentist"
dentist@gatewayfamilydentalca.com,"Gateway Family Dentistry",http://www.gatewayfamilydentalca.com,Bakersfield,California,"Dental clinic"
denise@bakersfieldendo.com,"Bakersfield Endodontics",http://www.bakersfieldendo.com,Bakersfield,California,"Dental clinic"
hinfantedds@bellarisadds.com,"Bella Risa Dental",https://bellarisadds.com,Bakersfield,California,"Dental clinic"
vikky@millennium-dental.net,"Millenium Dental Center",https://www.millennium-dental.net,Bakersfield,California,"Dental clinic"
drben@belmontplazadental.com,"Belmont Plaza Dental Care: Ben Hokmabadi DDS",https://www.belmontplazadentalcare.com,Belmont,California,"Dental clinic"
drgupta@peninsuladentalimplants.com,"Peninsula Dental Implant Center",http://www.peninsuladentalimplants.com,"San Carlos",California,"Dental implants periodontist"
smdc@glennbelendds.com,"San Mateo Dental Care",http://www.glennbelendds.com,"San Mateo",California,"Dental clinic"
daniele@capoferridentaldesign.com,"Swiss Dental Design",https://capoferridentaldesign.com,"Foster City",California,"Dental clinic"
financial@pcortho.com,"Phelps & Cohen Orthodontics",http://www.pcortho.com,"San Jose",California,"Dental clinic"
dale@redwoodcitydentistry.com,"Rubinchik Cohen Dental Care",https://www.redwoodcitydentistry.com,"Redwood City",California,"General Dentistry"
dr.schreiber@telechiropractic.org,"Marites Escarpe",http://provider.kareo.com,Belmont,California,"Oral surgeon"
referral.center@ucsfmedctr.org,"Dentistry: UCSF Benioff Childrens Hospital Oakland",https://www.ucsfbenioffchildrens.org,Oakland,California,"Dental clinic"
kwan@perioscopyinc.com,"East Bay Periodontics and Implant Dentistry",https://www.invision-perio.com,Oakland,California,"Dental implants periodontist"
smile@marinatoothfairy.com,"Dr. Hibret Hailu Benjamin D.D.S. - Marina Tooth Fairy Dental",https://marinatoothfairy.com,"San Francisco",California,"Cosmetic dentist"
doctor@orindadentist.com,"Virginia H. Ellis DDS Dental Corp",https://www.orindadentist.com,Orinda,California,"Cosmetic Dentist"
diamond@diamonddentalhygienecare.com,"Diamond Dental Hygiene",http://diamonddentalhygienecare.com,Richmond,California,"Dental hygienist"
meuy@mirhadidds.com,"Nooshan Mirhadi DDS",http://www.mirhadidds.com,Berkeley,California,"General Dentistry"
drd@breathcure.com,"Center For Breath treatment",http://www.breathcure.com,"Mill Valley",California,"General Dentistry"
megan@restorativecypress.com,"Carol Kinsey Goman",https://www.restorativecypress.com,Berkeley,California,"General Dentistry"
ani@arthurglosmandds.com,"Arthur Glosman Beverly Hills Cosmetic Dentist",https://arthurglosmandds.com,"Beverly Hills",California,"Cosmetic dentist"
justin@drsands.com,"Smiles Of Beverly Hills",http://www.smilesofbeverlyhills.com,"Beverly Hills",California,"Cosmetic Dentist"
drdo@canoncosmeticdental.com,"Canon Cosmetic Dental Group",https://canoncosmeticdental.com,"Beverly Hills",California,"Dental clinic"
givebackasmile@aacd.com,"Beverly Hills Institute of Dental Esthetics",https://cosmetic-dentistry.com,"Beverly Hills",California,"Cosmetic dentist"
rodney@rifkinraanan.com,"Dr. Robert Rifkin",http://www.robertrifkin.com,"Beverly Hills",California,"Cosmetic dentist"
concierge@theartofdentalwellness.com,"The Art Of Dental Wellness- Kerri M. Hill DDS.",https://theartofdentalwellness.com,"Beverly Hills",California,"Cosmetic dentist"
drrashti@smilingveteran.org,"MR Dental Aesthetics",http://www.drrashti.com,"Beverly Hills",California,"Dental implants periodontist"
smile@thepracticebh.com,"The Practice",http://thepracticebh.com,"Beverly Hills",California,"Cosmetic dentist"
drvafa@smileangels.com,"Smile Angels of Beverly Hills - Bruce Vafa DDS.",https://smileangels.com,"Beverly Hills",California,"Cosmetic dentist"
nadem@smileboutiquegroup.com,"Smile Boutique Beverly Hills",https://www.smileboutiquegroup.com,"Beverly Hills",California,"Cosmetic dentist"
mynetworks0481@sesamecommunications.com,"Newhart Orthodontics",http://www.drnewhart.com,"Beverly Hills",California,"Dental clinic"
drc@drconnelly.com,"Thomas Connelly DDS",http://www.drconnelly.com,"Beverly Hills",California,"Cosmetic dentist"
drgabbaypour@beverlyhillsoralsurgery.com,"Beverly Hills Oral Surgery",http://beverlyhillsoralsurgery.com,"Beverly Hills",California,"Oral surgeon"
registration@implantedu.org,"Global Academy of Oral Implantology",https://implantedu.org,"Beverly Hills",California,"Dental implants periodontist"
elichai@drseo.com,"Oral Surgeons Beverly Hills",https://beverlyhillsoralsurgeons.com,"Beverly Hills",California,"Dental clinic"
concierge@smilemakersla.com,"Dr. Pasha Hakimzadeh",https://smilemakersla.com,"Beverly Hills",California,"Cosmetic dentist"
drkatz@katzdentalgroup.com,"Katz Dental Group",https://katzdentalgroup.com,"Los Angeles",California,"Dental clinic"
dre@ladentist.com,"Dental Implant Center Los Angeles",https://implantcenterlosangeles.com,"Los Angeles",California,"Dental implants periodontist"
drjay@jayschulmandds.com,"Jay M. Schulman DDS",https://www.jayschulmandds.com,"West Hollywood",California,"Cosmetic Dentists"
dr.fahid@dentalwestwood.com,"Los Angeles & Beverly Hills Emergency Dentist- 24 hour emergency dentistry",http://www.zakhordental.com,"Los Angeles",California,"Emergency dental service"
smile@museumdental.com,"Museum Dental Center",https://museumdental.com,"Los Angeles",California,"General Dentistry"
smile@laholisticdentistry.com,"Karla Solis DDS - LA Holistic Dentistry",http://www.laholisticdentistry.com,"Los Angeles",California,"Dental clinic"
smile@smileinla.com,"Cosmetic Dentist Hollywood",https://www.cosmeticdentisthollywood.com,"Los Angeles",California,"Cosmetic dentist"
markadds@sbcglobal.net,"Mark Aranbasich DDS",http://www.markaranbasichdds.com,"Los Angeles",California,"General Dentistry"
dryang@signadent.com,"Signature Dental - Dr. Mimi F. Yang DDS",http://www.signadent.com,Brea,California,"Cosmetic dentist"
ontario@dentalkidzclub.com,"Dental Kidz Club - Brea",https://dentalkidzclub.com,Brea,California,"Paediatric Dentist"
gil@frontierdentallab.com,"Frontier Dental Laboratories",http://frontierdentallab.com,Brea,California,"Cosmetic dentist"
fda@excellencedentalservices.com,"Excellence Dental Services",http://www.excellencedentalservices.com,Fullerton,California,"Dental clinic"
mykidsdentistlahabra@smilegeneration.com,"My Kids Dentist & Orthodontics - La Habra",https://www.mykidsdentistlahabra.com,"La Habra",California,"Paediatric Dentist"
office59@britedental.org,"Star 28 Dental",https://www.britedental.org,"Buena Park",California,"Dental clinic"
drbingdench@drdenolochavez.com,"Buena Park Dental Spa",http://drdenolochavez.com,"Buena Park",California,"Dental clinic"
tcdla@tcdortho.com,"Total Care Dental & Orthodontics",https://tcdortho.com,"Baldwin Park",California,"Dental clinic"
f.fernandezdds@verizon.net,"Artesia Dental Care",http://www.gorgeousmile.com,Artesia,California,"General Dentistry"
nisha@alamedasmilecare.com,"Alameda Family & Cosmetic",http://www.alamedasmilecare.com,Burbank,California,"Dental clinic"
smiles@drzinnia.com,"Zinnia Carlos Regala DDS",http://www.drzinnia.com,Burbank,California,"Paediatric Dentist"
dr.chethan@eaglerockdentistry.com,"Eagle Rock Family Dentistry",http://www.eaglerockdentistry.com,"Los Angeles",California,"Dental clinic"
drkim@brushandsmile.com,"Lucio H. Kim DDS",https://www.brushandsmile.com,Glendale,California,"General Dentistry"
ashbydental777@sbcglobal.net,"William W. Ashby DDS",http://williamashbydds.com,"La Crescenta",California,"General Dentistry"
volunteer@cdsdp.org,"Calexico Health Clinic - Clinicas de Salud del Pueblo",http://www.cdsdp.org,Calexico,California,"Dental clinic"
ursula@angwindental.net,"Angwin Dental - Family Dental Care: Peter Vandenhoven DDS",https://angwindental.us,Angwin,California,"Dental clinic"
ashley@lacostadentalexcellence.com,"La Costa Dental Excellence",https://www.lacostadentalexcellence.com,Carlsbad,California,"Cosmetic dentist"
forumfamilydental@att.net,"Forum Family Dental",http://www.forumfamilydental.com,Carlsbad,California,"Dental clinic"
jeff@drfruin.com,"Fruin Family Dental",https://drfruin.com,Carlsbad,California,"Cosmetic dentist"
carlsbad@exceldentaloffice.com,"Akash Lapsi DDS",http://www.exceldentaloffice.com,Carlsbad,California,"Dental clinic"
oceanside@timkimdental.com,"Ocean Heart Dentistry - Kj Kim Dental Corp",https://dentalimplantsoceanside.com,Oceanside,California,"Dental clinic"
drhoss@thesuperdentists.com,"The Super Dentists",https://www.thesuperdentists.com,Oceanside,California,"Paediatric Dentist"
contacts@tccdsmiles.com,"Tri-City Childrens Dentistry and Orthodontics",http://www.tricitychildrensdentistry.com,Oceanside,California,"Paediatric Dentist"
doctor@mcbridedental.com,"McBride Dental",https://www.mcbridedental.com,"San Marcos",California,"Cosmetic dentist"
lasposasdentalpractice@smilegeneration.com,"Pacific Dental Services",http://www.lasposasdentalpractice.com,"San Marcos",California,"Dental clinic"
jan@jpconsultants.com,"The JP Institute",https://www.thejpinstitute.com,Carlsbad,California,"Dental hygienist"
encinitasendo@sbcglobal.net,"Encinitas Endodontics",https://www.encinitasendo.com,Encinitas,California,"Dental clinic"
vista@mykidsdentistonline.com,"My Kids Dentist & Orthodontics",https://www.mykidsdentistvista.com,Vista,California,"Paediatric Dentist"
smile@kidmazingdental.com,"Kidmazing Dental & Orthodontics",http://www.kidmazingdental.com,"San Marcos",California,"Paediatric Dentist"
tustin@timkimdental.com,"Keon Jung Kim Dental Corp",http://www.timkimdental.com,Carlsbad,California,"Dental clinic"
saber.hayani@azurmedical.tn,"Zimmer Dental",http://www.zimmerdental.com,Carlsbad,California,"General Dentistry"
smile@drbainer.com,"The Smile Gallery",http://thesmilegalleryonline.com,Escondido,California,"Cosmetic Dentist"
tthornton@amplahealth.org,"Ampla Health Chico Dental",https://www.amplahealth.org,Chico,California,"Dental clinic"
dr@forestavedental.com,"Forest Avenue Dental: Gary Walker DDS",https://www.forestavedental.com,Chico,California,"Cosmetic dentist"
smile@levipalmerdds.com,"Skyway Pediatric Dentistry",http://www.levipalmerdds.com,Chico,California,"Paediatric Dentist"
sam@samhalabodmd.com,"Sam J. Halabo DMD - Chula Vista Dentist",https://www.samhalabodmd.com,"Chula Vista",California,"Cosmetic dentist"
kidsdentist@sbpdg.com,"South Bay Pediatric Dental Group",http://www.sbpdg.com,"Chula Vista",California,"Dental clinic"
eastlakelaser@cox.net,"North Park Smiles",http://northparksmiles.com,"San Diego",California,"Dental clinic"
chulavista2@mykidsdentistonline.com,"My Kids Dentist",https://www.mkdcanyonvista.com,"Chula Vista",California,"Paediatric Dentist"
karolina@tworiversdental.com,"Millenia Dental",http://www.milleniadental.com,"Chula Vista",California,"Dental clinic"
ccrr@mwrsw.com,"North Air Station North Island - Branch Dental Clinic",https://sandiego.tricare.mil,"San Diego",California,"Dental clinic"
marcosortegadds@mysandiegosmiles.com,"Marcos Ortega DDS",https://www.mysandiegosmiles.com,"San Diego",California,"Cosmetic dentist"
newsmiles@ashopforsmiles.com,"A Shop For Smiles - Richard J Hagstrom DDS",https://www.ashopforsmiles.com,"La Mesa",California,"Cosmetic dentist"
daviddonnellydds@att.net,"David M. Donnelly DDS",https://www.daviddonnellydds.com,"San Diego",California,"Cosmetic dentist"
heather@bonitadentalcare.com,"Bonita Dental Center",http://www.bonitadentalcare.com,Bonita,California,"Dental implants periodontist"
drsbajars@drbajarsdental.com,"Tania Bajars DDS",http://bajarsdental.com,"San Diego",California,"Dental clinic"
hayley@familydentalgroup.net,"Family Dental Group",http://www.familydentalgroup.net,"Chula Vista",California,"Dental clinic"
info_rancho@ieomfs.com,"Inland Empire Oral & Maxillofacial Surgeons - Upland",https://www.ieomfs.com,Upland,California,"Oral Surgeons"
shipping@stevensondentalsolutions.com,"Stevenson Dental Solutions",http://stevensondentalsolutions.com,"San Dimas",California,"Dental clinic"
hemet@sahara-dental.com,"Sahara Dental",http://www.sahara-dental.com,Pomona,California,"Dental clinic"
appointment@sibbachdentistry.com,"Sibbach Dentistry",http://www.sibbachdentistry.com,Chino,California,"General Dentistry"
mgl@westcoastdental.com,"Magicland Childrens Dental of Rancho Dominguez",https://www.magiclanddental.com,Compton,California,"Paediatric Dentist"
amedina@apla.org,"APLA Health - S. Mark Taper Foundation Center Dental Clinic",http://www.aplahealth.org,"Los Angeles",California,"Dental clinic"
xochitl@cdcsouthgate.com,"City Dental Care",http://cdcsouthgate.com,"South Gate",California,"Dental clinic"
megan@chamberofcommerce.com,"Imperial Dental Center",https://www.chamberofcommerce.com,"South Gate",California,"Dental clinic"
mojab@att.net,"Huntington Family Dental",http://www.huntingtondentalclinic.com,"Huntington Park",California,"General Dentistry"
jeffrey@yamashirodds.com,"Jeffrey Y Yamashiro DDS",http://www.yamashirodds.com,Gardena,California,"General Dentistry"
drlee@allaboutthesmile.com,"Tiffany Lee DDS",http://allaboutthesmile.com,Torrance,California,"General Dentistry"
yoav@torchedm.com,"Florence Family Dentistry",http://www.florencefamilydentistry.com,Bell,California,"General Dentistry"
appointments@concordadvanceddentistry.com,"Concord Advanced Dentistry",http://www.concordadvanceddentistry.com,Concord,California,"Cosmetic dentist"
smile@contracostachildrensdentistry.com,"Contra Costa Childrens Dentistry - Tiffany H. Ham DDS APC",http://www.contracostachildrensdentistry.com,"Walnut Creek",California,"Paediatric Dentist"
stanadds@sbcglobal.net,"Dr. Daniel R. Pestana DDS - Cosmetic Dentist",https://drpestanadds.com,"Walnut Creek",California,"Cosmetic dentist"
fo@missiondentalhealth.net,"Mission Dental Health",https://www.missiondentalhealth.net,"San Francisco",California,"Dental clinic"
dr.james@walnutcreekdentist.com,"Mattingly James DDS",http://www.walnutcreekdentist.com,"Walnut Creek",California,"Cosmetic dentist"
drmelissa@shadelandspediatricdentistry.com,"Shadelands Pediatric Dentistry",http://www.shadelandspediatricdentistry.com,"Walnut Creek",California,"Paediatric Dentist"
crescentdc@att.net,"Crescent Dental Center - Dr. Gemma Francisco Baluyut DDS",http://crescentdentalcenter.com,"Pleasant Hill",California,"Dental clinic"
amy@georgeswansondds.com,"Swanson George W DDS",http://www.georgeswansondds.com,Martinez,California,"General Dentistry"
cengddsinc@sbcglobal.net,"T. Christine Eng DDS Inc.",http://www.cengdds.com,"Walnut Creek",California,"General Dentistry"
moradadental@cheemadental.com,"Dr. Jasbir S. Cheema DDS",http://www.cheemadental.com,Livermore,California,"Dental clinic"
coronafamdental@att.net,"Corona Family Dental Group",https://www.coronafamilydentist.com,Corona,California,"Dental clinic"
mkdmainstreet@smilegeneration.com,"My Kids Dentist & Orthodontics",https://www.mkdmainstreet.com,Corona,California,"Paediatric Dentist"
mykidsdentisthamner@smilegeneration.com,"My Kids Dentist & Orthodontics",https://www.mykidsdentisthamner.com,Norco,California,"Paediatric Dentist"
mykidsdentistcoronahills@smilegeneration.com,"My Kids Dentist",https://www.mykidsdentistcoronahills.com,Corona,California,"Paediatric Dentist"
moms@missionoms.com,"Mission Oral & Maxillofacial Surgery",http://www.missionoms.com,Riverside,California,"Oral surgeon"
smile@drmodarres.com,"Yorba Canyon Dentistry",http://drmodarres.com,"Yorba Linda",California,"Dental clinic"
eastvalesmilesdentistry@smilegeneration.com,"Eastvale Smiles Dentistry",https://www.eastvalesmilesdentistry.com,Eastvale,California,"Dental clinic"
smile@chinosmilesdentist.com,"Chino Smiles Dentistry and Orthodontics",http://www.chinosmilesdentist.com,Chino,California,"General Dentistry"
laderaranchdds@petersdental.com,"Peters Family Dentistry",https://www.petersdental.com,Riverside,California,"General Dentistry"
kidsworlddental@att.net,"Kids World Children's Dentistry",http://www.riversidekidsdentist.com,Riverside,California,"Pediatric Dentist"
debora.bridges@airtechniques.com,"Air Techniques",http://www.airtechniques.com,Corona,California,"General Dentistry"
allied@arsnet.com,"California Refrigeration Supplies",http://arsnet.com,Corona,California,"General Dentistry"
michaelcoppdds@san.rr.com,"Michael B Copp D.D.S Inc.",http://www.drcopp.com,Coronado,California,"Cosmetic dentist"
dsilverstein22@cox.net,"UCSD Student-Run Free Dental Clinic at Veterans Village",http://ucsdpds.org,"San Diego",California,"Dental clinic"
form@dentalaffairs.com,"Denistry @ Its Finest",http://dentalaffairs.com,"Costa Mesa",California,"Dental clinic"
calcval-technology@assistanceleague.org,"Cheri Harris Dental Center",https://www.assistanceleague.org,"Costa Mesa",California,"Dental clinic"
appointments@drchrispens.com,"John B. Chrispens DDS and Associates",https://www.drchrispens.com,"Newport Beach",California,"Dental clinic"
hvi@hoag.org,"The Beauchamp Dental Clinic",https://www.hoag.org,"Newport Beach",California,"Dental clinic"
smile@hbkidsdentistry.com,"HB Kids Dentistry and Orthodontics",https://www.hbkidsdentistry.com,"Huntington Beach",California,"Paediatric Dentist"
drkent@socosmiles.com,"South Coast Pediatric Dentistry",http://www.socosmiles.com,"Santa Ana",California,"Dental clinic"
icd@childrensdentistry.com,"Capistrano Childrens Dentistry",http://www.capistranochildrensdentistry.com,"San Juan Capistrano",California,"Paediatric Dentist"
drsahafi@doverdental.com,"Dover Dental",http://www.doverdental.com,"Newport Beach",California,"Cosmetic Dentist"
newpatient@dondds.com,"Jamboree Dental",http://www.dondds.com,Irvine,California,"Dental clinic"
cathy@balboaislanddentistry.com,"Balboa Island Dentistry: Stephen Alfano DDS",http://www.balboaislanddentistry.com,"Newport Beach",California,"General Dentistry"
hspid@healthysmilesperiodontics.com,"Healthy Smiles Periodontics",http://www.healthysmilesperiodontics.com,Torrance,California,"Dental clinic"
smile@drhomyak.com,"Natalia Homyak DDS",http://www.drhomyak.com,"Marina del Rey",California,"Cosmetic Dentists"
jotform@sfdentalimplants.com,"Alex Rabinovich DDS MD",http://www.oralsurgery-sf.com,"San Francisco",California,"Oral surgeon"
natalie@chompertown.com,"Chompers Pediatric Dentistry & Orthodontics",http://www.chompertown.com,"South San Francisco",California,"Paediatric Dentist"
sgelber@healthlinks.net,"Emergency Dental Assistance",https://healthlinks.net,"San Francisco",California,"Emergency dental service"
smile@ragadio.com,"Ragadio Dental Group",http://ragadio.com,"San Francisco",California,"General Dentistry"
lakeshore.dental@sbcglobal.net,"Lakeshore Dental Care",http://www.lakeshoredentalsf.com,"San Francisco",California,"General Dentistry"
dramanda@emergencydentistsusa.com,"Emergency Dentists USA",https://www.emergencydentistsusa.com,"San Francisco",California,"Emergency dental service"
drposert@islanddentalsf.com,"Island Dental",https://www.islanddentalsf.com,"San Francisco",California,"Cosmetic Dentist"
drchau@housecalldentists.com,"House Call Dentists",https://housecalldentists.com,"San Francisco",California,"Dental clinic"
appointments@ddschan.com,"Derrick M Chan DDS",https://www.ddschan.com,"San Francisco",California,"Dental clinic"
pak@sfsmile.com,"Minsik Pak DDS",http://www.sfsmile.com,"San Francisco",California,"General Dentistry"
drdavid@davidlrothmandds.com,"David L Rothman DDS",http://www.davidlrothmandds.com,"San Francisco",California,"Pediatric Dentists"
smile@kimliaodds.com,"Kimberly A Liao DDS",https://www.kimliaodds.com,"South San Francisco",California,"General Dentistry"
childressdental@emaildds.com,"James W. Childress DDS Inc. of Davis",http://childressdental.com,Davis,California,"Dental clinic"
drtran@varsitydentistry.com,"Varsity Dentistry",http://www.varsitydentistry.com,Davis,California,"Dental clinic"
teruko@davisperio.com,"David Du D.D.S.M.S.",http://www.davisperio.com,Davis,California,"Dental implants periodontist"
janderson@onecommunityhealth.com,"One Community Health",https://onecommunityhealth.com,Sacramento,California,"Dental clinic"
fairfield@mykidsdentistonline.com,"My Kids Dentist & Orthodontics",https://www.mkdfairfield.com,Fairfield,California,"Paediatric Dentist"
drdezham@amiraclesmile.com,"A Miracle Smile",http://www.amiraclesmile.com,Sacramento,California,"General Dentistry"
beautifulsmiles@drnoor.com,"Norwalk Village Dental Center",http://www.drnoor.com,Norwalk,California,"Dental clinic"
dr.zuniga@amazingsmilefamily.com,"Amazing Smile Family Dental",http://www.amazingsmilefamilydental.com,Bellflower,California,"General Dentistry"
michele@dentistsinwhittier.com,"Whittier Square Dentistry",http://www.dentistsinwhittier.com,Whittier,California,"Cosmetic Dentist"
liz@brawleydentist.com,"Brawley Dental Family and Cosmetic Dentistry",http://www.brawleydentist.com,Brawley,California,"Cosmetic dentist"
griselda@britechoicedental.com,"Brite Choice Dental",http://www.britechoicedental.com,"El Monte",California,"Dental clinic"
tcac@tzuchi.us,"Buddhist Tzu Chi Community Dental Clinic",http://www.tzuchimedicalfoundation.org,"South El Monte",California,"Dental clinic"
sylvia@queens-dental.com,"Queens Dental Group",http://www.queens-dental.com,"West Covina",California,"General Dentistry"
dr.hollister@sbcglobal.net,"Arcadia Family Dentistry",http://www.arcadia-family-dentistry.com,Arcadia,California,"General Dentistry"
lknowles@medental.org,"Maine Dental Office",http://www.medental.org,"Baldwin Park",California,"General Dentistry"
uptowndental@popp.net,"Uptown Dental Group",http://uptowndental.com,Whittier,California,"Dental clinic"
michele@michelecanonfit.com,"Brandon V Cuccia DDS",http://www.michelecanonfit.com,"San Marino",California,"General Dentistry"
peterdodds@att.net,"Westwood Dental Center",http://westwooddentalcenter.com,"San Diego",California,"Cosmetic dentist"
dentalcareofrb@att.net,"Dental Care of Rancho Bernardo",http://www.dentalcareofranchobernardo.com,"San Diego",California,"Dental clinic"
trang@drchesler.com,"Greenberg Dental",https://drchesler.com,Encinitas,California,"Dental clinic"
windsmile1@sbcglobal.net,"Windsmile Family Dental",http://windsmiledental.com,Fairfield,California,"Dental clinic"
bereavement@northbay.org,"John Saunderson",http://northbay.org,Fairfield,California,"General Dentistry"
mykidsdentistfontana@smilegeneration.com,"My Kids Dentist & Orthodontics",https://www.mykidsdentistfontana.com,Fontana,California,"Paediatric Dentist"
samir@baselinedentalcare.com,"Baseline Dental Care",https://www.baselinedentalcare.com,Rialto,California,"Dental clinic"
sb@alifetimedental.com,"Lifetime Dental Of San Bernardino",https://www.lifetimedentalsanbernardino.com,"San Bernardino",California,"Cosmetic Dentist"
cherylpascua@newsmiledentistry.com,"New Smile Dentistry",http://www.newsmiledentistry.com,"Rancho Cucamonga",California,"General Dentistry"
temecula@hi-techsmiles.com,"Riverside Dental Office",http://www.hi-techsmiles.com,Riverside,California,"Cosmetic dentist"
mntdentist@michaelewertdds.com,"Lake Gregory Family Dental Practice",http://michaelewertdds.com,Crestline,California,"Dental clinic"
fremont@missionpeakdental.com,"Mission Peak Dental Care",http://missionpeakdental.com,Fremont,California,"Dental clinic"
sanjose@smiles-r-us.com,"Smiles-R-Us Family Dental Group Fremont",http://smiles-r-us.dentist,Fremont,California,"Cosmetic dentist"
drandrea@fremontpediatricdental.com,"Fremont Pediatric Dental Dr. Andrea Salazar Dinh DDS Inc.",http://www.fremontpediatricdental.com,Fremont,California,"Paediatric Dentist"
drrega@sanramonoralsurgery.com,"Tri Valley Oral Surgery and Dental Implants",http://www.trivalleyoralsurgery.com,Fremont,California,"Oral surgeon"
tricityhealthcenter@tri-cityhealth.org,"Tri-City Health Center- Irvington Clinic",https://tri-cityhealth.org,Fremont,California,"Dental clinic"
smile@waterfordfamilydental.com,"Newpark Mall Family Dental Group",https://www.newparkmallfamilydental.com,Newark,California,"Dental clinic"
drsandhu@softtouchdentalpractice.com,"Soft Touch Dental Practice: Jaswinder Sandhu DDS",https://madelynsesthetics.com,"Union City",California,"Cosmetic dentist"
smile@foothillsquaredental.com,"Foothill Square Dental Center",http://www.foothillsquaredental.com,Milpitas,California,"Dental clinic"
treatment@smilesdental.com,"Smiles Dental Care",https://smilesdental.com,"Mountain View",California,"Dental clinic"
zhoudds@identalfremont.com,"Dr. Jufen Zhou - iDental Fremont",http://www.identalfremont.com,Fremont,California,"Cosmetic dentist"
danielle@daniellewehle.com,"Willow Glen Dental Care",https://www.willowglendentalcare.com,"San Jose",California,"Dental clinic"
rsgeronimo@att.net,"Rosalie Geronimo DMD",http://rgeronimodmd.wix.com,Fremont,California,"General Dentistry"
v.kasprzyk@dentalasc.com,"Fresno Dental Surgery Center",http://dentalasc.com,Fresno,California,"Dental clinic"
dds@itoothfresno.com,"iTooth Dentistry",http://www.itoothfresno.com,Fresno,California,"Dental clinic"
xlanning@happyteethdental.org,"Happy Teeth Dental",https://www.happyteethcv.com,Fresno,California,"Dental clinic"
drmirelez@mirelezdental.com,"Mirelez Wellness Dental",https://www.mirelezdental.com,Fresno,California,"Cosmetic dentist"
rafael@hispanodental.com,"Hispano Dental Care",https://hispanodentalcare.business.site,Fresno,California,"Dental clinic"
abeautifulsmile@sbcglobal.net,"A Beautiful Smile",http://www.abeautifulsmilefresno.com,Fresno,California,"Cosmetic dentist"
fresno1@mykidsdentistonline.com,"My Kids Dentist & Orthodontics",https://www.mkdmarketplace.com,Fresno,California,"Paediatric Dentist"
clovis@fresnooralsurgery.com,"Fresno Oral Maxillofacial Surgery & Dental Implant Center and Wisdom Teeth",https://fresnooralsurgery.com,Madera,California,"Oral surgeon"
consumers@thegeneral.com,"Delta Dental",http://www.thegeneral.com,Fresno,California,"Insurance agency"
eric.ransone@ameritas.com,"Ameritas Group Dental",https://www.ameritas.com,Fresno,California,"Insurance agency"
leslie@myfresnodentist.com,"Bryan C. Fung D.D.S.",http://www.myfresnodentist.com,Fresno,California,"Cosmetic dentist"
smile@mykidsdentistonline.com,"My Kids Dentist & Orthodontics",https://www.mkdcloviscrossing.com,Clovis,California,"Paediatric Dentist"
smile@drbenfamilydentist.com,"Ben Magleby DDS",http://drbenfamilydentist.com,Clovis,California,"General Dentistry"
hotels@greystonehotels.com,"King George T DDS",http://kinggeorge.com,Fresno,California,"Oral Surgeons"
dr@robertlsimondds.com,"Robert L. Simon DDS MSD Board Certified Prosthodontist",http://www.robertlsimondds.com,Fullerton,California,"Cosmetic dentist"
jewel@drjinkim.com,"Dental Hygiene Seminars",http://dentalhygieneseminars.com,"Diamond Bar",California,"Dental implants periodontist"
drtoorani@dentaloasisofoc.com,"Dental Oasis of Orange County",https://www.dentaloasisofoc.com,"Huntington Beach",California,"Cosmetic Dentist"
drraja@rbhogaldds.com,"NORCAL DENTAL GROUP",http://mynorcaldental.com,Hayward,California,"Dental clinic"
sanleandro@kbdental.org,"SAN LEANDRO DENTAL STUDIO",https://www.kbdental.org,"San Leandro",California,"Cosmetic dentist"
harris@y3ti.com,"UCSF Buchanan Dental Center",https://www.ucsfdentalcenter.org,"San Francisco",California,"Dental clinic"
drheidi@hausauerdds.com,"Heidi K Hausauer DDS",https://www.heidihausauerdds.com,"Castro Valley",California,"General Dentistry"
jim.usdan@dentistry4children.com,"Dentistry For Children",http://dentistry4children.com,Oakland,California,"Paediatric Dentist"
goldnsoul8@gamil.com,"General Dentistry for Children",https://www.goldnsoul.com,"San Ramon",California,"Pediatric Dentist"
dublinplazadental@sbcglobal.net,"Dublin Plaza Dental",http://dublinplazadental.com,Dublin,California,"Cosmetic dentist"
dentist@janicestamariareal.com,"Janice Sta. Maria-Real DMD",http://www.janicestamariareal.com,"San Leandro",California,"General Dentistry"
smile@ayoubdentalcorp.com,"Dentist Huntington Beach CA - Dr. Sam Ayoub DDS",https://ayoubdentalcorp.com,"Huntington Beach",California,"Cosmetic dentist"
baldwin.dental@earthlink.net,"Richard H Baldwin D.M.D.",http://hbdentist.com,"Huntington Beach",California,"Cosmetic dentist"
mydentist@pearlywhitedental.com,"Pearly White Dental",http://www.pearlywhitedental.com,"Huntington Beach",California,"Cosmetic dentist"
or@parkdentalhb.com,"Park Pediatric and General Dentistry",https://parkdentalhb.com,"Huntington Beach",California,"Paediatric Dentist"
indio@ejdental.com,"EJ Dental",http://www.ejdental.com,Indio,California,"Dental clinic"
rebekah@usababytree.com,"Ernesto C Abadilla Jr. DDS Family Dentistry",https://www.babytreesurrogacy.com,"Palm Desert",California,"Dental clinic"
morgan@desertbraces.com,"Schantz & Moranda Orthodontic Care",http://www.desertbraces.com,"Palm Desert",California,"Dental clinic"
magic@magicsmilefamilydentistry.com,"Magic Smile Family Dentistry",http://www.magicsmilefamilydentistry.com,Lawndale,California,"Dental clinic"
drkathy@drkathydmd.com,"Dynamic Dental Specialties",https://drkathydmd.com,"Los Angeles",California,"General Dentistry"
drpanah@dentalesthetics.net,"Manhattan Beach Dental Esthetics",https://dentalesthetics.net,"Manhattan Beach",California,"Cosmetic Dentist"
beachsidesmiles@att.net,"Beachside Smile",http://www.beachsidesmiles.com,"Manhattan Beach",California,"General Dentistry"
drm@irvineendodontics.com,"Irvine Endodontics",http://www.irvineendodontics.com,Irvine,California,"Dental clinic"
dr@preservationdentistry.com,"Preservation Dentistry",http://www.preservationdentistry.com,Irvine,California,"Dental clinic"
dr@drghayoumi.com,"Nooshin Ghayoumi DDS",https://www.drghayoumi.com,Irvine,California,"Dental implants periodontist"
smile@advancedairwayhealth.com,"Advanced Airway Health",http://snoringkills.com,Irvine,California,"Dental clinic"
ssullivan@ddsmatch.com,"Dental & Optometry Practices for Sale by Practice Trader",https://www.practicetrader.com,Irvine,California,"General Dentistry"
info.lh@briandentalcare.com,"Brian Dental Care",https://briandentalcare.com,Tustin,California,"General Dentistry"
roghani@kidfriendlydental.com,"Kid Friendly Dental",https://www.kidfriendlydental.com,Tustin,California,"Paediatric Dentist"
doc@tcsdental.com,"Aesthetic Dental Designs",https://www.aestheticdentaldesigns.com,"Laguna Niguel",California,"Cosmetic dentist"
markcruz@markacruzdds.com,"Mark A Cruz DDS",http://www.markacruzdds.com,"Dana Point",California,"Dental clinic"
jackie@lagunasurgical.com,"Laguna Surgical & Cosmetic Specialists",http://www.lagunasurgical.com,"Laguna Niguel",California,"Oral surgeon"
lagunaimplants@sbcglobal.net,"E. Clark Wright D.D.S. MS Ed",http://www.lagunaimplants.com,"Laguna Hills",California,"Dental implants periodontist"
dentist@ariadentalcare.com,"Aria Dental",https://www.ariadentalcare.com,"Mission Viejo",California,"Cosmetic dentist"
lynnem@wheresmilesstart.com,"South OC Pediatric Dentistry",https://www.wheresmilesstart.com,"Mission Viejo",California,"Paediatric Dentist"
exceptionaldentistry@jamespowelldds.com,"Exceptional Dentistry",https://www.exceptionaldentistryca.com,Palmdale,California,"Cosmetic dentist"
drgeorged@verizon.net,"George Dracopoulos Inc",https://drgeorgedentist.com,Lancaster,California,"Dental clinic"
palmdale1@mykidsdentistonline.com,"My Kids Dentist & Orthodontics",https://www.mykidsdentistpalmdale.com,Palmdale,California,"Paediatric Dentist"
familytree@ddsphillips.com,"Family Tree Dentistry",http://www.ddsphillips.com,"Santa Clarita",California,"General Dentistry"
hattardental@sbcglobal.net,"Stoney Creek Dental",http://www.elainehattardds.com,"Canyon Country",California,"Cosmetic dentist"
hroth@vinsa.us,"Vinsa Insurance Associates",http://www.vinsa.us,Lancaster,California,"Insurance agency"
records@livermorekidsdentist.com,"Pediatric Dentistry and Orthodontics of Livermore",http://www.livermorekidsdentist.com,Livermore,California,"Paediatric Dentist"
quincy.glass@geha.com,"Vasco Dental",https://www.ppousa.com,Livermore,California,"Dental clinic"
mkdlivermore@smilegeneration.com,"My Kids Dentist & Orthodontics",https://www.mkdlivermore.com,Livermore,California,"Paediatric Dentist"
vjonas@axishealth.org,"Axis Community Health - Dental Clinic",http://www.axishealth.org,Dublin,California,"Dental clinic"
ptown@mysmilelabs.com,"SmileLabs of Pleasanton",http://www.smilelabsofpleasanton.com,Pleasanton,California,"Teeth whitening service"
appointments@hillsdaledentalcare.com,"Hillsdale Dental Care",https://www.hillsdaledentalcare.com,"San Jose",California,"Dental clinic"
drpries@priesdental.com,"Pries Dental Care",http://www.priesdental.com,"San Jose",California,"Dental clinic"
lorencethomasdds@att.net,"Thomas Lorence DDS",http://www.lorencethomasdds.com,Livermore,California,"Oral Surgeons"
doctor@smilesonclark.com,"Smiles on Clark",http://www.smilesonclark.com,"Santa Maria",California,"Cosmetic Dentist"
bkaoffice1@dds4kids.net,"Dentistry for Children",http://www.dds4kids.net,"Santa Maria",California,"Pediatric Dentist"
drterra@smilethespa.com,"Smile The Spa - Dr. Julio Terra DDS",https://www.smilethespa.com,"Long Beach",California,"Cosmetic dentist"
longbeachkidsdentistry@smilegeneration.com,"Long Beach Kids Dentistry and Orthodontics",https://www.longbeachkidsdentistry.com,"Long Beach",California,"Paediatric Dentist"
appointments@familydentistla.com,"Dan Benyamini DDS",http://www.familydentistla.com,"Los Angeles",California,"Emergency dental service"
smiles@southlanddentalcare.com,"Southland Dental Care",https://www.southlanddentalcare.com,"Sherman Oaks",California,"Dental implants periodontist"
drcancio@everestdentalcare.com,"Everest Dental Care",http://www.everestdentalcare.com,"Los Angeles",California,"Dental clinic"
studiocity@laskypediatricdental.com,"Lasky Pediatric Dental Group",http://laskypediatricdental.com,"Studio City",California,"Paediatric Dentist"
smile@thepalidentists.com,"The Palisades Dentists",http://www.thepalidentists.com,"Pacific Palisades",California,"Cosmetic dentist"
members@truedentaldiscounts.com,Tison,https://www.truedentaldiscounts.com,"Los Angeles",California,"General Dentistry"
board@picounionnc.org,"Pico Union Dental Clinic",http://www.picounionnc.org,"Los Angeles",California,"Dental clinic"
drvirginia@castelodental.com,"Castelo Virginia DDS",http://www.castelodental.com,"Los Angeles",California,"General Dentistry"
carmen.celis@verizon.net,"Scott A. Warner DDS",http://drwarner.net,"Pacific Palisades",California,"Cosmetic dentist"
drhaber@verizon.net,"Richard Haber D.D.S. Santa Monica Dentist",http://www.drhaber.net,"Santa Monica",California,"Cosmetic dentist"
drroth@agourakidsdental.com,"Shoreh Selki DDS",http://www.agourakidsdental.com,"Agoura Hills",California,"Pediatric dentist"
smile@jandentistry.com,"Kevin Jan DMD",http://jandentistry.com,"Westlake Village",California,"Cosmetic dentist"
brookdental1@verizon.net,"Brook Dental Office",http://www.brookdental.com,"Thousand Oaks",California,"Dental clinic"
smiles@warnervillagedental.com,"Warner Village Dental",http://www.warnervillagedental.com,"Woodland Hills",California,"Dental clinic"
chandanni@chandanni.com,"Snow White Cosmetic Dentistry",http://chandanni.com,"Newbury Park",California,"Dental clinic"
amal@ronaldwormserdmd.com,"Ronald P Wormser DMD",http://ronaldwormserdmd.com,"Pacific Palisades",California,"Cosmetic dentist"
tumwater@affordabledentalcare.com,"Affordable Dental Care",http://www.affordabledentalcare.com,Reseda,California,"General Dentistry"
confirm@pediatricdental.com,"Menlo Pediatric Dental",http://www.pediatricdental.com,"Menlo Park",California,"Paediatric Dentist"
kvoronin@stanfordhealthcare.org,"Jennifer Lehnhardt DDS - Stanford Children's Health",https://stanfordhealthcare.org,"Palo Alto",California,"Paediatric Dentist"
medicalrecords@ravenswoodfhc.org,"Ravenswood Family Dentistry",http://www.ravenswoodfhc.org,"East Palo Alto",California,"Dental clinic"
ccdentistry@myccdentistry.com,"Castro Commons General Dentistry",http://myccdentistry.com,"Mountain View",California,"General Dentistry"
mydentist@mtnviewdentistry.com,"Mountain View Family Dentistry",https://www.mtnviewdentistry.com,"Mountain View",California,"Dental clinic"
lucy@atwaterfamilydental.com,"Atwater Family Dental",http://www.atwaterfamilydental.com,Atwater,California,"General Dentistry"
drmelko@melkodds.com,"Melko Family Dentistry",http://melkodds.com,Modesto,California,"Dental clinic"
scheduler@riverbankdentist.com,"Crossroads Dental Group",http://www.riverbankdentist.com,Riverbank,California,"Cosmetic dentist"
manteca@kidssmileonline.com,"Kids Smile Dental and Orthodontics",http://www.kidssmileonline.com,Modesto,California,"Paediatric Dentist"
david@pda32.com,"Precision Dental Arts",http://www.pda32.com,Modesto,California,"General Dentistry"
smilespokane@mysmilelabs.com,"Central Valley Smile Labs",http://www.mysmilelabs.com,Modesto,California,"Teeth Whitening"
santaclara@accu-dental.com,"ACCU Dental & Orthodontics ",https://www.accu-dental.com,Seaside,California,"Dental implants periodontist"
mgrmonterey@myazdental.com,"AZ Dental - Monterey",https://www.myazdentalmontereyhwy.com,"San Jose",California,"Cosmetic dentist"
iselab@ccpdg.com,"Central Coast Pediatric Dental Group",https://centralcoastpediatricdentalgroup.com,Salinas,California,"Paediatric Dentist"
smile@brentjporterdds.com,"Brent J Porter DDS MS",https://www.brentjporterdds.com,"Santa Cruz",California,"Paediatric Dentist"
kathyd@ccpdg.com,"Yeung Jamie Y. D.D.S.",http://www.ccpdg.com,Seaside,California,"Pediatric Dentists"
huydodds@dentalfabulous.com,"Dental Fabulous",http://www.dentalfabulous.com,"Mountain View",California,"Dental clinic"
smile@mvkidsdentistsandbraces.com,"MV Kids Dentists and Braces",http://www.mvkidsdentistsandbraces.com,"Mountain View",California,"Paediatric Dentist"
gspd@doctorfazilat.com,"Growing Smiles Pediatric Dentistry",http://www.doctorfazilat.com,"Mountain View",California,"Paediatric Dentist"
bi@cherrychasedental.com,"Cherry Chase Dental",http://www.cherrychasedental.com,Sunnyvale,California,"Dental clinic"
fo@losaltoscosmeticdentist.com,"T. Alan Peterson DDS",https://www.losaltoscosmeticdentist.com,"Los Altos",California,"Cosmetic dentist"
christine@pcmgt.net,"Foothill Medical Dental Center",http://www.foothillmedicaldentalcenter.com,Sunnyvale,California,"Dental clinic"
appointments@drmogre.com,"Dr Mogre Oral Facial Surgery & Dental Implants",https://drmogre.com,"Mountain View",California,"Oral surgeon"
napa@oralsurgerydentalimplants.com,"Jeffrey D Politz DDS",http://www.pappaspolitzoms.com,Napa,California,"Oral surgeon"
krista@secondbreathomt.com,"Second Breath Orofacial Myofunctional Therapy",http://www.secondbreathomt.com,Napa,California,"Dental hygienist"
jerickson@sanderjacobs.com,"ISU Sander Jacobs Cassayre Insurance Services",https://www.sanderjacobs.com,Napa,California,"Insurance agency"
shalainegomez@fortmojave.com,"Fort Mojave Dental",http://mojaveindiantribe.com,Needles,California,"General Dentistry"
lauren@naturallywhitetx.com,"Naturally White",http://naturally-white.com,"Corona Del Mar",California,"Teeth whitening service"
liz@grahamplacement.com,"Graham Placement Agency",http://www.grahamplacement.com,Novato,California,"Dental hygienist"
drmcconnell@cosmeticdentistrymarin.com,"May Valley Dentistry",https://marinmoderndentistrymv.com,Richmond,California,"Dental clinic"
drsubido@larkspurfamilydentistry.com,"Larkspur Family Dentistry",http://www.larkspurfamilydentistry.com,Larkspur,California,"Dental clinic"
smile@smadentalmarin.com,"Dr. Joe Armel",http://finesmiles.com,"Corte Madera",California,"Cosmetic dentist"
drm@caface.com,"Dr. Nima Massoomi DMD MEd MD oral surgery and dental implants",https://www.drmassoomi.com,"San Francisco",California,"Oral surgeon"
greatteeth@att.net,"Richard J Curotto DDS",http://drcurotto.com,Oakland,California,"General Dentistry"
anya@teachmeaboutsex.com,"Scollard Michael DDS",http://teachmeaboutsex.com,Piedmont,California,"Oral Surgeons"
doctor@chinodds.com,"Tarsem L Singhal A Dental Corporation",https://www.chinodds.com,Chino,California,"Dental clinic"
chinohills3@mykidsdentistonline.com,"My Kids Dentist & Orthodontics",https://www.mykidsdentistchinohills.com,"Chino Hills",California,"Paediatric Dentist"
cs@denttaco.com,"DENTTA CO INC.",http://denttaco.com,Ontario,California,"Dental clinic"
cindy@horizonsdentistry.com,"Horizons Dentistry",http://horizonsdentistry.com,"Rancho Cucamonga",California,"General Dentistry"
srose@ocdentallab.com,"OC Cosmetic Dental Laboratory",http://ocdentallab.com,Orange,California,"Cosmetic dentist"
patients@ledentist4kidds.com,"Dentistry For KiDDS",http://www.ledentist4kidds.com,Tustin,California,"Paediatric Dentist"
smile@sunshinekidsdentistry.com,"Sunshine Pediatric Dentistry",http://www.sunshinekidsdentistry.com,"Yorba Linda",California,"Paediatric Dentist"
2thdr@jsmdds.occoxmail.com,"Joanne Suarez Martinez DDS Inc. Pediatric Dentistry",http://underthesea2thdr.com,"Aliso Viejo",California,"Paediatric Dentist"
smile@penroddental.com,"Penrod Dental Care",https://penroddental.com,"Rancho Santa Margarita",California,"Dental clinic"
drhoover@hooveroralsurgery.com,"Orange County Oral Surgery and Implant Center - Austin D. Hoover DDS",https://www.hooveroralsurgery.com,"Santa Ana",California,"Oral surgeon"
smile@pdsoc.com,"Premier Dental of South Orange County",http://www.pdsoc.com,"Aliso Viejo",California,"Dental clinic"
tyler@halesparker.com,"Hales Parker Dentistry",https://theladeraranchdentist.com,"Ladera Ranch",California,"Cosmetic dentist"
sist@fudan.edu.cn,"H. Guy Weichert III DDS Inc.",http://drweichertdds.com,Oroville,California,"Dental clinic"
irene@puridentistry.com,"Puri Dentistry",http://www.puridentistry.com,Oxnard,California,"Cosmetic dentist"
oxnard@spaceshipdentist.com,"Oxnard Childrens Dental Group",http://www.oxnardchildrensdentalgroup.com,Oxnard,California,"Paediatric Dentist"
sb@sunnysmilesdental.com,"Sunny Smiles Dentistry for Children and Young Adults - Oxnard",https://www.sunnysmilesdental.com,Oxnard,California,"Paediatric Dentist"
smile@insightdent.com,"Insight Dentistry",https://www.insightdent.com,Ventura,California,"Dental clinic"
simivalley@spaceshipdentist.com,"Ventura Childrens Dental Group",http://www.spaceshipdentist.com,Ventura,California,"Paediatric Dentist"
amy.bushatz@military.com,"NBVC Dental Clinic",http://www.military.com,"Port Hueneme",California,"Dental clinic"
laybaa.hernandez@dolex.com,"Oxnard Dental Practice",http://dolex.com,Oxnard,California,"General Dentistry"
lleger@s-t.com,"South Coast Dental Care",http://s-t.com,Oxnard,California,"General Dentistry"
ginger@contoursdental.com,"Monterey Dental Contours",http://rekdds.com,Monterey,California,"Cosmetic dentist"
drwagner@mulcahyfamilydentistry.com,"Mulcahy Family Dentistry",http://mulcahyfamilydentistry.com,"Palo Alto",California,"General Dentistry"
erika@ekpdental.com,"Erika L Kamayatsu-Peterson DDS",http://www.erikapetersondds.com,"Redwood City",California,"General Dentistry"
jeff@prosites.com,"Plant Robert J DDS",http://www.robertplantdds.com,"Redwood City",California,"General Dentistry"
margaret@northbaysmiles.com,"North Bay Smiles",http://www.northbaysmiles.com,Petaluma,California,"Cosmetic dentist"
nlopez@phealthcenter.org,"Petaluma Health Center Dental",https://phealthcenter.org,Petaluma,California,"Dental clinic"
steven@steveshandymanservice.org,"Lalitha Smile Dental Services",http://www.steveshandymanservice.org,Petaluma,California,"Dental clinic"
msfreydds@sbcglobal.net,"Mark S. Frey DDS",https://www.santarosacosmeticdentist.com,"Santa Rosa",California,"Cosmetic dentist"
blanca@jbbraces.com,"Dr. John R. Bottala DDS",http://www.jbbraces.com,"Chino Hills",California,"Dental clinic"
bcaputo@icdc.com,"Chino Valley Pediatric Dentistry",http://www.909kids.com,Chino,California,"Pediatric Dentist"
bcassdds@pacbell.net,"Cass Family Dentistry",https://cassfamilydentistry.com,Redding,California,"Dental clinic"
drz@drzufall.com,"Ron W Zufall DDS",https://www.drzufall.com,Redding,California,"General Dentistry"
sharlene.beltran@blueshieldca.com,"Blue Shield of California",https://www.blueshieldca.com,Redding,California,"Insurance agency"
lgrant@stsig.org,"Shasta-Trinity Schools Insurance Group",https://www.stsigjpa.com,Redding,California,"Insurance agency"
madison.faulkner.toix@statefarm.com,"Travis Foster - State Farm Insurance Agent",https://www.travisfosteragency.com,"Ste C",California,"Insurance agency"
colleen-mchugh@norcalpacific.com,"Nor Cal Pacific Insurance Services",https://www.norcalpacific.com,Redding,California,"Insurance agency"
dochemp@shasta.com,"Hemp C David DDS Inc",http://dochemp.com,Redding,California,"General Dentistry"
salescompwestregion-anthem-sm@anthem.com,"Goldenwest Dental Lab",http://goldenwestdental.com,Redding,California,"General Dentistry"
ray@rayhayden.us,"Hayden Raymond L DDS",http://rayhayden.us,Redding,California,"Oral Surgeons"
ashley@citrusds.com,"Citrus Dental Practices",https://www.citrusds.com,Redlands,California,"Dental clinic"
pearlywhitesdds@verizon.net,"Tobias Maynard DDS Inc.",https://www.pearlywhitesdds.com,Redlands,California,"Cosmetic dentist"
smiledental@vivedso.com,"Smile Dental",https://www.mvsmiledental.com,"Moreno Valley",California,"General Dentistry"
teri@drjlittlesmiles.com,"Little Smiles Pediatric Dentistry Orthodontics and Adult Dentistry",http://www.drjlittlesmiles.com,Yucaipa,California,"Paediatric Dentist"
jmstrutz@drjudystrutz.com,"Dr. Judith M. Strutz DDS",http://www.drjudystrutz.com,"San Bernardino",California,"Cosmetic dentist"
mykidsdentisthesperia@smilegeneration.com,"My Kids Dentist & Orthodontics",https://www.mykidsdentisthesperia.com,Hesperia,California,"Paediatric Dentist"
dds@friendlydentistryriverside.com,"Friendly Dentistry",https://www.friendlydentistryriverside.com,Riverside,California,"Dental clinic"
drarce@dentalimplantscenter.com,"Dental Implants Center of South Bay",http://www.dentalimplantscenter.com,"Redondo Beach",California,"Oral surgeon"
smiles@scpedsdent.com,"SoCal Pediatric Dentistry",https://www.socalpediatricdentistry.com,Torrance,California,"Paediatric Dentist"
hoffsurgery@att.net,"Martin J Hoff DDS MD",http://drmartinhoff.com,"Redwood City",California,"Oral surgeon"
drdan@lilsmilebuilders.com,"Riverside Childrens Dentistry",http://www.rcdentist.com,Riverside,California,"Paediatric Dentist"
riverside@aavadental.com,"Aava Dental Riverside",https://aavadental-riverside-ca.business.site,Riverside,California,"Dental clinic"
dravelazquez@att.net,"AV Family Dentistry",https://www.av-familydentistry.com,Riverside,California,"Dental clinic"
david.maxfield@hcahealthcare.com,"Liviu F Eftimie DDS",https://riversidecommunityhospital.secure.ehc.com,Riverside,California,"Oral Surgeons"
periodoc9@att.net,"Smiley Periodontics & Dental Implants",https://smileyimplants.com,Riverside,California,"Dental implants periodontist"
morenovalley@mykidsdentistonline.com,"My Kids Dentist & Orthodontics",https://www.mykidsdentistmorenovalley.com,Riverside,California,"Paediatric Dentist"
mykidsdentistgrove@smilegeneration.com,"My Kids Dentist",https://www.mykidsdentistgrove.com,Riverside,California,"Paediatric Dentist"
infot@towngatedentistry.com,"Towngate Family Dental & Orthodontics",https://towngatedentistry.com,"Moreno Valley",California,"General Dentistry"
jefffrancisdentistry@earthlink.net,"Jeff Francis DDS",https://drjefffrancis.com,Riverside,California,"General Dentistry"
drmccomb@adventurekidsdentalgroup.com,"Adventure Kids Dental",https://adventurekidsdentalgroup.com,Roseville,California,"Paediatric Dentist"
drmoore@kennethmooredds.com,"Kenneth Moore DDS",http://www.kennethmooredds.com,Roseville,California,"Cosmetic dentist"
drjude@rocklinkidsdentist.com,"Dr. Jude Crutchfield DMD Rocklin Kids Dentist",http://rocklinkidsdentist.com,Rocklin,California,"Paediatric Dentist"
dentist@babanmahaldds.com,"Baban Mahal D.D.S.",https://babanmahaldds.com,"Granite Bay",California,"Cosmetic dentist"
drtrout@littlefishdental.com,"Little Fish Dental - Rocklin",https://littlefishdental.com,Rocklin,California,"Paediatric Dentist"
weideman.tours@loveteeth.net,"Weideman Pediatric Dentistry and Orthodontics",https://www.sacchildrensdentist.com,"Citrus Heights",California,"Pediatric Dentist"
drantrobus@rocklinoralsurgery.com,"Rocklin Oral Surgery",https://www.rocklinoralsurgery.com,Rocklin,California,"Oral Surgeon"
drjessi@rpd1.com,"Rocklin Pediatric Dentistry",http://www.rpd1.com,Rocklin,California,"Pediatric Dentists"
bkj-nguyen@sbcglobal.net,"Star Dental Practice Orangevale",http://stardentalca.com,Orangevale,California,"General Dentistry"
centralxray@sbcglobal.net,"DDS-Sacramento Dental Complex",http://www.sacramentodentalcomplex.com,Sacramento,California,"Dental clinic"
joey@drmonicacrooks.com,"Dr. Monica Crooks DDS",https://www.drmonicacrooks.com,Sacramento,California,"Cosmetic dentist"
mthao3@halocares.org,"Sacramento Community Clinics",http://www.halocares.org,Sacramento,California,"Dental clinic"
brenda@greenhavenpd.com,"Greenhaven Pediatric Dentistry - Brenda Ho DDS",http://www.greenhavenpd.com,Sacramento,California,"Paediatric Dentist"
drstacey@staceypetersdds.com,"Stacey A. Peters-Nelson DDS APC",http://staceypetersdds.com,Sacramento,California,"Cosmetic dentist"
tammie@kingsleydds.com,"Kingsley Dental Group",http://www.kingsleydds.com,Sacramento,California,"Cosmetic dentist"
cozy@cozydentalgroup.com,"Cozy Dental Group",https://www.cozydentalgroup.com,"Elk Grove",California,"Cosmetic dentist"
woodland@mykidsdentistonline.com,"My Kids Dentist & Orthodontics",https://www.mkdwoodland.com,Woodland,California,"Paediatric Dentist"
sierrasmilesdental@smilegeneration.com,"Sierra Smiles Dentistry",https://www.sierrasmilesdental.com,Auburn,California,"Dental clinic"
brokers@healthnet.com,"Health Net",https://www.healthnet.com,Sacramento,California,"Insurance agency"
smile@boulevardfamilydentistry.com,"Boulevard Family Dentistry",http://boulevardfamilydentistry.com,"Elk Grove",California,"Dental clinic"
dds@lakepointdental.com,"Lakepoint Dental",http://www.lakepointdental.com,"Elk Grove",California,"Cosmetic dentist"
drjill@whitneydds.com,"Jill D Whitney DDS",http://whitneydds.com,Sacramento,California,"General Dentistry"
sac@valleyomfs.com,"Valley Oral and Maxillofacial Surgery",http://www.valleyomfs.com,Sacramento,California,"Oral Surgeons"
nancy@rowleyplasticsurgery.com,"Craig D Foster DDS Jd",https://www.rpmsacmetro.com,Sacramento,California,"General Dentistry"
drmireles@dentist4myfamily.com,"Greenfield & Salinas Dental Group",http://www.dentistaparamifamilia.com,Salinas,California,"General Dentistry"
jon@dentalbranding.com,"Dr. Irving Chao",http://www.chaodentalcare.com,Salinas,California,"Dentist & Dental Office"
smile@drdavidslough.com,"David L. Slough DDS",http://drdavidslough.com,"San Bernardino",California,"Dental clinic"
contact-sb@sugarbugbuster.com,"Sugar Bug Buster of San Bernardino",http://www.sugarbugbuster.com,"San Bernardino",California,"Paediatric Dentist"
laura.f@assistanceleague.org,"Dr. Earl R Cranes Children's Dental Heath Center",http://sanbernardino.assistanceleague.org,"San Bernardino",California,"Pediatric Dentists"
proofs@adamephoto.com,"Adame James F DDS",http://adamephoto.com,"San Bernardino",California,"Oral Surgeons"
drbinhoang@radiantsmilesdentalcare.com,"Radiant Smiles Dental Care: Bin Hoang DDS",https://www.mysanjuancapistranodentist.com,"San Juan Capistrano",California,"Dental clinic"
matt@dentelaw.com,"Dente Law P.C.",https://www.dentelaw.com,"San Diego",California,"Dental clinic"
doctor@truedesigndentistry.com,"True Design Dentistry of San Diego",https://www.truedesigndentistry.com,"San Diego",California,"Dental clinic"
dentists@lajolladentistry.com,"La Jolla Dentistry",http://www.lajolladentistry.com,"San Diego",California,"Dental clinic"
de@mysmile.com,"Dental Expressions",http://www.mysmile.com,"San Diego",California,"Cosmetic dentist"
kathy@drhellwig.com,"El Cajon Dental & Orthodontics",https://elcajondentalandorthodontics.com,"El Cajon",California,"Cosmetic dentist"
drgeorge@drgeorgedds.com,"George Georgaklis DDS",http://www.drgeorgedds.com,"San Diego",California,"Cosmetic dentist"
scrydloff@earthlink.net,"Smile Art Dentistry",http://www.smileartdentistry.com,"San Diego",California,"Dental clinic"
crc@sandiegosteethwhitening.com,"San Diegos Teeth Whitening Center",http://www.sandiegosteethwhitening.com,"San Diego",California,"Teeth whitening service"
dds@sdsmilemakers.com,"Bosworth Dental Arts",http://www.bosworthdentalarts.com,"San Diego",California,"Dental clinic"
jeremyfactordds@jeremyfactordds.com,"Jeremy Factor DDS",http://www.jeremyfactordds.com,"San Diego",California,"Dental implants periodontist"
kidz@kidzplacedentistry.com,"Kidz Place Dentistry",http://www.kidzplacedentistry.com,"San Diego",California,"Paediatric Dentist"
drkurt@drhummeldorf.com,"Kurt Hummeldorf DMD",https://www.missionvalleyoralsurgeon.com,"San Diego",California,"Oral and maxillofacial surgeon"
smile@sandiegochildrensdentist.com,"San Diego Childrens Dentistry",https://www.sandiegochildrensdentist.com,Poway,California,"Paediatric Dentist"
perio@gumsbygohel.com,"Gums By Gohel",http://www.gumsbygohel.com,"San Diego",California,"Dental implants periodontist"
rbates@unitehere.org,"Unite here dental",https://local30sandiego.org,"San Diego",California,"Dental clinic"
victor@415creative.com,"Federico Tiznado DDS",https://federicotiznadodds.com,"La Mesa",California,"Cosmetic dentist"
digital@sdcosmeticdentistry.com,"Cosmetic Dentistry of San Diego",http://sdcosmeticdentistry.com,"San Diego",California,"Cosmetic Dentists"
bmoran@accessdentalcare.org,"Access Dental Care",http://www.accessdentalcare.org,"San Diego",California,"Dental clinic"
barbi@toddmorgan.com,"Sleep Solutions of San Diego",http://www.sleepsolutionsofsandiego.com,"San Diego",California,"General Dentistry"
forms@mygeneraldentist.com,"Family Dentistry of San Fernando",http://www.mygeneraldentist.com,"San Fernando",California,"Dental clinic"
hanasab@dentalgroupcenter.com,"Van Nuys Family Dentistry",http://dentalgroupcenter.com,"Van Nuys",California,"Cosmetic dentist"
coordinator@sfperiodontist.com,"Dr. Carrie Berkovich DDS MS San Francisco Center for Periodontics & Dental Implants",http://www.sfperiodontist.com,"San Francisco",California,"Dental implants periodontist"
aminidds@citidentonline.com,CitiDent,https://www.citidentonline.com,"San Francisco",California,"Dental clinic"
jstyger@att.net,"Joseph C. Styger D.D.S. Inc.",http://www.drstyger.com,"San Francisco",California,"Dental clinic"
drmiller@450aesthetics.com,"450 Aesthetics Dental Group",http://450aesthetics.com,"San Francisco",California,"Cosmetic dentist"
getperfectsmile@kingstdental.com,"King St. Dental",http://www.kingstdental.com,"San Francisco",California,"Cosmetic dentist"
tracey.fecher@sonrisasdental.org,"Sonrisas Dental Health",http://sonrisasdental.org,"San Mateo",California,"Dental clinic"
drmarkle@drmarkle.com,"Noel H Markley DDS",https://www.drmarkle.com,"San Francisco",California,"General dentist"
scott@designlook.com,"BIC Chiem DDS",http://bicsmiles.com,"San Francisco",California,"General Dentistry"
