email,website,city,state,profession,phone,country
kelly@residekauai.com,http://residekauai.com,Hanalei,Hawaii,"Estate Agent",18086399207,USA
healdsburg@ohanare.com,http://ohanare.com,Princeville,Hawaii,"Estate Agent",18088269372,USA
kimsoares@hawaiilife.com,http://hawaiilife.com,Hanalei,Hawaii,"Estate Agent",18003703848,USA
chad@chaddeal.com,https://www.kauaitropicalproperties.com,Hanalei,Hawaii,"Estate Agent",18088261089,USA
support@propertiesonline.com,http://www.kauaidreamhomes.com,Hanalei,Hawaii,"Estate Agent",18086393242,USA
wren.perdue@corcoranpacific.com,http://perdueproperties.com,Princeville,Hawaii,"Estate Agent",18086526522,USA
lia.powers@oceanfrontsir.com,http://www.oceanfrontsir.com,Princeville,Hawaii,"Estate Agent",18088267211,USA
info@hanaleiland.com,http://www.hanaleiland.com,Hanalei,Hawaii,"Property management company",18088261454,USA
eric@marovishproperties.com,http://www.remaxkauai.com,Princeville,Hawaii,"Estate Agent",18088269675,USA
sold@jameshughesteam.com,https://www.compass.com,Hanalei,Hawaii,"Estate Agent",18086521006,USA
sales@oceanfrontrealty.com,https://rentalsonkauai.com,Princeville,Hawaii,"Holiday home letting agency",18088266585,USA
greg.bloss@hawaiimoves.com,http://www.hawaiimoves.com,Princeville,Hawaii,"Estate Agent",18088267211,USA
info@princevillevacationrentals.com,https://princevillevacationrentals.com,Princeville,Hawaii,"Holiday home letting agency",18556957070,USA
aloha@kauaiislandvacations.com,http://www.kauaiislandvacations.com,Kilauea,Hawaii,"Holiday home letting agency",18088261111,USA
redday@kw.com,http://kwkauaihomes.com,Lihue,Hawaii,"Property Consultant",18082455758,USA
aloha@kvrre.com,https://www.kauaivacationrentals.com,Lihue,Hawaii,"Holiday home letting agency",18082458841,USA
rachel.acia@tghawaii.com,http://www.tghawaii.com,Princeville,Hawaii,"Escrow Services",18088265300,USA
mark@marktanaka.com,http://www.kauai-realty.com,Lihue,Hawaii,"Estate Agent",18082451651,USA
don@buykauai.net,http://buykauai.net,Kapaʻa,Hawaii,"Estate Agent",18086342011,USA
garyduda@remax.net,http://www.remax.com,Kapaa,Hawaii,"Real Estate Agents",18086356552,USA
info@associahawaii.com,http://www.associahawaii.com,Kapaa,Hawaii,"Property Management",18088212122,USA
lapinta@lapinta.com,http://www.lapinta.com,Hilo,Hawaii,"Commercial property estate agent",18089610161,USA
office@iokuarealestate.com,http://iokuarealestate.com,Hilo,Hawaii,"Real Estate Services",18089347050,USA
glenns@savio.com,http://www.savio.com,Hilo,Hawaii,"Estate Agent",18089347300,USA
jonathan@hankcorrea.com,http://hankcorrea.com,Hilo,Hawaii,"Estate Agent",18089613300,USA
melissa@melissakrealty.com,https://www.melissakrealty.com,Hilo,Hawaii,"Estate Agent",18089615562,USA
kristin@ginozarealty.com,http://www.ginozarealty.com,Hilo,Hawaii,"Estate Agent",18089691471,USA
kelly@hilo-brokers.com,http://www.hilobrokers.com,Hilo,Hawaii,"Estate Agent",18089699400,USA
schone@interpac.net,http://sunriseprop.com,Hilo,Hawaii,"Property Consultant",18089354743,USA
kevin@propertyproshawaii.com,http://www.propertyproshawaii.com,Hilo,Hawaii,"Property management company",18089354411,USA
support@hiinfo.com,https://arabelcamblor.com,Hilo,Hawaii,"Estate Agent",18089331111,USA
wadewertz@remax.net,http://www.homesbigisland.com,Hilo,Hawaii,"Estate Agent",18089359800,USA
klewis@clarkhawaii.com,http://www.bigislandagent.com,Hilo,Hawaii,"Estate Agent",18088954956,USA
mary@marybegier.com,http://www.marybegier.com,Hilo,Hawaii,"Estate Agent",18089350737,USA
sales@daylum.com,http://day-lumrentals.com,Hilo,Hawaii,"Estate Agent",18089354152,USA
office@hawaiitrustlaw.com,http://www.hawaiitrustlaw.com,Hilo,Hawaii,"Estate Planning Lawyer",18089306556,USA
heather@realtor.com,http://www.bigislandbrokers.com,Pāhoa,Hawaii,"Estate Agent",18089658774,USA
kehau@hawaiiislandrealtors.org,http://hawaiiislandrealtors.org,Hilo,Hawaii,"Association or organisation",18089350827,USA
info@newerealty.com,http://newerealty.com,Hilo,Hawaii,"Estate Agent",18089878758,USA
howard@howarddinits.com,http://www.bigislandrealestate.com,Pāhoa,Hawaii,"Estate Agent",18774346487,USA
ericaa@savio.com,http://ericakamundson.com,Pahoa,Hawaii,"Estate Agent",18089658774,USA
contact@digitalonlinepresence.com,http://www.digitalonlinepresence.com,Hilo,Hawaii,"Business management consultant",18089358967,USA
local@localhawaiirealestate.com,https://www.localhawaiirealestate.com,Hilo,Hawaii,"Estate Agent",18089354633,USA
chris@brilhanterealty.com,http://www.helenetajiri.com,Hilo,Hawaii,"Property Consultant",18089351007,USA
info@bigislandlandcompany.com,http://bigislandhomesandland.com,Hilo,Hawaii,"Estate Agent",18089356874,USA
marylu@elitepacific.com,http://elitepacific.com,Hilo,Hawaii,"Real Estate Agents",18087567056,USA
michaela.larson@exprealty.com,http://www.michaelalarson.hii.exprealty.com,"Kailua Kona",Hawaii,"Real Estate Agents",18088967955,USA
rachel@luvarealestate.com,https://www.luvarealestate.com,Kailua-Kona,Hawaii,"Real Estate Agents",18088968125,USA
info@hirei.org,http://www.hirei.org,Aiea,Hawaii,"Property Consultant",18083696202,USA
indar@ourhomeinvestments.com,http://www.ourhomeinvestments.com,Honolulu,Hawaii,"Estate Agent",18089892323,USA
jkauka@firstam.com,http://www.commercialinvestmentstrategies.com,Honolulu,Hawaii,"Estate Agent",18084291098,USA
mike@bigrockinvestments.com,http://bigrockinvestments.com,Honolulu,Hawaii,"Property Consultant",18083774379,USA
steph@hawaiicre.com,http://www.hawaiicre.com,Honolulu,Hawaii,"Commercial property estate agent",18084419757,USA
jf@avalonhi.com,http://www.avalonhi.com,Honolulu,Hawaii,"Estate Agent",18085877770,USA
michaeld@waiponoinvestment.com,http://www.waiponoinvestment.com,Honolulu,Hawaii,"Property management company",18085485173,USA
hihomes@myrealtordustin.com,https://ivykrealty.com,Honolulu,Hawaii,"Estate Agent",18082013133,USA
mason.shelby@cbre.com,http://www.cbre.us,Honolulu,Hawaii,"Commercial property estate agent",18085211200,USA
daynac@kmjrealtyllc.com,https://www.kmjrealtyllc.com,Honolulu,Hawaii,"Estate Agent",18085215655,USA
duc@efrhawaii.com,https://www.efrhawaii.com,Honolulu,Hawaii,"Estate Agent",18086381745,USA
doug.weber@locationshawaii.com,https://www.locationshawaii.com,Honolulu,Hawaii,"Estate Agent",18087354200,USA
social@colliers.com,https://www.colliers.com,Honolulu,Hawaii,"Commercial property estate agent",18085242666,USA
mineko@minekokawamura.com,http://www.alohaproperties.net,Honolulu,Hawaii,"Estate Agent",18089510021,USA
office@realestateagencyllc.com,http://www.waikikibeachhouse.com,Honolulu,Hawaii,"Estate Agent",18087808110,USA
susan@inethi.com,http://www.hawaiirealestateschools.com,Honolulu,Hawaii,"Real estate college",18086640201,USA
margaret@prghawaii.com,http://www.prghawaii.com,Honolulu,Hawaii,"Estate Agent",18089570777,USA
info@movetohawaii.com,http://www.hnlrentals.com,Honolulu,Hawaii,"Estate Agent",18089513200,USA
nmola@sofosrealty.com,http://www.sofosrealty.com,Honolulu,Hawaii,"Commercial property estate agent",18085225999,USA
ray@crshawaii.com,http://crshawaii.com,Honolulu,Hawaii,"Estate Agent",18085218812,USA
trevor@forwardrealty.com,http://www.forwardrealty.com,Honolulu,Hawaii,"Estate Agent",18085482366,USA
michelle@hawaiiliving.com,https://www.hawaiiliving.com,Honolulu,Hawaii,"Estate Agent",18089439000,USA
whitney.williams@madisonmarquette.com,http://pmrg.com,Honolulu,Hawaii,"Estate Agent",18085366500,USA
bradley.merritt@cbgundaker.com,https://www.coldwellbankerhomes.com,Honolulu,Hawaii,"Estate Agent",18085960456,USA
layne@irgllp.com,http://irgllp.com,Waipahu,Hawaii,"Estate Agent",18082927704,USA
hbarrett@screaltyhawaii.com,http://screaltyhawaii.com,Honolulu,Hawaii,"Estate Agent",18085916277,USA
applications@happydoorspm.com,http://www.happydoorspropertymanagement.com,Honolulu,Hawaii,"Property management company",18088004152,USA
ashley@trinityproperties.com,http://trinityproperties.com,Honolulu,Hawaii,"Estate Agent",18082477521,USA
mike@standardcommercial.com,http://standardcommercial.com,Honolulu,Hawaii,"Commercial property estate agent",18082088100,USA
oleg@hawaiibeachfronthomes.com,http://www.hawaiibeachfronthomes.com,Honolulu,Hawaii,"Estate Agent",18083989987,USA
info@graham-hawaii.com,https://www.grahampropertieshawaii.com,Honolulu,Hawaii,"Property Rental Agency",18085939394,USA
info@manakaiomalama.com,http://www.caahawaii.com,Honolulu,Hawaii,"Commercial property estate agent",18085643303,USA
info@dwellhawaii.com,http://www.dwellhawaii.com,Honolulu,Hawaii,"Estate Agent",18087770588,USA
russ@prvrealty.com,http://www.prvrealty.com,Honolulu,Hawaii,"Estate Agent",18089833324,USA
tom.presler@cbrealty.com,https://tompreslerhawaiirealtor.com,Honolulu,Hawaii,"Estate Agent",18082224054,USA
info@luxuryhm.com,http://www.luxuryhm.com,Honolulu,Hawaii,"Estate Agent",18087973344,USA
darrellt@iprealtors.com,http://www.islandpacificrealtors.com,Honolulu,Hawaii,"Estate Agent",18085939350,USA
vitousek@vitousek.com,https://vitousek.com,Honolulu,Hawaii,"Estate Agent",18089460505,USA
properties@healthcarerealty.com,http://www.healthcarerealty.com,Honolulu,Hawaii,"Commercial property estate agent",18085858050,USA
mstyring@hawaiirealtyllc.com,http://kohalacoastrealty.com,Honolulu,Hawaii,"Real estate agency",18083812750,USA
derek.lau@reshawaii.com,http://www.reshawaii.com,Honolulu,Hawaii,"Commercial property estate agent",18087913709,USA
steve@equityhawaii.com,http://www.equityhawaii.com,Honolulu,Hawaii,"Estate Agent",18084267875,USA
ralph@hawaiianbeachfront.com,http://hawaiianbeachfront.com,Honolulu,Hawaii,"Estate Agent",18082950704,USA
oahu@hijeffwang.com,http://www.hijeffwang.com,Honolulu,Hawaii,"Estate Agent",18087267000,USA
info@808rei.com,http://808rei.com,Honolulu,Hawaii,"Estate Agent",18083774751,USA
info@irhawaii.com,http://www.irhawaii.com,Honolulu,Hawaii,"Property Consultant",18086878000,USA
info@hanapaafishing.com,http://www.tradewindcap.com,Honolulu,Hawaii,"Investment company",18085648237,USA
acquisitions-dispositions@rmrgroup.com,https://www.rmrgroup.com,Honolulu,Hawaii,"Property management company",18085995800,USA
stacey@focusaz.com,https://www.us.jll.com,Honolulu,Hawaii,"Commercial property estate agent",18082035700,USA
buckley@huntcompanies.com,http://www.huntcompanies.com,Honolulu,Hawaii,"Property Developer",18085857900,USA
leilani@towermgthawaii.com,http://towerdevcon.com,Honolulu,Hawaii,"Investment company",18083333388,USA
cameron@higginsrealtycorp.com,https://www.higginsrealtycorp.com,Honolulu,Hawaii,"Estate Agent",18082582870,USA
kimfuruyama@mhprops.net,http://www.mariehansenproperties.com,Honolulu,Hawaii,"Property management company",18084654547,USA
info@ccimhawaii.org,https://ccimhawaii.org,Honolulu,Hawaii,"Estate Agent",18085282246,USA
tony@alohatony.com,http://www.alohatony.com,Honolulu,Hawaii,"Estate Agent",18082013577,USA
glassr@hawaiihome.cc,https://www.tapoffer.net,Honolulu,Hawaii,"Estate Agent",18083581774,USA
goodneighbor@hicentral.com,http://www.hicentral.com,Honolulu,Hawaii,"Association or organisation",18087323000,USA
leiola@kw.com,https://luxurycollectionhawaii.com,Honolulu,Hawaii,"Estate Agent",18085330440,USA
hello@eighteenproperties.com,http://www.eighteenproperties.com,Honolulu,Hawaii,"Estate Agent",18085958478,USA
larkin@larkinhawaii.com,http://kwhonolulu.com,Honolulu,Hawaii,"Estate Agent",18087990253,USA
jeffreysamuels@agentsemail.com,http://www.3500listingfee.com,Honolulu,Hawaii,"Property Consultant",18082210557,USA
stephanie@finedesigngroup.com,http://www.blacksandcapital.com,Honolulu,Hawaii,"Estate Agent",18087388400,USA
cindy.stocks@century21.com,https://www.century21.com,Honolulu,Hawaii,"Estate Agent",18087911020,USA
info@hawaiiproperty.com,http://www.captaincookrealestate.com,Honolulu,Hawaii,"Estate Agent",18087355588,USA
marco.schlesser@engelvoelkers.com,https://honolulu.evrealestate.com,Honolulu,Hawaii,"Estate Agent",18085500818,USA
tony@paragonrealtors.com,http://www.redfin.com,Honolulu,Hawaii,"Estate Agent",18085183429,USA
brandon@liveililani.com,https://liveililani.com,Honolulu,Hawaii,"Apartment complex",18085911388,USA
info@lnwmanagement.com,http://www.lnwmanagement.com,Honolulu,Hawaii,"Estate Agent",18085457816,USA
dshimogawa@bizjournals.com,http://www.apartmentshi.com,Honolulu,Hawaii,"Property Rental Agency",18086643296,USA
luise@invest808.com,https://www.waikikistay.com,Honolulu,Hawaii,"Estate Agent",18087352221,USA
info@hichoicerealty.com,http://www.hichoicerealty.com,Honolulu,Hawaii,"Estate Agent",18083722482,USA
suzanne@suzannenakano.com,http://www.suzannenakano.com,Honolulu,Hawaii,"Estate Agent",18082255780,USA
contact@trinityinvestments.com,http://www.trinityinvestments.com,Honolulu,Hawaii,"Investment company",18085290909,USA
darrell@xpandrealty.com,https://hawaiivegasrealty.com,Honolulu,Hawaii,"Estate Agent",18083489773,USA
yhuang@prllc.us,http://www.prestigerealtyhawaii.com,Honolulu,Hawaii,"Estate Agent",18089428172,USA
marian@redmontgroup.com,http://redmontgroup.com,Honolulu,Hawaii,"Commercial property estate agent",18084459436,USA
annep@cbpacific.com,http://annehoganperry.com,Honolulu,Hawaii,"Estate Agent",18082866474,USA
elong@mwgroup.com,http://mwgroup.com,Honolulu,Hawaii,"Property management company",18085337468,USA
jerry@taniguchiassociates.com,http://www.taniguchiassociates.com,Honolulu,Hawaii,"Estate Agent",18082853422,USA
ron@roncorp.com,http://www.roncorp.com,Honolulu,Hawaii,"Estate Agent",18089881400,USA
chelsey@barneshawaii.com,http://www.barneshawaii.com,Honolulu,Hawaii,"Estate Agent",18083977928,USA
8083722282@vtext.com,http://www.primepropertieshawaii.com,Honolulu,Hawaii,"Estate Agent",18083722282,USA
david@hawaiihomelistings.com,http://www.harcourtshi.com,Honolulu,Hawaii,"Estate Agent",18083713509,USA
info@shidler.com,http://www.shidler.com,Honolulu,Hawaii,"Investment company",18085313000,USA
info@epihawaii.biz,https://www.equitypropertiesinc.com,Honolulu,Hawaii,"Property management company",18084850855,USA
info@jupitergroup.net,http://jupitergroup.net,Honolulu,Hawaii,"Investment company",12127570907,USA
broker@homesmartislandhomes.com,http://www.homesmartislandhomes.com,Honolulu,Hawaii,"Estate Agent",18087998968,USA
evan.amakata@oceanshawaii.com,https://oceanshawaii.com,Honolulu,Hawaii,"Estate Agent",18087972698,USA
info@avalonhi.com,http://www.avalon-development.com,Honolulu,Hawaii,"Property Developer",18085877770,USA
michelle.lynch@oceansrealtygrp.com,https://oceansrealtygrp.com,Honolulu,Hawaii,"Estate Agent",18088641534,USA
info@zaneproperties.com,http://www.zaneproperties.com,Honolulu,Hawaii,"Property management company",18087840039,USA
kchandler@castlecooke.com,https://www.castlecookehawaii.com,Honolulu,Hawaii,"Estate Agent",18085484811,USA
bryanvukelich@hawaiilife.com,http://enjoylivingonoahu.com,Honolulu,Hawaii,"Estate Agent",18083545772,USA
june@junemaedarealty.com,http://www.junemaedarealty.com,Honolulu,Hawaii,"Estate Agent",18085960007,USA
annep@hawaiianprop.com,http://hawaiianprop.com,Honolulu,Hawaii,"Property management company",18085399777,USA
ira@alohahomes.us,http://www.alohahomes.us,Honolulu,Hawaii,"Estate Agent",18089418711,USA
realestate@tonggpartners.com,http://www.tonggpartners.com,Honolulu,Hawaii,"Real Estate Agent",18086498882,USA
info@dhhre.com,https://www.dhhre.com,Honolulu,Hawaii,"Estate Agent",18089438686,USA
kl@hawaiirealtors.com,http://www.hawaiirealtors.com,Honolulu,Hawaii,"Real Estate Agent",18087337060,USA
cheryln@betterhawaii.com,http://www.betterhawaii.com,Honolulu,Hawaii,"Real Estate",18087383600,USA
howard@richmondrealtyhawaii.com,http://www.richrhi.com,Honolulu,Hawaii,"Estate Agent",18082841004,USA
kaori@hirhawaii.com,https://www.hirhawaii.com,Honolulu,Hawaii,"Real Estate",18086640201,USA
rj@titaniumprops.com,http://www.webuyhawaiianhouses.com,Kaneohe,Hawaii,"Property Investment",18089270333,USA
info@realestate-extreme.com,https://www.realestate-extreme.com,Aiea,Hawaii,"Estate Agent",18084835777,USA
les@lgpropertyinvestmentshi.com,http://www.buyhomescashhawaii.com,Aiea,Hawaii,"Real Estate Service",18087441592,USA
jim.mcguckin@marcusmillichap.com,http://www.marcusmillichap.com,Kailua,Hawaii,"Estate Agent",18082544941,USA
info@hawaiiinvestmentstrategies.com,http://hawaiiinvestmentstrategies.com,Kapolei,Hawaii,"Property Consultant",18083842080,USA
corinneh@jamescampbell.com,http://kapolei.com,Kapolei,Hawaii,"Property Developer",18086743219,USA
jeannie@westbeachrealty.com,http://www.westbeachrealty.com,Waianae,Hawaii,"Estate Agent",18086964774,USA
eric@hirootsrealty.com,http://hirootsrealty.com,Mililani,Hawaii,"Real Estate",18082928071,USA
michellewood@hawaiilife.com,http://www.hawaiirealestateinfo.com,Honolulu,Hawaii,"Real Estate Agents",18082182899,USA
gabrilyn@caronb.com,http://www.agentgabrilyn.com,Honolulu,Hawaii,"Real Estate Agents",18082208527,USA
cathy@hawaiilife.com,http://www.cathysellshawaii.com,Honolulu,Hawaii,"Real Estate Agents",18087285696,USA
david@brgsoldhomes.com,http://www.brgsoldhomes.com,Honolulu,Hawaii,"Real Estate Agents",18086383962,USA
snrealty@snrealty.com,http://www.snrealty.com,Honolulu,Hawaii,"Real Estate",18084863738,USA
contactus@hipremierhomes.com,http://www.hipremierhomes.com,Honolulu,Hawaii,"Real Estate Agents",18083438434,USA
info@realtm.co,https://www.realtm.co,Honolulu,Hawaii,"Real Estate Services",18085943345,USA
larry.gonzales@alignedmortgage.com,https://hi.exprealty.com,Honolulu,Hawaii,"Real Estate",18082553188,USA
michael@athomehawaii.com,http://lacksan.com,Honolulu,Hawaii,"Real Estate",18084367459,USA
christina.nishiyama@evusa.com,https://christinanishiyama.evrealestate.com,Honolulu,Hawaii,"Real Estate Agents",18084793915,USA
maria.lessner@coldwellbanker.com,https://www.coldwellbanker.com,Kailua,Hawaii,"Real Estate Agents",18087211600,USA
david@davidkucic.com,http://www.himre.com,"Ewa Beach",Hawaii,"Real Estate",18085426095,USA
parker.higgins@cbrealty.com,https://parkerhawaii.com,Kailua,Hawaii,"Real Estate Agents",18087726020,USA
novita.worley@exprealty.com,https://homesbynovita.com,Honolulu,Hawaii,"Real Estate Agents",18089901201,USA
info@peake-levoy.com,http://www.peake-levoy.com,Kahului,Hawaii,"Commercial property estate agent",18779627567,USA
chrissyswink@mauibiz.com,http://mauibiz.com,Kahului,Hawaii,"Commercial property estate agent",18082442200,USA
mls@homesnap.com,https://www.homesnap.com,Kahului,Hawaii,"Estate Agent",18082509858,USA
lkenton@abhi.com,http://alexanderbaldwin.com,Kahului,Hawaii,"Property Developer",18088775523,USA
edward.ellis@stifel.com,http://www.stifel.com,Kahului,Hawaii,"Investment service",18088712040,USA
maui@mauirealtymaui.com,https://mauirealtymaui.com,Wailuku,Hawaii,"Property Consultant",18082449036,USA
haygood.tim@principal.com,https://www.mauifinancialgroup.com,Kahului,Hawaii,"Investment service",18084467384,USA
reggie@kuluamedia.com,http://www.ihuproperties.com,Wailuku,Hawaii,"Estate Agent",18082800344,USA
darlene@pro808.com,http://www.hawaiirealestate.org,Lahaina,Hawaii,"Estate Agent",18082982030,USA
david@mauirei.com,http://mauirei.com,Kihei,Hawaii,"Property Consultant",18088683200,USA
wscoregon@windermere.com,http://www.teamnicolettisellsmaui.com,Kihei,Hawaii,"Estate Agent",18084957649,USA
claire@mauirealestategroup.net,https://www.mauirealestategroup.net,Makawao,Hawaii,"Property management company",18085738898,USA
robert@mauiproperty.com,https://www.mauiproperty.com,Makawao,Hawaii,"Estate Agent",18082178832,USA
darcie@pro808.com,http://www.hawaiirealestatesearch.com,Kihei,Hawaii,"Property Consultant",18083855034,USA
sid@sidkirkland.com,https://www.findmauirealestate.com,Wailea,Hawaii,"Estate Agent",18084466700,USA
deb@debbiewongrealestate.com,http://www.debbiewongrealestate.com,Kahului,Hawaii,"Real Estate Agents",18087286710,USA
joe@mauipropertyfinder.com,https://www.mauipropertyfinder.com,Kihei,Hawaii,"Real Estate Agents",18083440294,USA
travis@loanofficertravis.com,http://www.livemauistyle.com,Kihei,Hawaii,"Real Estate Agents",18083857892,USA
kimberly@living-maui.com,https://www.living-maui.com,Lahaina,Hawaii,"Real Estate",18083591161,USA
info@wailearealty.com,http://www.luxurywailea.com,Kihei,Hawaii,"Real Estate",18082814107,USA
keoni@kokuarealty.com,http://kokuarealty.com,Wailea,Hawaii,"Real Estate",18088779000,USA
kelly@westmauianimalclinic.com,http://www.easymauirealestate.com,Kihei,Hawaii,"Real Estate Agents",18088740600,USA
kristen@kristengoo.com,http://www.kristengoo.com,Kihei,Hawaii,"Real Estate Agents",18086668173,USA
keith.gillispie@crownepropertiesinc.com,https://www.sellmyhouseonoahu.com,Kaneohe,Hawaii,"Property Consultant",18084270242,USA
dominique@byjulenailsandbeauty.nl,https://b-m.facebook.com,Honolulu,Hawaii,"Property Consultant",18082925533,USA
scott@carvillsir.com,http://www.carvillsir.com,Kailua,Hawaii,"Estate Agent",18082635900,USA
steveh@hawaiirealtyllc.com,http://www.hawaiirealtyinternational.com,Kailua,Hawaii,"Estate Agent",18086576000,USA
zak@c21islandhomes.com,https://islandhomes04.c21.com,Kailua,Hawaii,"Estate Agent",18083540789,USA
info@hawaiireal.com,http://www.hawaiireal.com,Honolulu,Hawaii,"Estate Agent",18082189392,USA
email@invest808.com,http://www.invest808.com,Honolulu,Hawaii,"Estate Agent",18087352221,USA
info@sturdyfoundations.com,http://www.sturdyfoundations.com,Honolulu,Hawaii,"Estate Agent",18084456671,USA
frank@hawaiihome.biz,http://www.hawaiihome.biz,Honolulu,Hawaii,"Estate Agent",18087230900,USA
wendyd@bhhshawaii.com,http://dormnsavehawaii.com,Honolulu,Hawaii,"Estate Agent",18084455354,USA
realtyexecutivesoahu@me.com,http://www.hihomesintl.com,Honolulu,Hawaii,"Estate Agent",18089490020,USA
hello@realhawaii.co,https://realhawaii.co,"Pearl City",Hawaii,"Estate Agent",18087547505,USA
tracy@hawaiiliving.com,https://tracyyamato.com,Honolulu,Hawaii,"Estate Agent",18083722274,USA
maria@rentalsillustrated.com,https://www.rentalsillustrated.com,Honolulu,Hawaii,"Property Rental Agency",18089493686,USA
info@hawaiisands.com,http://www.hawaiisands.com,Honolulu,Hawaii,"Property management company",18086643084,USA
jyu@newstarhtoprealty.com,https://www.listsothebysrealty.com,Honolulu,Hawaii,"Estate Agent",18087352411,USA
berton@pixi.com,http://www.pprofiles.com,Aiea,Hawaii,"Real estate agency",18084879500,USA
tami@twoseaspm.com,http://twoseaspm.com,Kailua,Hawaii,"Property management company",18083722871,USA
marylu@corcoranpacific.com,https://corcoranpacific.com,Honolulu,Hawaii,"Estate Agent",18085892040,USA
natasha@squarefeethawaii.com,http://www.squarefeethawaii.com,Kailua,Hawaii,"Real Estate Agents",18084920590,USA
anna.hanson@monarchrealtyhawaii.com,https://www.monarchrealtyhawaii.com,Kaneohe,Hawaii,"Estate Agent",18082472677,USA
olivia@kohalapacificrealty.com,http://www.kohalapacificrealty.com,Hawi,Hawaii,"Estate Agent",18088895181,USA
jay@jayhawaii.com,http://www.jayhawaii.com,Hawi,Hawaii,"Real estate college",18083312008,USA
joni@metzlerrealty.com,http://metzlerrealty.luxuryrealestate.com,Hawi,Hawaii,"Real Estate Agent",18086406832,USA
doug@hawaiilife.com,http://www.maunakearealty.com,Waimea,Hawaii,"Estate Agent",18088825600,USA
bill@propertybuyershawaii.com,http://www.propertybuyershawaii.com,Waimea,Hawaii,"Estate Agent",18088856061,USA
jeannette@bigisle.com,https://bigisle.com,Waimea,Hawaii,"Estate Agent",18088855557,USA
vacationrentals@kohalacoastpropertiesinc.com,https://kohalacoastpropertiesinc.com,"Waikoloa Village",Hawaii,"Holiday home letting agency",18088866600,USA
jacobangel@betterislandlifestyle.com,http://betterislandlifestyle.com,Waimea,Hawaii,"Estate Agent",18088801290,USA
anela@livealohahawaii.com,https://www.livealohahawaii.com,Waimea,Hawaii,"Estate Agent",18089310006,USA
jim@hawaiiandreamproperties.com,https://www.hawaii-propertymanagement.net,"Waikoloa Village",Hawaii,"Property management company",18088839550,USA
kona@windermere.com,http://chproperties.com,"Waikoloa Village",Hawaii,"Estate Agent",18088833321,USA
info@southkohala.com,https://www.southkohala.com,Waimea,Hawaii,"Holiday home letting agency",18088854944,USA
barry@barrybrownmaui.com,https://mauihiproperty.com,Lahaina,Hawaii,"Estate Agent",18088708888,USA
epicmauivacations@epicmauirealty.net,http://www.epicmauirealty.com,Lahaina,Hawaii,"Estate Agent",18082800442,USA
lee@alohapotts.com,http://www.alohagroupmaui.com,Lahaina,Hawaii,"Estate Agent",18083445008,USA
ws@lovelymauihomes.com,http://www.lovelymauihomes.com,Lahaina,Hawaii,"Property Consultant",18088709813,USA
greg@isleluxury.com,http://www.isleluxury.com,Lahaina,Hawaii,"Estate Agent",18082140302,USA
leah-whalers@kw.com,https://www.kaanapaliluxuryliving.com,Lahaina,Hawaii,"Estate Agent",18083858059,USA
info@mpphawaii.com,https://www.mppvacations.com,Lahaina,Hawaii,"Estate Agent",18086611535,USA
info@sakamotoproperties.com,https://www.sakamotoproperties.com,Lahaina,Hawaii,"Estate Agent",18086690070,USA
upcountry@islandsothebysrealty.com,http://www.islandsothebysrealty.com,Lahaina,Hawaii,"Estate Agent",18086651166,USA
info@kapaluavacations.com,https://www.kapaluavacations.com,Lahaina,Hawaii,"Estate Agent",18086699696,USA
ixchel@mauiwestside.com,http://mauiwestside.com,Lahaina,Hawaii,"Estate Agent",18083854445,USA
info@mauikaanapalivacationrentals.com,https://www.mauikaanapalivacationrentals.com,Lahaina,Hawaii,"Holiday home letting agency",18086338331,USA
dave@mauidave.com,https://www.mauidave.com,Lahaina,Hawaii,"Property management company",18086697621,USA
cb@luxuryrealestatemaui.com,http://www.luxuryrealestatemaui.com,Lahaina,Hawaii,"Estate Agent",18082500210,USA
vacations@mauiresorts.com,http://www.mauiresorts.com,Lahaina,Hawaii,"Holiday home letting agency",18086690423,USA
corporatecustomercare@drhorton.com,https://www.drhorton.com,Lahaina,Hawaii,"Home builder",18086615202,USA
lisa@kahomavillage.com,http://www.kahomavillage.com,Lahaina,Hawaii,"Apartment complex",18088707448,USA
social.media@drhorton.com,http://drhortonhawaii.com,Lahaina,Hawaii,"Housing Development",18086615202,USA
lisa@realestatemauihawaii.com,https://www.realestatemauihawaii.com,Kihei,Hawaii,"Estate Agent",18082833785,USA
service@hire-execs.com,http://www.renthawaiirentals.com,Kihei,Hawaii,"Property Rental Agency",18088923382,USA
jc@jcmauirealestate.com,https://www.mauirealestate.net,Kihei,Hawaii,"Estate Agent",18082801650,USA
jeannie@jeanniekong.com,http://livingonmaui.com,Kihei,Hawaii,"Property Consultant",18082761832,USA
steve@classicmauiproperties.com,http://classicmauiproperties.com,Makawao,Hawaii,"Estate Agent",18088781001,USA
michael.johnson@vylla.com,https://www.vylla.com,Kihei,Hawaii,"Estate Agent",18882789552,USA
dano@danosayles.com,http://www.emauirealestate.com,Kihei,Hawaii,"Estate Agent",18088704899,USA
realestate@ohanainparadise.com,https://www.ohanainparadise.com,Wailuku,Hawaii,"Estate Agent",18083572424,USA
kiheiakahi211@mauivacationrentalcondo.com,https://www.mauivacationrentalcondo.com,Kihei,Hawaii,"Holiday home letting agency",14252025606,USA
info@speichergroup.com,https://peggylyn.com,Lahaina,Hawaii,"Estate Agent",18084953525,USA
josefina@equityonemaui.com,http://equityonemaui.com,Lahaina,Hawaii,"Estate Agent",18086679584,USA
pluta@maui.net,http://www.mauidestination.com,Lahaina,Hawaii,"Property management company",18086617990,USA
808-215-1191jennifer.thomas@rate.com,http://sg.mauishowcaseproperties.com,Lahaina,Hawaii,"Real Estate Agent",18086620660,USA
siu@pieceofmauirealestate.com,http://pieceofmauirealestate.com,Lahaina,Hawaii,"Real Estate Services",18082689822,USA
robyn@mauilifeproperties.com,https://www.mauiluxurypartners.com,Lahaina,Hawaii,"Real Estate Agents",18087578053,USA
skylar@hipacificpm.com,http://hipacificpm.com,Aiea,Hawaii,"Property Management",18084459223,USA
sales@mauilandbroker.com,http://www.mauiproperty4you.com,Wailuku,Hawaii,"Estate Agent",18084423063,USA
info@delmore.net,http://www.delmore.net,Wailuku,Hawaii,"Estate Agent",18082421467,USA
kwee@realty-1st.com,http://realty-1st.com,Wailuku,Hawaii,"Property Consultant",18082492424,USA
rae@homemanagersmaui.com,https://www.homemanagersmaui.com,Wailuku,Hawaii,"Estate Agent",18089868118,USA
mauivacations@pmimaui.com,https://pmimaui.com,Kihei,Hawaii,"Property Management",18082698960,USA
info@exprealty.com,http://www.maui.exprealty.com,Wailuku,Hawaii,"Estate Agent",18082442202,USA
info@lavarockrealty.com,http://www.lavarockrealty.com,Waimea,Hawaii,"Estate Agent",18088872500,USA
aploss@venturesir.com,http://venturesir.com,Waimea,Hawaii,"Estate Agent",18088858885,USA
ncook-lauer@westhawaiitoday.com,http://www.disneyassociates.com,Waimea,Hawaii,"Estate Agent",18083452591,USA
noe@livealohahawaii.com,http://www.livealohanoe.com,Waimea,Hawaii,"Estate Agent",18089904994,USA
suzanne@paradiseinhawaii.com,https://www.paradiseinhawaii.com,Waimea,Hawaii,"Estate Agent",18082701900,USA
seaside@aloha.net,http://hawaiioceanfront.com,Waimea,Hawaii,"Estate Agent",18088858856,USA
ken.anderson@windermere.com,http://kenandersonhawaii.com,Kailua-Kona,Hawaii,"Estate Agent",18083290021,USA
gretchen@hawaiianisle.net,http://hawaiirealestatedreams.com,Kailua-Kona,Hawaii,"Estate Agent",18089871012,USA
darin@ownhawaiinow.com,http://www.ownhawaiinow.com,Kailua-Kona,Hawaii,"Estate Agent",18089371555,USA
